algorithm,data_type,array_size,run_id,time_us,char_comparisons
standard_quicksort,random,100,1,23,14990
standard_quicksort,random,100,2,18,14990
standard_quicksort,random,100,3,16,14990
standard_quicksort,random,100,4,16,14990
standard_quicksort,random,100,5,29,14990
standard_quicksort,random,100,6,18,14990
standard_quicksort,random,100,7,16,14990
standard_quicksort,random,100,8,18,14990
standard_quicksort,random,100,9,17,14990
standard_quicksort,random,100,10,17,14990
standard_mergesort,random,100,1,37,597
standard_mergesort,random,100,2,30,597
standard_mergesort,random,100,3,24,597
standard_mergesort,random,100,4,23,597
standard_mergesort,random,100,5,22,597
standard_mergesort,random,100,6,22,597
standard_mergesort,random,100,7,22,597
standard_mergesort,random,100,8,21,597
standard_mergesort,random,100,9,22,597
standard_mergesort,random,100,10,21,597
ternary_string_quicksort,random,100,1,9,1061
ternary_string_quicksort,random,100,2,5,1061
ternary_string_quicksort,random,100,3,4,1061
ternary_string_quicksort,random,100,4,4,1061
ternary_string_quicksort,random,100,5,3,1061
ternary_string_quicksort,random,100,6,4,1061
ternary_string_quicksort,random,100,7,3,1061
ternary_string_quicksort,random,100,8,4,1061
ternary_string_quicksort,random,100,9,4,1061
ternary_string_quicksort,random,100,10,4,1061
lcp_mergesort,random,100,1,48,519
lcp_mergesort,random,100,2,45,519
lcp_mergesort,random,100,3,41,519
lcp_mergesort,random,100,4,40,519
lcp_mergesort,random,100,5,34,519
lcp_mergesort,random,100,6,39,519
lcp_mergesort,random,100,7,37,519
lcp_mergesort,random,100,8,36,519
lcp_mergesort,random,100,9,35,519
lcp_mergesort,random,100,10,53,519
msd_radix_sort,random,100,1,46,171
msd_radix_sort,random,100,2,42,171
msd_radix_sort,random,100,3,39,171
msd_radix_sort,random,100,4,49,171
msd_radix_sort,random,100,5,37,171
msd_radix_sort,random,100,6,42,171
msd_radix_sort,random,100,7,36,171
msd_radix_sort,random,100,8,36,171
msd_radix_sort,random,100,9,45,171
msd_radix_sort,random,100,10,36,171
msd_radix_sort_with_quicksort,random,100,1,16,251
msd_radix_sort_with_quicksort,random,100,2,14,251
msd_radix_sort_with_quicksort,random,100,3,13,251
msd_radix_sort_with_quicksort,random,100,4,13,251
msd_radix_sort_with_quicksort,random,100,5,11,251
msd_radix_sort_with_quicksort,random,100,6,13,251
msd_radix_sort_with_quicksort,random,100,7,11,251
msd_radix_sort_with_quicksort,random,100,8,13,251
msd_radix_sort_with_quicksort,random,100,9,11,251
msd_radix_sort_with_quicksort,random,100,10,13,251
standard_quicksort,random,200,1,43,27671
standard_quicksort,random,200,2,37,27671
standard_quicksort,random,200,3,32,27671
standard_quicksort,random,200,4,32,27671
standard_quicksort,random,200,5,34,27671
standard_quicksort,random,200,6,40,27671
standard_quicksort,random,200,7,32,27671
standard_quicksort,random,200,8,30,27671
standard_quicksort,random,200,9,30,27671
standard_quicksort,random,200,10,30,27671
standard_mergesort,random,200,1,80,1482
standard_mergesort,random,200,2,73,1482
standard_mergesort,random,200,3,58,1482
standard_mergesort,random,200,4,61,1482
standard_mergesort,random,200,5,54,1482
standard_mergesort,random,200,6,51,1482
standard_mergesort,random,200,7,54,1482
standard_mergesort,random,200,8,48,1482
standard_mergesort,random,200,9,49,1482
standard_mergesort,random,200,10,54,1482
ternary_string_quicksort,random,200,1,17,2559
ternary_string_quicksort,random,200,2,11,2559
ternary_string_quicksort,random,200,3,23,2559
ternary_string_quicksort,random,200,4,8,2559
ternary_string_quicksort,random,200,5,8,2559
ternary_string_quicksort,random,200,6,9,2559
ternary_string_quicksort,random,200,7,9,2559
ternary_string_quicksort,random,200,8,8,2559
ternary_string_quicksort,random,200,9,8,2559
ternary_string_quicksort,random,200,10,9,2559
lcp_mergesort,random,200,1,98,1175
lcp_mergesort,random,200,2,90,1175
lcp_mergesort,random,200,3,83,1175
lcp_mergesort,random,200,4,86,1175
lcp_mergesort,random,200,5,84,1175
lcp_mergesort,random,200,6,77,1175
lcp_mergesort,random,200,7,77,1175
lcp_mergesort,random,200,8,74,1175
lcp_mergesort,random,200,9,93,1175
lcp_mergesort,random,200,10,79,1175
msd_radix_sort,random,200,1,99,398
msd_radix_sort,random,200,2,102,398
msd_radix_sort,random,200,3,92,398
msd_radix_sort,random,200,4,92,398
msd_radix_sort,random,200,5,93,398
msd_radix_sort,random,200,6,87,398
msd_radix_sort,random,200,7,93,398
msd_radix_sort,random,200,8,98,398
msd_radix_sort,random,200,9,91,398
msd_radix_sort,random,200,10,91,398
msd_radix_sort_with_quicksort,random,200,1,32,689
msd_radix_sort_with_quicksort,random,200,2,27,689
msd_radix_sort_with_quicksort,random,200,3,26,689
msd_radix_sort_with_quicksort,random,200,4,26,689
msd_radix_sort_with_quicksort,random,200,5,23,689
msd_radix_sort_with_quicksort,random,200,6,24,689
msd_radix_sort_with_quicksort,random,200,7,24,689
msd_radix_sort_with_quicksort,random,200,8,24,689
msd_radix_sort_with_quicksort,random,200,9,22,689
msd_radix_sort_with_quicksort,random,200,10,23,689
standard_quicksort,random,300,1,77,42404
standard_quicksort,random,300,2,61,42404
standard_quicksort,random,300,3,55,42404
standard_quicksort,random,300,4,54,42404
standard_quicksort,random,300,5,48,42404
standard_quicksort,random,300,6,52,42404
standard_quicksort,random,300,7,53,42404
standard_quicksort,random,300,8,47,42404
standard_quicksort,random,300,9,52,42404
standard_quicksort,random,300,10,51,42404
standard_mergesort,random,300,1,137,2508
standard_mergesort,random,300,2,119,2508
standard_mergesort,random,300,3,98,2508
standard_mergesort,random,300,4,92,2508
standard_mergesort,random,300,5,192,2508
standard_mergesort,random,300,6,191,2508
standard_mergesort,random,300,7,168,2508
standard_mergesort,random,300,8,136,2508
standard_mergesort,random,300,9,89,2508
standard_mergesort,random,300,10,86,2508
ternary_string_quicksort,random,300,1,29,4017
ternary_string_quicksort,random,300,2,20,4017
ternary_string_quicksort,random,300,3,15,4017
ternary_string_quicksort,random,300,4,13,4017
ternary_string_quicksort,random,300,5,13,4017
ternary_string_quicksort,random,300,6,13,4017
ternary_string_quicksort,random,300,7,13,4017
ternary_string_quicksort,random,300,8,13,4017
ternary_string_quicksort,random,300,9,13,4017
ternary_string_quicksort,random,300,10,13,4017
lcp_mergesort,random,300,1,157,1912
lcp_mergesort,random,300,2,153,1912
lcp_mergesort,random,300,3,148,1912
lcp_mergesort,random,300,4,156,1912
lcp_mergesort,random,300,5,143,1912
lcp_mergesort,random,300,6,130,1912
lcp_mergesort,random,300,7,138,1912
lcp_mergesort,random,300,8,130,1912
lcp_mergesort,random,300,9,131,1912
lcp_mergesort,random,300,10,138,1912
msd_radix_sort,random,300,1,143,618
msd_radix_sort,random,300,2,138,618
msd_radix_sort,random,300,3,128,618
msd_radix_sort,random,300,4,128,618
msd_radix_sort,random,300,5,125,618
msd_radix_sort,random,300,6,118,618
msd_radix_sort,random,300,7,135,618
msd_radix_sort,random,300,8,125,618
msd_radix_sort,random,300,9,124,618
msd_radix_sort,random,300,10,124,618
msd_radix_sort_with_quicksort,random,300,1,45,1310
msd_radix_sort_with_quicksort,random,300,2,45,1310
msd_radix_sort_with_quicksort,random,300,3,41,1310
msd_radix_sort_with_quicksort,random,300,4,40,1310
msd_radix_sort_with_quicksort,random,300,5,39,1310
msd_radix_sort_with_quicksort,random,300,6,39,1310
msd_radix_sort_with_quicksort,random,300,7,39,1310
msd_radix_sort_with_quicksort,random,300,8,39,1310
msd_radix_sort_with_quicksort,random,300,9,34,1310
msd_radix_sort_with_quicksort,random,300,10,39,1310
standard_quicksort,random,400,1,97,61545
standard_quicksort,random,400,2,83,61545
standard_quicksort,random,400,3,75,61545
standard_quicksort,random,400,4,71,61545
standard_quicksort,random,400,5,73,61545
standard_quicksort,random,400,6,73,61545
standard_quicksort,random,400,7,73,61545
standard_quicksort,random,400,8,83,61545
standard_quicksort,random,400,9,67,61545
standard_quicksort,random,400,10,71,61545
standard_mergesort,random,400,1,188,3678
standard_mergesort,random,400,2,161,3678
standard_mergesort,random,400,3,146,3678
standard_mergesort,random,400,4,142,3678
standard_mergesort,random,400,5,135,3678
standard_mergesort,random,400,6,130,3678
standard_mergesort,random,400,7,125,3678
standard_mergesort,random,400,8,125,3678
standard_mergesort,random,400,9,123,3678
standard_mergesort,random,400,10,118,3678
ternary_string_quicksort,random,400,1,46,5756
ternary_string_quicksort,random,400,2,29,5756
ternary_string_quicksort,random,400,3,23,5756
ternary_string_quicksort,random,400,4,24,5756
ternary_string_quicksort,random,400,5,26,5756
ternary_string_quicksort,random,400,6,26,5756
ternary_string_quicksort,random,400,7,21,5756
ternary_string_quicksort,random,400,8,23,5756
ternary_string_quicksort,random,400,9,22,5756
ternary_string_quicksort,random,400,10,24,5756
lcp_mergesort,random,400,1,283,2729
lcp_mergesort,random,400,2,562,2729
lcp_mergesort,random,400,3,347,2729
lcp_mergesort,random,400,4,218,2729
lcp_mergesort,random,400,5,197,2729
lcp_mergesort,random,400,6,191,2729
lcp_mergesort,random,400,7,193,2729
lcp_mergesort,random,400,8,210,2729
lcp_mergesort,random,400,9,192,2729
lcp_mergesort,random,400,10,188,2729
msd_radix_sort,random,400,1,168,835
msd_radix_sort,random,400,2,161,835
msd_radix_sort,random,400,3,165,835
msd_radix_sort,random,400,4,157,835
msd_radix_sort,random,400,5,157,835
msd_radix_sort,random,400,6,149,835
msd_radix_sort,random,400,7,146,835
msd_radix_sort,random,400,8,156,835
msd_radix_sort,random,400,9,149,835
msd_radix_sort,random,400,10,151,835
msd_radix_sort_with_quicksort,random,400,1,60,1954
msd_radix_sort_with_quicksort,random,400,2,59,1954
msd_radix_sort_with_quicksort,random,400,3,54,1954
msd_radix_sort_with_quicksort,random,400,4,52,1954
msd_radix_sort_with_quicksort,random,400,5,48,1954
msd_radix_sort_with_quicksort,random,400,6,48,1954
msd_radix_sort_with_quicksort,random,400,7,48,1954
msd_radix_sort_with_quicksort,random,400,8,48,1954
msd_radix_sort_with_quicksort,random,400,9,47,1954
msd_radix_sort_with_quicksort,random,400,10,47,1954
standard_quicksort,random,500,1,118,74296
standard_quicksort,random,500,2,112,74296
standard_quicksort,random,500,3,103,74296
standard_quicksort,random,500,4,129,74296
standard_quicksort,random,500,5,87,74296
standard_quicksort,random,500,6,86,74296
standard_quicksort,random,500,7,94,74296
standard_quicksort,random,500,8,93,74296
standard_quicksort,random,500,9,90,74296
standard_quicksort,random,500,10,84,74296
standard_mergesort,random,500,1,297,4864
standard_mergesort,random,500,2,358,4864
standard_mergesort,random,500,3,294,4864
standard_mergesort,random,500,4,233,4864
standard_mergesort,random,500,5,203,4864
standard_mergesort,random,500,6,191,4864
standard_mergesort,random,500,7,187,4864
standard_mergesort,random,500,8,198,4864
standard_mergesort,random,500,9,173,4864
standard_mergesort,random,500,10,169,4864
ternary_string_quicksort,random,500,1,52,7715
ternary_string_quicksort,random,500,2,37,7715
ternary_string_quicksort,random,500,3,28,7715
ternary_string_quicksort,random,500,4,26,7715
ternary_string_quicksort,random,500,5,26,7715
ternary_string_quicksort,random,500,6,24,7715
ternary_string_quicksort,random,500,7,24,7715
ternary_string_quicksort,random,500,8,24,7715
ternary_string_quicksort,random,500,9,24,7715
ternary_string_quicksort,random,500,10,24,7715
lcp_mergesort,random,500,1,324,3522
lcp_mergesort,random,500,2,270,3522
lcp_mergesort,random,500,3,281,3522
lcp_mergesort,random,500,4,263,3522
lcp_mergesort,random,500,5,261,3522
lcp_mergesort,random,500,6,270,3522
lcp_mergesort,random,500,7,261,3522
lcp_mergesort,random,500,8,265,3522
lcp_mergesort,random,500,9,267,3522
lcp_mergesort,random,500,10,265,3522
msd_radix_sort,random,500,1,194,1048
msd_radix_sort,random,500,2,203,1048
msd_radix_sort,random,500,3,203,1048
msd_radix_sort,random,500,4,185,1048
msd_radix_sort,random,500,5,178,1048
msd_radix_sort,random,500,6,181,1048
msd_radix_sort,random,500,7,180,1048
msd_radix_sort,random,500,8,185,1048
msd_radix_sort,random,500,9,173,1048
msd_radix_sort,random,500,10,176,1048
msd_radix_sort_with_quicksort,random,500,1,73,2696
msd_radix_sort_with_quicksort,random,500,2,71,2696
msd_radix_sort_with_quicksort,random,500,3,64,2696
msd_radix_sort_with_quicksort,random,500,4,59,2696
msd_radix_sort_with_quicksort,random,500,5,62,2696
msd_radix_sort_with_quicksort,random,500,6,61,2696
msd_radix_sort_with_quicksort,random,500,7,59,2696
msd_radix_sort_with_quicksort,random,500,8,58,2696
msd_radix_sort_with_quicksort,random,500,9,53,2696
msd_radix_sort_with_quicksort,random,500,10,56,2696
standard_quicksort,random,600,1,163,87531
standard_quicksort,random,600,2,142,87531
standard_quicksort,random,600,3,113,87531
standard_quicksort,random,600,4,108,87531
standard_quicksort,random,600,5,105,87531
standard_quicksort,random,600,6,103,87531
standard_quicksort,random,600,7,102,87531
standard_quicksort,random,600,8,100,87531
standard_quicksort,random,600,9,102,87531
standard_quicksort,random,600,10,142,87531
standard_mergesort,random,600,1,288,6100
standard_mergesort,random,600,2,271,6100
standard_mergesort,random,600,3,261,6100
standard_mergesort,random,600,4,252,6100
standard_mergesort,random,600,5,250,6100
standard_mergesort,random,600,6,261,6100
standard_mergesort,random,600,7,235,6100
standard_mergesort,random,600,8,226,6100
standard_mergesort,random,600,9,236,6100
standard_mergesort,random,600,10,224,6100
ternary_string_quicksort,random,600,1,58,8201
ternary_string_quicksort,random,600,2,48,8201
ternary_string_quicksort,random,600,3,32,8201
ternary_string_quicksort,random,600,4,36,8201
ternary_string_quicksort,random,600,5,27,8201
ternary_string_quicksort,random,600,6,26,8201
ternary_string_quicksort,random,600,7,24,8201
ternary_string_quicksort,random,600,8,24,8201
ternary_string_quicksort,random,600,9,34,8201
ternary_string_quicksort,random,600,10,26,8201
lcp_mergesort,random,600,1,357,4361
lcp_mergesort,random,600,2,340,4361
lcp_mergesort,random,600,3,350,4361
lcp_mergesort,random,600,4,347,4361
lcp_mergesort,random,600,5,352,4361
lcp_mergesort,random,600,6,337,4361
lcp_mergesort,random,600,7,335,4361
lcp_mergesort,random,600,8,343,4361
lcp_mergesort,random,600,9,331,4361
lcp_mergesort,random,600,10,338,4361
msd_radix_sort,random,600,1,227,1269
msd_radix_sort,random,600,2,222,1269
msd_radix_sort,random,600,3,263,1269
msd_radix_sort,random,600,4,241,1269
msd_radix_sort,random,600,5,214,1269
msd_radix_sort,random,600,6,218,1269
msd_radix_sort,random,600,7,211,1269
msd_radix_sort,random,600,8,217,1269
msd_radix_sort,random,600,9,216,1269
msd_radix_sort,random,600,10,204,1269
msd_radix_sort_with_quicksort,random,600,1,89,3366
msd_radix_sort_with_quicksort,random,600,2,102,3366
msd_radix_sort_with_quicksort,random,600,3,85,3366
msd_radix_sort_with_quicksort,random,600,4,74,3366
msd_radix_sort_with_quicksort,random,600,5,67,3366
msd_radix_sort_with_quicksort,random,600,6,70,3366
msd_radix_sort_with_quicksort,random,600,7,68,3366
msd_radix_sort_with_quicksort,random,600,8,68,3366
msd_radix_sort_with_quicksort,random,600,9,68,3366
msd_radix_sort_with_quicksort,random,600,10,78,3366
standard_quicksort,random,700,1,174,106146
standard_quicksort,random,700,2,161,106146
standard_quicksort,random,700,3,148,106146
standard_quicksort,random,700,4,143,106146
standard_quicksort,random,700,5,150,106146
standard_quicksort,random,700,6,135,106146
standard_quicksort,random,700,7,135,106146
standard_quicksort,random,700,8,134,106146
standard_quicksort,random,700,9,131,106146
standard_quicksort,random,700,10,143,106146
standard_mergesort,random,700,1,345,7443
standard_mergesort,random,700,2,327,7443
standard_mergesort,random,700,3,345,7443
standard_mergesort,random,700,4,313,7443
standard_mergesort,random,700,5,315,7443
standard_mergesort,random,700,6,311,7443
standard_mergesort,random,700,7,299,7443
standard_mergesort,random,700,8,373,7443
standard_mergesort,random,700,9,337,7443
standard_mergesort,random,700,10,328,7443
ternary_string_quicksort,random,700,1,75,10486
ternary_string_quicksort,random,700,2,64,10486
ternary_string_quicksort,random,700,3,47,10486
ternary_string_quicksort,random,700,4,41,10486
ternary_string_quicksort,random,700,5,39,10486
ternary_string_quicksort,random,700,6,37,10486
ternary_string_quicksort,random,700,7,37,10486
ternary_string_quicksort,random,700,8,37,10486
ternary_string_quicksort,random,700,9,37,10486
ternary_string_quicksort,random,700,10,37,10486
lcp_mergesort,random,700,1,907,5235
lcp_mergesort,random,700,2,447,5235
lcp_mergesort,random,700,3,413,5235
lcp_mergesort,random,700,4,423,5235
lcp_mergesort,random,700,5,398,5235
lcp_mergesort,random,700,6,419,5235
lcp_mergesort,random,700,7,401,5235
lcp_mergesort,random,700,8,398,5235
lcp_mergesort,random,700,9,396,5235
lcp_mergesort,random,700,10,421,5235
msd_radix_sort,random,700,1,267,1498
msd_radix_sort,random,700,2,260,1498
msd_radix_sort,random,700,3,268,1498
msd_radix_sort,random,700,4,324,1498
msd_radix_sort,random,700,5,270,1498
msd_radix_sort,random,700,6,279,1498
msd_radix_sort,random,700,7,258,1498
msd_radix_sort,random,700,8,249,1498
msd_radix_sort,random,700,9,268,1498
msd_radix_sort,random,700,10,254,1498
msd_radix_sort_with_quicksort,random,700,1,108,4174
msd_radix_sort_with_quicksort,random,700,2,105,4174
msd_radix_sort_with_quicksort,random,700,3,84,4174
msd_radix_sort_with_quicksort,random,700,4,92,4174
msd_radix_sort_with_quicksort,random,700,5,81,4174
msd_radix_sort_with_quicksort,random,700,6,75,4174
msd_radix_sort_with_quicksort,random,700,7,73,4174
msd_radix_sort_with_quicksort,random,700,8,74,4174
msd_radix_sort_with_quicksort,random,700,9,84,4174
msd_radix_sort_with_quicksort,random,700,10,89,4174
standard_quicksort,random,800,1,216,120731
standard_quicksort,random,800,2,218,120731
standard_quicksort,random,800,3,172,120731
standard_quicksort,random,800,4,155,120731
standard_quicksort,random,800,5,166,120731
standard_quicksort,random,800,6,153,120731
standard_quicksort,random,800,7,155,120731
standard_quicksort,random,800,8,156,120731
standard_quicksort,random,800,9,144,120731
standard_quicksort,random,800,10,161,120731
standard_mergesort,random,800,1,400,8798
standard_mergesort,random,800,2,395,8798
standard_mergesort,random,800,3,365,8798
standard_mergesort,random,800,4,368,8798
standard_mergesort,random,800,5,372,8798
standard_mergesort,random,800,6,397,8798
standard_mergesort,random,800,7,362,8798
standard_mergesort,random,800,8,354,8798
standard_mergesort,random,800,9,384,8798
standard_mergesort,random,800,10,372,8798
ternary_string_quicksort,random,800,1,87,13732
ternary_string_quicksort,random,800,2,65,13732
ternary_string_quicksort,random,800,3,47,13732
ternary_string_quicksort,random,800,4,43,13732
ternary_string_quicksort,random,800,5,47,13732
ternary_string_quicksort,random,800,6,46,13732
ternary_string_quicksort,random,800,7,45,13732
ternary_string_quicksort,random,800,8,39,13732
ternary_string_quicksort,random,800,9,45,13732
ternary_string_quicksort,random,800,10,45,13732
lcp_mergesort,random,800,1,512,6141
lcp_mergesort,random,800,2,487,6141
lcp_mergesort,random,800,3,497,6141
lcp_mergesort,random,800,4,476,6141
lcp_mergesort,random,800,5,478,6141
lcp_mergesort,random,800,6,467,6141
lcp_mergesort,random,800,7,468,6141
lcp_mergesort,random,800,8,483,6141
lcp_mergesort,random,800,9,478,6141
lcp_mergesort,random,800,10,530,6141
msd_radix_sort,random,800,1,297,1711
msd_radix_sort,random,800,2,287,1711
msd_radix_sort,random,800,3,290,1711
msd_radix_sort,random,800,4,284,1711
msd_radix_sort,random,800,5,301,1711
msd_radix_sort,random,800,6,283,1711
msd_radix_sort,random,800,7,271,1711
msd_radix_sort,random,800,8,293,1711
msd_radix_sort,random,800,9,275,1711
msd_radix_sort,random,800,10,275,1711
msd_radix_sort_with_quicksort,random,800,1,124,5163
msd_radix_sort_with_quicksort,random,800,2,121,5163
msd_radix_sort_with_quicksort,random,800,3,109,5163
msd_radix_sort_with_quicksort,random,800,4,93,5163
msd_radix_sort_with_quicksort,random,800,5,93,5163
msd_radix_sort_with_quicksort,random,800,6,99,5163
msd_radix_sort_with_quicksort,random,800,7,108,5163
msd_radix_sort_with_quicksort,random,800,8,106,5163
msd_radix_sort_with_quicksort,random,800,9,103,5163
msd_radix_sort_with_quicksort,random,800,10,99,5163
standard_quicksort,random,900,1,218,135537
standard_quicksort,random,900,2,211,135537
standard_quicksort,random,900,3,185,135537
standard_quicksort,random,900,4,182,135537
standard_quicksort,random,900,5,187,135537
standard_quicksort,random,900,6,194,135537
standard_quicksort,random,900,7,181,135537
standard_quicksort,random,900,8,170,135537
standard_quicksort,random,900,9,173,135537
standard_quicksort,random,900,10,185,135537
standard_mergesort,random,900,1,461,10181
standard_mergesort,random,900,2,459,10181
standard_mergesort,random,900,3,420,10181
standard_mergesort,random,900,4,425,10181
standard_mergesort,random,900,5,411,10181
standard_mergesort,random,900,6,427,10181
standard_mergesort,random,900,7,414,10181
standard_mergesort,random,900,8,429,10181
standard_mergesort,random,900,9,414,10181
standard_mergesort,random,900,10,422,10181
ternary_string_quicksort,random,900,1,90,14769
ternary_string_quicksort,random,900,2,83,14769
ternary_string_quicksort,random,900,3,59,14769
ternary_string_quicksort,random,900,4,49,14769
ternary_string_quicksort,random,900,5,49,14769
ternary_string_quicksort,random,900,6,48,14769
ternary_string_quicksort,random,900,7,43,14769
ternary_string_quicksort,random,900,8,53,14769
ternary_string_quicksort,random,900,9,48,14769
ternary_string_quicksort,random,900,10,47,14769
lcp_mergesort,random,900,1,571,7006
lcp_mergesort,random,900,2,574,7006
lcp_mergesort,random,900,3,558,7006
lcp_mergesort,random,900,4,548,7006
lcp_mergesort,random,900,5,563,7006
lcp_mergesort,random,900,6,556,7006
lcp_mergesort,random,900,7,559,7006
lcp_mergesort,random,900,8,574,7006
lcp_mergesort,random,900,9,560,7006
lcp_mergesort,random,900,10,548,7006
msd_radix_sort,random,900,1,350,1941
msd_radix_sort,random,900,2,326,1941
msd_radix_sort,random,900,3,319,1941
msd_radix_sort,random,900,4,326,1941
msd_radix_sort,random,900,5,315,1941
msd_radix_sort,random,900,6,326,1941
msd_radix_sort,random,900,7,313,1941
msd_radix_sort,random,900,8,314,1941
msd_radix_sort,random,900,9,321,1941
msd_radix_sort,random,900,10,306,1941
msd_radix_sort_with_quicksort,random,900,1,134,5981
msd_radix_sort_with_quicksort,random,900,2,138,5981
msd_radix_sort_with_quicksort,random,900,3,113,5981
msd_radix_sort_with_quicksort,random,900,4,110,5981
msd_radix_sort_with_quicksort,random,900,5,110,5981
msd_radix_sort_with_quicksort,random,900,6,104,5981
msd_radix_sort_with_quicksort,random,900,7,122,5981
msd_radix_sort_with_quicksort,random,900,8,111,5981
msd_radix_sort_with_quicksort,random,900,9,116,5981
msd_radix_sort_with_quicksort,random,900,10,112,5981
standard_quicksort,random,1000,1,311,156665
standard_quicksort,random,1000,2,233,156665
standard_quicksort,random,1000,3,216,156665
standard_quicksort,random,1000,4,216,156665
standard_quicksort,random,1000,5,226,156665
standard_quicksort,random,1000,6,200,156665
standard_quicksort,random,1000,7,208,156665
standard_quicksort,random,1000,8,203,156665
standard_quicksort,random,1000,9,246,156665
standard_quicksort,random,1000,10,233,156665
standard_mergesort,random,1000,1,527,11602
standard_mergesort,random,1000,2,480,11602
standard_mergesort,random,1000,3,509,11602
standard_mergesort,random,1000,4,468,11602
standard_mergesort,random,1000,5,474,11602
standard_mergesort,random,1000,6,485,11602
standard_mergesort,random,1000,7,467,11602
standard_mergesort,random,1000,8,493,11602
standard_mergesort,random,1000,9,479,11602
standard_mergesort,random,1000,10,501,11602
ternary_string_quicksort,random,1000,1,115,16725
ternary_string_quicksort,random,1000,2,92,16725
ternary_string_quicksort,random,1000,3,70,16725
ternary_string_quicksort,random,1000,4,62,16725
ternary_string_quicksort,random,1000,5,60,16725
ternary_string_quicksort,random,1000,6,60,16725
ternary_string_quicksort,random,1000,7,58,16725
ternary_string_quicksort,random,1000,8,56,16725
ternary_string_quicksort,random,1000,9,52,16725
ternary_string_quicksort,random,1000,10,55,16725
lcp_mergesort,random,1000,1,648,7933
lcp_mergesort,random,1000,2,632,7933
lcp_mergesort,random,1000,3,623,7933
lcp_mergesort,random,1000,4,619,7933
lcp_mergesort,random,1000,5,636,7933
lcp_mergesort,random,1000,6,619,7933
lcp_mergesort,random,1000,7,613,7933
lcp_mergesort,random,1000,8,616,7933
lcp_mergesort,random,1000,9,618,7933
lcp_mergesort,random,1000,10,614,7933
msd_radix_sort,random,1000,1,385,2165
msd_radix_sort,random,1000,2,364,2165
msd_radix_sort,random,1000,3,371,2165
msd_radix_sort,random,1000,4,359,2165
msd_radix_sort,random,1000,5,368,2165
msd_radix_sort,random,1000,6,349,2165
msd_radix_sort,random,1000,7,368,2165
msd_radix_sort,random,1000,8,345,2165
msd_radix_sort,random,1000,9,353,2165
msd_radix_sort,random,1000,10,358,2165
msd_radix_sort_with_quicksort,random,1000,1,170,6697
msd_radix_sort_with_quicksort,random,1000,2,148,6697
msd_radix_sort_with_quicksort,random,1000,3,150,6697
msd_radix_sort_with_quicksort,random,1000,4,124,6697
msd_radix_sort_with_quicksort,random,1000,5,124,6697
msd_radix_sort_with_quicksort,random,1000,6,116,6697
msd_radix_sort_with_quicksort,random,1000,7,115,6697
msd_radix_sort_with_quicksort,random,1000,8,122,6697
msd_radix_sort_with_quicksort,random,1000,9,112,6697
msd_radix_sort_with_quicksort,random,1000,10,113,6697
standard_quicksort,random,1100,1,283,174991
standard_quicksort,random,1100,2,260,174991
standard_quicksort,random,1100,3,245,174991
standard_quicksort,random,1100,4,248,174991
standard_quicksort,random,1100,5,254,174991
standard_quicksort,random,1100,6,238,174991
standard_quicksort,random,1100,7,242,174991
standard_quicksort,random,1100,8,252,174991
standard_quicksort,random,1100,9,227,174991
standard_quicksort,random,1100,10,225,174991
standard_mergesort,random,1100,1,569,13005
standard_mergesort,random,1100,2,560,13005
standard_mergesort,random,1100,3,550,13005
standard_mergesort,random,1100,4,555,13005
standard_mergesort,random,1100,5,546,13005
standard_mergesort,random,1100,6,530,13005
standard_mergesort,random,1100,7,546,13005
standard_mergesort,random,1100,8,572,13005
standard_mergesort,random,1100,9,536,13005
standard_mergesort,random,1100,10,536,13005
ternary_string_quicksort,random,1100,1,116,19502
ternary_string_quicksort,random,1100,2,98,19502
ternary_string_quicksort,random,1100,3,83,19502
ternary_string_quicksort,random,1100,4,70,19502
ternary_string_quicksort,random,1100,5,77,19502
ternary_string_quicksort,random,1100,6,62,19502
ternary_string_quicksort,random,1100,7,61,19502
ternary_string_quicksort,random,1100,8,61,19502
ternary_string_quicksort,random,1100,9,56,19502
ternary_string_quicksort,random,1100,10,60,19502
lcp_mergesort,random,1100,1,751,8806
lcp_mergesort,random,1100,2,718,8806
lcp_mergesort,random,1100,3,732,8806
lcp_mergesort,random,1100,4,718,8806
lcp_mergesort,random,1100,5,711,8806
lcp_mergesort,random,1100,6,711,8806
lcp_mergesort,random,1100,7,709,8806
lcp_mergesort,random,1100,8,709,8806
lcp_mergesort,random,1100,9,725,8806
lcp_mergesort,random,1100,10,708,8806
msd_radix_sort,random,1100,1,402,2396
msd_radix_sort,random,1100,2,403,2396
msd_radix_sort,random,1100,3,402,2396
msd_radix_sort,random,1100,4,391,2396
msd_radix_sort,random,1100,5,394,2396
msd_radix_sort,random,1100,6,391,2396
msd_radix_sort,random,1100,7,394,2396
msd_radix_sort,random,1100,8,392,2396
msd_radix_sort,random,1100,9,387,2396
msd_radix_sort,random,1100,10,396,2396
msd_radix_sort_with_quicksort,random,1100,1,189,7594
msd_radix_sort_with_quicksort,random,1100,2,149,7594
msd_radix_sort_with_quicksort,random,1100,3,142,7594
msd_radix_sort_with_quicksort,random,1100,4,149,7594
msd_radix_sort_with_quicksort,random,1100,5,148,7594
msd_radix_sort_with_quicksort,random,1100,6,136,7594
msd_radix_sort_with_quicksort,random,1100,7,135,7594
msd_radix_sort_with_quicksort,random,1100,8,147,7594
msd_radix_sort_with_quicksort,random,1100,9,151,7594
msd_radix_sort_with_quicksort,random,1100,10,129,7594
standard_quicksort,random,1200,1,309,188227
standard_quicksort,random,1200,2,307,188227
standard_quicksort,random,1200,3,280,188227
standard_quicksort,random,1200,4,268,188227
standard_quicksort,random,1200,5,277,188227
standard_quicksort,random,1200,6,256,188227
standard_quicksort,random,1200,7,254,188227
standard_quicksort,random,1200,8,287,188227
standard_quicksort,random,1200,9,262,188227
standard_quicksort,random,1200,10,252,188227
standard_mergesort,random,1200,1,626,14547
standard_mergesort,random,1200,2,626,14547
standard_mergesort,random,1200,3,618,14547
standard_mergesort,random,1200,4,656,14547
standard_mergesort,random,1200,5,629,14547
standard_mergesort,random,1200,6,607,14547
standard_mergesort,random,1200,7,593,14547
standard_mergesort,random,1200,8,600,14547
standard_mergesort,random,1200,9,639,14547
standard_mergesort,random,1200,10,601,14547
ternary_string_quicksort,random,1200,1,142,21329
ternary_string_quicksort,random,1200,2,113,21329
ternary_string_quicksort,random,1200,3,90,21329
ternary_string_quicksort,random,1200,4,80,21329
ternary_string_quicksort,random,1200,5,73,21329
ternary_string_quicksort,random,1200,6,70,21329
ternary_string_quicksort,random,1200,7,73,21329
ternary_string_quicksort,random,1200,8,72,21329
ternary_string_quicksort,random,1200,9,71,21329
ternary_string_quicksort,random,1200,10,66,21329
lcp_mergesort,random,1200,1,814,9807
lcp_mergesort,random,1200,2,807,9807
lcp_mergesort,random,1200,3,788,9807
lcp_mergesort,random,1200,4,818,9807
lcp_mergesort,random,1200,5,797,9807
lcp_mergesort,random,1200,6,797,9807
lcp_mergesort,random,1200,7,801,9807
lcp_mergesort,random,1200,8,793,9807
lcp_mergesort,random,1200,9,794,9807
lcp_mergesort,random,1200,10,777,9807
msd_radix_sort,random,1200,1,464,2643
msd_radix_sort,random,1200,2,454,2643
msd_radix_sort,random,1200,3,458,2643
msd_radix_sort,random,1200,4,454,2643
msd_radix_sort,random,1200,5,444,2643
msd_radix_sort,random,1200,6,448,2643
msd_radix_sort,random,1200,7,438,2643
msd_radix_sort,random,1200,8,459,2643
msd_radix_sort,random,1200,9,442,2643
msd_radix_sort,random,1200,10,435,2643
msd_radix_sort_with_quicksort,random,1200,1,181,8615
msd_radix_sort_with_quicksort,random,1200,2,186,8615
msd_radix_sort_with_quicksort,random,1200,3,159,8615
msd_radix_sort_with_quicksort,random,1200,4,163,8615
msd_radix_sort_with_quicksort,random,1200,5,154,8615
msd_radix_sort_with_quicksort,random,1200,6,166,8615
msd_radix_sort_with_quicksort,random,1200,7,148,8615
msd_radix_sort_with_quicksort,random,1200,8,151,8615
msd_radix_sort_with_quicksort,random,1200,9,146,8615
msd_radix_sort_with_quicksort,random,1200,10,159,8615
standard_quicksort,random,1300,1,330,200347
standard_quicksort,random,1300,2,319,200347
standard_quicksort,random,1300,3,303,200347
standard_quicksort,random,1300,4,294,200347
standard_quicksort,random,1300,5,303,200347
standard_quicksort,random,1300,6,286,200347
standard_quicksort,random,1300,7,292,200347
standard_quicksort,random,1300,8,282,200347
standard_quicksort,random,1300,9,287,200347
standard_quicksort,random,1300,10,297,200347
standard_mergesort,random,1300,1,681,16032
standard_mergesort,random,1300,2,686,16032
standard_mergesort,random,1300,3,682,16032
standard_mergesort,random,1300,4,687,16032
standard_mergesort,random,1300,5,662,16032
standard_mergesort,random,1300,6,655,16032
standard_mergesort,random,1300,7,668,16032
standard_mergesort,random,1300,8,696,16032
standard_mergesort,random,1300,9,671,16032
standard_mergesort,random,1300,10,656,16032
ternary_string_quicksort,random,1300,1,143,20555
ternary_string_quicksort,random,1300,2,121,20555
ternary_string_quicksort,random,1300,3,100,20555
ternary_string_quicksort,random,1300,4,87,20555
ternary_string_quicksort,random,1300,5,84,20555
ternary_string_quicksort,random,1300,6,71,20555
ternary_string_quicksort,random,1300,7,70,20555
ternary_string_quicksort,random,1300,8,67,20555
ternary_string_quicksort,random,1300,9,66,20555
ternary_string_quicksort,random,1300,10,67,20555
lcp_mergesort,random,1300,1,891,10700
lcp_mergesort,random,1300,2,884,10700
lcp_mergesort,random,1300,3,884,10700
lcp_mergesort,random,1300,4,882,10700
lcp_mergesort,random,1300,5,885,10700
lcp_mergesort,random,1300,6,874,10700
lcp_mergesort,random,1300,7,872,10700
lcp_mergesort,random,1300,8,864,10700
lcp_mergesort,random,1300,9,866,10700
lcp_mergesort,random,1300,10,873,10700
msd_radix_sort,random,1300,1,518,2892
msd_radix_sort,random,1300,2,501,2892
msd_radix_sort,random,1300,3,499,2892
msd_radix_sort,random,1300,4,499,2892
msd_radix_sort,random,1300,5,501,2892
msd_radix_sort,random,1300,6,520,2892
msd_radix_sort,random,1300,7,485,2892
msd_radix_sort,random,1300,8,489,2892
msd_radix_sort,random,1300,9,501,2892
msd_radix_sort,random,1300,10,489,2892
msd_radix_sort_with_quicksort,random,1300,1,218,9634
msd_radix_sort_with_quicksort,random,1300,2,187,9634
msd_radix_sort_with_quicksort,random,1300,3,176,9634
msd_radix_sort_with_quicksort,random,1300,4,178,9634
msd_radix_sort_with_quicksort,random,1300,5,167,9634
msd_radix_sort_with_quicksort,random,1300,6,174,9634
msd_radix_sort_with_quicksort,random,1300,7,167,9634
msd_radix_sort_with_quicksort,random,1300,8,176,9634
msd_radix_sort_with_quicksort,random,1300,9,162,9634
msd_radix_sort_with_quicksort,random,1300,10,154,9634
standard_quicksort,random,1400,1,378,214397
standard_quicksort,random,1400,2,343,214397
standard_quicksort,random,1400,3,325,214397
standard_quicksort,random,1400,4,321,214397
standard_quicksort,random,1400,5,308,214397
standard_quicksort,random,1400,6,315,214397
standard_quicksort,random,1400,7,305,214397
standard_quicksort,random,1400,8,311,214397
standard_quicksort,random,1400,9,300,214397
standard_quicksort,random,1400,10,303,214397
standard_mergesort,random,1400,1,758,17618
standard_mergesort,random,1400,2,761,17618
standard_mergesort,random,1400,3,784,17618
standard_mergesort,random,1400,4,737,17618
standard_mergesort,random,1400,5,728,17618
standard_mergesort,random,1400,6,712,17618
standard_mergesort,random,1400,7,700,17618
standard_mergesort,random,1400,8,749,17618
standard_mergesort,random,1400,9,732,17618
standard_mergesort,random,1400,10,804,17618
ternary_string_quicksort,random,1400,1,159,24084
ternary_string_quicksort,random,1400,2,128,24084
ternary_string_quicksort,random,1400,3,110,24084
ternary_string_quicksort,random,1400,4,102,24084
ternary_string_quicksort,random,1400,5,92,24084
ternary_string_quicksort,random,1400,6,87,24084
ternary_string_quicksort,random,1400,7,84,24084
ternary_string_quicksort,random,1400,8,91,24084
ternary_string_quicksort,random,1400,9,80,24084
ternary_string_quicksort,random,1400,10,71,24084
lcp_mergesort,random,1400,1,973,11694
lcp_mergesort,random,1400,2,950,11694
lcp_mergesort,random,1400,3,943,11694
lcp_mergesort,random,1400,4,941,11694
lcp_mergesort,random,1400,5,941,11694
lcp_mergesort,random,1400,6,953,11694
lcp_mergesort,random,1400,7,929,11694
lcp_mergesort,random,1400,8,931,11694
lcp_mergesort,random,1400,9,940,11694
lcp_mergesort,random,1400,10,952,11694
msd_radix_sort,random,1400,1,546,3140
msd_radix_sort,random,1400,2,556,3140
msd_radix_sort,random,1400,3,556,3140
msd_radix_sort,random,1400,4,527,3140
msd_radix_sort,random,1400,5,536,3140
msd_radix_sort,random,1400,6,542,3140
msd_radix_sort,random,1400,7,533,3140
msd_radix_sort,random,1400,8,550,3140
msd_radix_sort,random,1400,9,543,3140
msd_radix_sort,random,1400,10,536,3140
msd_radix_sort_with_quicksort,random,1400,1,233,10830
msd_radix_sort_with_quicksort,random,1400,2,208,10830
msd_radix_sort_with_quicksort,random,1400,3,198,10830
msd_radix_sort_with_quicksort,random,1400,4,214,10830
msd_radix_sort_with_quicksort,random,1400,5,201,10830
msd_radix_sort_with_quicksort,random,1400,6,198,10830
msd_radix_sort_with_quicksort,random,1400,7,181,10830
msd_radix_sort_with_quicksort,random,1400,8,174,10830
msd_radix_sort_with_quicksort,random,1400,9,176,10830
msd_radix_sort_with_quicksort,random,1400,10,176,10830
standard_quicksort,random,1500,1,375,230252
standard_quicksort,random,1500,2,370,230252
standard_quicksort,random,1500,3,353,230252
standard_quicksort,random,1500,4,356,230252
standard_quicksort,random,1500,5,358,230252
standard_quicksort,random,1500,6,344,230252
standard_quicksort,random,1500,7,357,230252
standard_quicksort,random,1500,8,344,230252
standard_quicksort,random,1500,9,354,230252
standard_quicksort,random,1500,10,335,230252
standard_mergesort,random,1500,1,821,19189
standard_mergesort,random,1500,2,802,19189
standard_mergesort,random,1500,3,800,19189
standard_mergesort,random,1500,4,795,19189
standard_mergesort,random,1500,5,820,19189
standard_mergesort,random,1500,6,791,19189
standard_mergesort,random,1500,7,788,19189
standard_mergesort,random,1500,8,761,19189
standard_mergesort,random,1500,9,839,19189
standard_mergesort,random,1500,10,1232,19189
ternary_string_quicksort,random,1500,1,161,23648
ternary_string_quicksort,random,1500,2,147,23648
ternary_string_quicksort,random,1500,3,136,23648
ternary_string_quicksort,random,1500,4,106,23648
ternary_string_quicksort,random,1500,5,100,23648
ternary_string_quicksort,random,1500,6,92,23648
ternary_string_quicksort,random,1500,7,89,23648
ternary_string_quicksort,random,1500,8,86,23648
ternary_string_quicksort,random,1500,9,75,23648
ternary_string_quicksort,random,1500,10,84,23648
lcp_mergesort,random,1500,1,1048,12691
lcp_mergesort,random,1500,2,1004,12691
lcp_mergesort,random,1500,3,998,12691
lcp_mergesort,random,1500,4,990,12691
lcp_mergesort,random,1500,5,993,12691
lcp_mergesort,random,1500,6,1010,12691
lcp_mergesort,random,1500,7,1000,12691
lcp_mergesort,random,1500,8,1000,12691
lcp_mergesort,random,1500,9,994,12691
lcp_mergesort,random,1500,10,996,12691
msd_radix_sort,random,1500,1,595,3379
msd_radix_sort,random,1500,2,601,3379
msd_radix_sort,random,1500,3,572,3379
msd_radix_sort,random,1500,4,590,3379
msd_radix_sort,random,1500,5,587,3379
msd_radix_sort,random,1500,6,582,3379
msd_radix_sort,random,1500,7,559,3379
msd_radix_sort,random,1500,8,568,3379
msd_radix_sort,random,1500,9,598,3379
msd_radix_sort,random,1500,10,560,3379
msd_radix_sort_with_quicksort,random,1500,1,231,11784
msd_radix_sort_with_quicksort,random,1500,2,216,11784
msd_radix_sort_with_quicksort,random,1500,3,222,11784
msd_radix_sort_with_quicksort,random,1500,4,207,11784
msd_radix_sort_with_quicksort,random,1500,5,208,11784
msd_radix_sort_with_quicksort,random,1500,6,201,11784
msd_radix_sort_with_quicksort,random,1500,7,203,11784
msd_radix_sort_with_quicksort,random,1500,8,197,11784
msd_radix_sort_with_quicksort,random,1500,9,193,11784
msd_radix_sort_with_quicksort,random,1500,10,191,11784
standard_quicksort,random,1600,1,413,247498
standard_quicksort,random,1600,2,409,247498
standard_quicksort,random,1600,3,384,247498
standard_quicksort,random,1600,4,388,247498
standard_quicksort,random,1600,5,372,247498
standard_quicksort,random,1600,6,383,247498
standard_quicksort,random,1600,7,360,247498
standard_quicksort,random,1600,8,365,247498
standard_quicksort,random,1600,9,366,247498
standard_quicksort,random,1600,10,370,247498
standard_mergesort,random,1600,1,914,20743
standard_mergesort,random,1600,2,871,20743
standard_mergesort,random,1600,3,866,20743
standard_mergesort,random,1600,4,863,20743
standard_mergesort,random,1600,5,870,20743
standard_mergesort,random,1600,6,904,20743
standard_mergesort,random,1600,7,879,20743
standard_mergesort,random,1600,8,851,20743
standard_mergesort,random,1600,9,866,20743
standard_mergesort,random,1600,10,863,20743
ternary_string_quicksort,random,1600,1,186,28465
ternary_string_quicksort,random,1600,2,163,28465
ternary_string_quicksort,random,1600,3,143,28465
ternary_string_quicksort,random,1600,4,125,28465
ternary_string_quicksort,random,1600,5,115,28465
ternary_string_quicksort,random,1600,6,98,28465
ternary_string_quicksort,random,1600,7,93,28465
ternary_string_quicksort,random,1600,8,94,28465
ternary_string_quicksort,random,1600,9,92,28465
ternary_string_quicksort,random,1600,10,86,28465
lcp_mergesort,random,1600,1,1106,13641
lcp_mergesort,random,1600,2,1085,13641
lcp_mergesort,random,1600,3,1098,13641
lcp_mergesort,random,1600,4,1080,13641
lcp_mergesort,random,1600,5,1093,13641
lcp_mergesort,random,1600,6,1092,13641
lcp_mergesort,random,1600,7,1112,13641
lcp_mergesort,random,1600,8,1087,13641
lcp_mergesort,random,1600,9,1081,13641
lcp_mergesort,random,1600,10,1126,13641
msd_radix_sort,random,1600,1,641,3636
msd_radix_sort,random,1600,2,639,3636
msd_radix_sort,random,1600,3,633,3636
msd_radix_sort,random,1600,4,630,3636
msd_radix_sort,random,1600,5,612,3636
msd_radix_sort,random,1600,6,645,3636
msd_radix_sort,random,1600,7,662,3636
msd_radix_sort,random,1600,8,648,3636
msd_radix_sort,random,1600,9,624,3636
msd_radix_sort,random,1600,10,611,3636
msd_radix_sort_with_quicksort,random,1600,1,270,12688
msd_radix_sort_with_quicksort,random,1600,2,237,12688
msd_radix_sort_with_quicksort,random,1600,3,231,12688
msd_radix_sort_with_quicksort,random,1600,4,244,12688
msd_radix_sort_with_quicksort,random,1600,5,218,12688
msd_radix_sort_with_quicksort,random,1600,6,208,12688
msd_radix_sort_with_quicksort,random,1600,7,210,12688
msd_radix_sort_with_quicksort,random,1600,8,207,12688
msd_radix_sort_with_quicksort,random,1600,9,213,12688
msd_radix_sort_with_quicksort,random,1600,10,211,12688
standard_quicksort,random,1700,1,435,262116
standard_quicksort,random,1700,2,414,262116
standard_quicksort,random,1700,3,419,262116
standard_quicksort,random,1700,4,402,262116
standard_quicksort,random,1700,5,396,262116
standard_quicksort,random,1700,6,383,262116
standard_quicksort,random,1700,7,397,262116
standard_quicksort,random,1700,8,382,262116
standard_quicksort,random,1700,9,406,262116
standard_quicksort,random,1700,10,385,262116
standard_mergesort,random,1700,1,940,22329
standard_mergesort,random,1700,2,929,22329
standard_mergesort,random,1700,3,916,22329
standard_mergesort,random,1700,4,912,22329
standard_mergesort,random,1700,5,904,22329
standard_mergesort,random,1700,6,904,22329
standard_mergesort,random,1700,7,909,22329
standard_mergesort,random,1700,8,926,22329
standard_mergesort,random,1700,9,907,22329
standard_mergesort,random,1700,10,916,22329
ternary_string_quicksort,random,1700,1,191,29381
ternary_string_quicksort,random,1700,2,163,29381
ternary_string_quicksort,random,1700,3,143,29381
ternary_string_quicksort,random,1700,4,130,29381
ternary_string_quicksort,random,1700,5,128,29381
ternary_string_quicksort,random,1700,6,109,29381
ternary_string_quicksort,random,1700,7,102,29381
ternary_string_quicksort,random,1700,8,104,29381
ternary_string_quicksort,random,1700,9,105,29381
ternary_string_quicksort,random,1700,10,91,29381
lcp_mergesort,random,1700,1,1195,14544
lcp_mergesort,random,1700,2,1184,14544
lcp_mergesort,random,1700,3,1174,14544
lcp_mergesort,random,1700,4,1178,14544
lcp_mergesort,random,1700,5,1177,14544
lcp_mergesort,random,1700,6,1168,14544
lcp_mergesort,random,1700,7,1167,14544
lcp_mergesort,random,1700,8,1167,14544
lcp_mergesort,random,1700,9,1176,14544
lcp_mergesort,random,1700,10,1184,14544
msd_radix_sort,random,1700,1,670,3881
msd_radix_sort,random,1700,2,686,3881
msd_radix_sort,random,1700,3,675,3881
msd_radix_sort,random,1700,4,673,3881
msd_radix_sort,random,1700,5,676,3881
msd_radix_sort,random,1700,6,667,3881
msd_radix_sort,random,1700,7,663,3881
msd_radix_sort,random,1700,8,677,3881
msd_radix_sort,random,1700,9,675,3881
msd_radix_sort,random,1700,10,682,3881
msd_radix_sort_with_quicksort,random,1700,1,267,13829
msd_radix_sort_with_quicksort,random,1700,2,246,13829
msd_radix_sort_with_quicksort,random,1700,3,258,13829
msd_radix_sort_with_quicksort,random,1700,4,239,13829
msd_radix_sort_with_quicksort,random,1700,5,254,13829
msd_radix_sort_with_quicksort,random,1700,6,232,13829
msd_radix_sort_with_quicksort,random,1700,7,238,13829
msd_radix_sort_with_quicksort,random,1700,8,226,13829
msd_radix_sort_with_quicksort,random,1700,9,225,13829
msd_radix_sort_with_quicksort,random,1700,10,230,13829
standard_quicksort,random,1800,1,540,286413
standard_quicksort,random,1800,2,480,286413
standard_quicksort,random,1800,3,442,286413
standard_quicksort,random,1800,4,429,286413
standard_quicksort,random,1800,5,439,286413
standard_quicksort,random,1800,6,433,286413
standard_quicksort,random,1800,7,447,286413
standard_quicksort,random,1800,8,430,286413
standard_quicksort,random,1800,9,445,286413
standard_quicksort,random,1800,10,428,286413
standard_mergesort,random,1800,1,993,23908
standard_mergesort,random,1800,2,981,23908
standard_mergesort,random,1800,3,987,23908
standard_mergesort,random,1800,4,977,23908
standard_mergesort,random,1800,5,1002,23908
standard_mergesort,random,1800,6,962,23908
standard_mergesort,random,1800,7,968,23908
standard_mergesort,random,1800,8,980,23908
standard_mergesort,random,1800,9,972,23908
standard_mergesort,random,1800,10,969,23908
ternary_string_quicksort,random,1800,1,201,30688
ternary_string_quicksort,random,1800,2,180,30688
ternary_string_quicksort,random,1800,3,182,30688
ternary_string_quicksort,random,1800,4,144,30688
ternary_string_quicksort,random,1800,5,138,30688
ternary_string_quicksort,random,1800,6,132,30688
ternary_string_quicksort,random,1800,7,130,30688
ternary_string_quicksort,random,1800,8,116,30688
ternary_string_quicksort,random,1800,9,111,30688
ternary_string_quicksort,random,1800,10,106,30688
lcp_mergesort,random,1800,1,1283,15522
lcp_mergesort,random,1800,2,1248,15522
lcp_mergesort,random,1800,3,1238,15522
lcp_mergesort,random,1800,4,1243,15522
lcp_mergesort,random,1800,5,1245,15522
lcp_mergesort,random,1800,6,1266,15522
lcp_mergesort,random,1800,7,1250,15522
lcp_mergesort,random,1800,8,1258,15522
lcp_mergesort,random,1800,9,1247,15522
lcp_mergesort,random,1800,10,1238,15522
msd_radix_sort,random,1800,1,724,4117
msd_radix_sort,random,1800,2,717,4117
msd_radix_sort,random,1800,3,713,4117
msd_radix_sort,random,1800,4,720,4117
msd_radix_sort,random,1800,5,727,4117
msd_radix_sort,random,1800,6,715,4117
msd_radix_sort,random,1800,7,690,4117
msd_radix_sort,random,1800,8,701,4117
msd_radix_sort,random,1800,9,717,4117
msd_radix_sort,random,1800,10,714,4117
msd_radix_sort_with_quicksort,random,1800,1,279,15056
msd_radix_sort_with_quicksort,random,1800,2,271,15056
msd_radix_sort_with_quicksort,random,1800,3,254,15056
msd_radix_sort_with_quicksort,random,1800,4,308,15056
msd_radix_sort_with_quicksort,random,1800,5,265,15056
msd_radix_sort_with_quicksort,random,1800,6,263,15056
msd_radix_sort_with_quicksort,random,1800,7,245,15056
msd_radix_sort_with_quicksort,random,1800,8,244,15056
msd_radix_sort_with_quicksort,random,1800,9,249,15056
msd_radix_sort_with_quicksort,random,1800,10,255,15056
standard_quicksort,random,1900,1,508,295119
standard_quicksort,random,1900,2,489,295119
standard_quicksort,random,1900,3,464,295119
standard_quicksort,random,1900,4,474,295119
standard_quicksort,random,1900,5,457,295119
standard_quicksort,random,1900,6,460,295119
standard_quicksort,random,1900,7,453,295119
standard_quicksort,random,1900,8,444,295119
standard_quicksort,random,1900,9,461,295119
standard_quicksort,random,1900,10,440,295119
standard_mergesort,random,1900,1,1086,25560
standard_mergesort,random,1900,2,1042,25560
standard_mergesort,random,1900,3,1028,25560
standard_mergesort,random,1900,4,1070,25560
standard_mergesort,random,1900,5,1035,25560
standard_mergesort,random,1900,6,1036,25560
standard_mergesort,random,1900,7,1075,25560
standard_mergesort,random,1900,8,1032,25560
standard_mergesort,random,1900,9,1017,25560
standard_mergesort,random,1900,10,1041,25560
ternary_string_quicksort,random,1900,1,233,33850
ternary_string_quicksort,random,1900,2,197,33850
ternary_string_quicksort,random,1900,3,187,33850
ternary_string_quicksort,random,1900,4,179,33850
ternary_string_quicksort,random,1900,5,156,33850
ternary_string_quicksort,random,1900,6,149,33850
ternary_string_quicksort,random,1900,7,137,33850
ternary_string_quicksort,random,1900,8,136,33850
ternary_string_quicksort,random,1900,9,127,33850
ternary_string_quicksort,random,1900,10,117,33850
lcp_mergesort,random,1900,1,1355,16552
lcp_mergesort,random,1900,2,1347,16552
lcp_mergesort,random,1900,3,1385,16552
lcp_mergesort,random,1900,4,1357,16552
lcp_mergesort,random,1900,5,1357,16552
lcp_mergesort,random,1900,6,1335,16552
lcp_mergesort,random,1900,7,1416,16552
lcp_mergesort,random,1900,8,1361,16552
lcp_mergesort,random,1900,9,1359,16552
lcp_mergesort,random,1900,10,1385,16552
msd_radix_sort,random,1900,1,764,4371
msd_radix_sort,random,1900,2,759,4371
msd_radix_sort,random,1900,3,761,4371
msd_radix_sort,random,1900,4,764,4371
msd_radix_sort,random,1900,5,802,4371
msd_radix_sort,random,1900,6,769,4371
msd_radix_sort,random,1900,7,763,4371
msd_radix_sort,random,1900,8,770,4371
msd_radix_sort,random,1900,9,783,4371
msd_radix_sort,random,1900,10,772,4371
msd_radix_sort_with_quicksort,random,1900,1,297,15911
msd_radix_sort_with_quicksort,random,1900,2,300,15911
msd_radix_sort_with_quicksort,random,1900,3,286,15911
msd_radix_sort_with_quicksort,random,1900,4,264,15911
msd_radix_sort_with_quicksort,random,1900,5,277,15911
msd_radix_sort_with_quicksort,random,1900,6,324,15911
msd_radix_sort_with_quicksort,random,1900,7,268,15911
msd_radix_sort_with_quicksort,random,1900,8,268,15911
msd_radix_sort_with_quicksort,random,1900,9,255,15911
msd_radix_sort_with_quicksort,random,1900,10,262,15911
standard_quicksort,random,2000,1,535,309709
standard_quicksort,random,2000,2,533,309709
standard_quicksort,random,2000,3,498,309709
standard_quicksort,random,2000,4,499,309709
standard_quicksort,random,2000,5,497,309709
standard_quicksort,random,2000,6,482,309709
standard_quicksort,random,2000,7,497,309709
standard_quicksort,random,2000,8,483,309709
standard_quicksort,random,2000,9,483,309709
standard_quicksort,random,2000,10,537,309709
standard_mergesort,random,2000,1,1171,27157
standard_mergesort,random,2000,2,1089,27157
standard_mergesort,random,2000,3,1131,27157
standard_mergesort,random,2000,4,1133,27157
standard_mergesort,random,2000,5,1097,27157
standard_mergesort,random,2000,6,1163,27157
standard_mergesort,random,2000,7,1121,27157
standard_mergesort,random,2000,8,1086,27157
standard_mergesort,random,2000,9,1085,27157
standard_mergesort,random,2000,10,1161,27157
ternary_string_quicksort,random,2000,1,245,37553
ternary_string_quicksort,random,2000,2,224,37553
ternary_string_quicksort,random,2000,3,197,37553
ternary_string_quicksort,random,2000,4,182,37553
ternary_string_quicksort,random,2000,5,181,37553
ternary_string_quicksort,random,2000,6,172,37553
ternary_string_quicksort,random,2000,7,165,37553
ternary_string_quicksort,random,2000,8,148,37553
ternary_string_quicksort,random,2000,9,163,37553
ternary_string_quicksort,random,2000,10,160,37553
lcp_mergesort,random,2000,1,1431,17526
lcp_mergesort,random,2000,2,1412,17526
lcp_mergesort,random,2000,3,1423,17526
lcp_mergesort,random,2000,4,1414,17526
lcp_mergesort,random,2000,5,1418,17526
lcp_mergesort,random,2000,6,1462,17526
lcp_mergesort,random,2000,7,1409,17526
lcp_mergesort,random,2000,8,1414,17526
lcp_mergesort,random,2000,9,1398,17526
lcp_mergesort,random,2000,10,1415,17526
msd_radix_sort,random,2000,1,832,4614
msd_radix_sort,random,2000,2,933,4614
msd_radix_sort,random,2000,3,815,4614
msd_radix_sort,random,2000,4,813,4614
msd_radix_sort,random,2000,5,806,4614
msd_radix_sort,random,2000,6,816,4614
msd_radix_sort,random,2000,7,815,4614
msd_radix_sort,random,2000,8,809,4614
msd_radix_sort,random,2000,9,819,4614
msd_radix_sort,random,2000,10,867,4614
msd_radix_sort_with_quicksort,random,2000,1,333,16812
msd_radix_sort_with_quicksort,random,2000,2,307,16812
msd_radix_sort_with_quicksort,random,2000,3,302,16812
msd_radix_sort_with_quicksort,random,2000,4,326,16812
msd_radix_sort_with_quicksort,random,2000,5,300,16812
msd_radix_sort_with_quicksort,random,2000,6,282,16812
msd_radix_sort_with_quicksort,random,2000,7,270,16812
msd_radix_sort_with_quicksort,random,2000,8,275,16812
msd_radix_sort_with_quicksort,random,2000,9,274,16812
msd_radix_sort_with_quicksort,random,2000,10,268,16812
standard_quicksort,random,2100,1,572,321887
standard_quicksort,random,2100,2,524,321887
standard_quicksort,random,2100,3,512,321887
standard_quicksort,random,2100,4,503,321887
standard_quicksort,random,2100,5,521,321887
standard_quicksort,random,2100,6,495,321887
standard_quicksort,random,2100,7,482,321887
standard_quicksort,random,2100,8,452,321887
standard_quicksort,random,2100,9,478,321887
standard_quicksort,random,2100,10,444,321887
standard_mergesort,random,2100,1,1074,28843
standard_mergesort,random,2100,2,996,28843
standard_mergesort,random,2100,3,983,28843
standard_mergesort,random,2100,4,1042,28843
standard_mergesort,random,2100,5,941,28843
standard_mergesort,random,2100,6,918,28843
standard_mergesort,random,2100,7,897,28843
standard_mergesort,random,2100,8,882,28843
standard_mergesort,random,2100,9,886,28843
standard_mergesort,random,2100,10,867,28843
ternary_string_quicksort,random,2100,1,179,38484
ternary_string_quicksort,random,2100,2,180,38484
ternary_string_quicksort,random,2100,3,151,38484
ternary_string_quicksort,random,2100,4,135,38484
ternary_string_quicksort,random,2100,5,137,38484
ternary_string_quicksort,random,2100,6,122,38484
ternary_string_quicksort,random,2100,7,116,38484
ternary_string_quicksort,random,2100,8,118,38484
ternary_string_quicksort,random,2100,9,118,38484
ternary_string_quicksort,random,2100,10,105,38484
lcp_mergesort,random,2100,1,1165,18549
lcp_mergesort,random,2100,2,1158,18549
lcp_mergesort,random,2100,3,1163,18549
lcp_mergesort,random,2100,4,1182,18549
lcp_mergesort,random,2100,5,1145,18549
lcp_mergesort,random,2100,6,1130,18549
lcp_mergesort,random,2100,7,1254,18549
lcp_mergesort,random,2100,8,1140,18549
lcp_mergesort,random,2100,9,1138,18549
lcp_mergesort,random,2100,10,1151,18549
msd_radix_sort,random,2100,1,670,4865
msd_radix_sort,random,2100,2,641,4865
msd_radix_sort,random,2100,3,639,4865
msd_radix_sort,random,2100,4,616,4865
msd_radix_sort,random,2100,5,700,4865
msd_radix_sort,random,2100,6,643,4865
msd_radix_sort,random,2100,7,629,4865
msd_radix_sort,random,2100,8,637,4865
msd_radix_sort,random,2100,9,642,4865
msd_radix_sort,random,2100,10,635,4865
msd_radix_sort_with_quicksort,random,2100,1,246,17963
msd_radix_sort_with_quicksort,random,2100,2,235,17963
msd_radix_sort_with_quicksort,random,2100,3,241,17963
msd_radix_sort_with_quicksort,random,2100,4,222,17963
msd_radix_sort_with_quicksort,random,2100,5,220,17963
msd_radix_sort_with_quicksort,random,2100,6,226,17963
msd_radix_sort_with_quicksort,random,2100,7,231,17963
msd_radix_sort_with_quicksort,random,2100,8,213,17963
msd_radix_sort_with_quicksort,random,2100,9,211,17963
msd_radix_sort_with_quicksort,random,2100,10,227,17963
standard_quicksort,random,2200,1,434,340124
standard_quicksort,random,2200,2,435,340124
standard_quicksort,random,2200,3,398,340124
standard_quicksort,random,2200,4,395,340124
standard_quicksort,random,2200,5,391,340124
standard_quicksort,random,2200,6,397,340124
standard_quicksort,random,2200,7,396,340124
standard_quicksort,random,2200,8,404,340124
standard_quicksort,random,2200,9,390,340124
standard_quicksort,random,2200,10,409,340124
standard_mergesort,random,2200,1,972,30475
standard_mergesort,random,2200,2,967,30475
standard_mergesort,random,2200,3,922,30475
standard_mergesort,random,2200,4,940,30475
standard_mergesort,random,2200,5,920,30475
standard_mergesort,random,2200,6,918,30475
standard_mergesort,random,2200,7,926,30475
standard_mergesort,random,2200,8,908,30475
standard_mergesort,random,2200,9,902,30475
standard_mergesort,random,2200,10,921,30475
ternary_string_quicksort,random,2200,1,195,40600
ternary_string_quicksort,random,2200,2,173,40600
ternary_string_quicksort,random,2200,3,154,40600
ternary_string_quicksort,random,2200,4,173,40600
ternary_string_quicksort,random,2200,5,144,40600
ternary_string_quicksort,random,2200,6,144,40600
ternary_string_quicksort,random,2200,7,134,40600
ternary_string_quicksort,random,2200,8,137,40600
ternary_string_quicksort,random,2200,9,122,40600
ternary_string_quicksort,random,2200,10,129,40600
lcp_mergesort,random,2200,1,1229,19481
lcp_mergesort,random,2200,2,1212,19481
lcp_mergesort,random,2200,3,1219,19481
lcp_mergesort,random,2200,4,1221,19481
lcp_mergesort,random,2200,5,1224,19481
lcp_mergesort,random,2200,6,1226,19481
lcp_mergesort,random,2200,7,1219,19481
lcp_mergesort,random,2200,8,1205,19481
lcp_mergesort,random,2200,9,1216,19481
lcp_mergesort,random,2200,10,1237,19481
msd_radix_sort,random,2200,1,692,5131
msd_radix_sort,random,2200,2,671,5131
msd_radix_sort,random,2200,3,701,5131
msd_radix_sort,random,2200,4,682,5131
msd_radix_sort,random,2200,5,675,5131
msd_radix_sort,random,2200,6,687,5131
msd_radix_sort,random,2200,7,692,5131
msd_radix_sort,random,2200,8,679,5131
msd_radix_sort,random,2200,9,675,5131
msd_radix_sort,random,2200,10,683,5131
msd_radix_sort_with_quicksort,random,2200,1,254,19230
msd_radix_sort_with_quicksort,random,2200,2,270,19230
msd_radix_sort_with_quicksort,random,2200,3,258,19230
msd_radix_sort_with_quicksort,random,2200,4,232,19230
msd_radix_sort_with_quicksort,random,2200,5,313,19230
msd_radix_sort_with_quicksort,random,2200,6,233,19230
msd_radix_sort_with_quicksort,random,2200,7,250,19230
msd_radix_sort_with_quicksort,random,2200,8,243,19230
msd_radix_sort_with_quicksort,random,2200,9,229,19230
msd_radix_sort_with_quicksort,random,2200,10,233,19230
standard_quicksort,random,2300,1,441,358524
standard_quicksort,random,2300,2,438,358524
standard_quicksort,random,2300,3,441,358524
standard_quicksort,random,2300,4,422,358524
standard_quicksort,random,2300,5,444,358524
standard_quicksort,random,2300,6,422,358524
standard_quicksort,random,2300,7,449,358524
standard_quicksort,random,2300,8,425,358524
standard_quicksort,random,2300,9,435,358524
standard_quicksort,random,2300,10,422,358524
standard_mergesort,random,2300,1,1054,32199
standard_mergesort,random,2300,2,984,32199
standard_mergesort,random,2300,3,966,32199
standard_mergesort,random,2300,4,965,32199
standard_mergesort,random,2300,5,971,32199
standard_mergesort,random,2300,6,968,32199
standard_mergesort,random,2300,7,969,32199
standard_mergesort,random,2300,8,998,32199
standard_mergesort,random,2300,9,977,32199
standard_mergesort,random,2300,10,955,32199
ternary_string_quicksort,random,2300,1,203,41683
ternary_string_quicksort,random,2300,2,184,41683
ternary_string_quicksort,random,2300,3,165,41683
ternary_string_quicksort,random,2300,4,169,41683
ternary_string_quicksort,random,2300,5,161,41683
ternary_string_quicksort,random,2300,6,147,41683
ternary_string_quicksort,random,2300,7,159,41683
ternary_string_quicksort,random,2300,8,141,41683
ternary_string_quicksort,random,2300,9,134,41683
ternary_string_quicksort,random,2300,10,135,41683
lcp_mergesort,random,2300,1,1304,20563
lcp_mergesort,random,2300,2,1278,20563
lcp_mergesort,random,2300,3,1288,20563
lcp_mergesort,random,2300,4,1313,20563
lcp_mergesort,random,2300,5,1314,20563
lcp_mergesort,random,2300,6,1292,20563
lcp_mergesort,random,2300,7,1284,20563
lcp_mergesort,random,2300,8,1310,20563
lcp_mergesort,random,2300,9,1292,20563
lcp_mergesort,random,2300,10,1313,20563
msd_radix_sort,random,2300,1,715,5411
msd_radix_sort,random,2300,2,726,5411
msd_radix_sort,random,2300,3,765,5411
msd_radix_sort,random,2300,4,733,5411
msd_radix_sort,random,2300,5,730,5411
msd_radix_sort,random,2300,6,723,5411
msd_radix_sort,random,2300,7,723,5411
msd_radix_sort,random,2300,8,757,5411
msd_radix_sort,random,2300,9,711,5411
msd_radix_sort,random,2300,10,734,5411
msd_radix_sort_with_quicksort,random,2300,1,265,20373
msd_radix_sort_with_quicksort,random,2300,2,263,20373
msd_radix_sort_with_quicksort,random,2300,3,256,20373
msd_radix_sort_with_quicksort,random,2300,4,250,20373
msd_radix_sort_with_quicksort,random,2300,5,287,20373
msd_radix_sort_with_quicksort,random,2300,6,251,20373
msd_radix_sort_with_quicksort,random,2300,7,242,20373
msd_radix_sort_with_quicksort,random,2300,8,252,20373
msd_radix_sort_with_quicksort,random,2300,9,246,20373
msd_radix_sort_with_quicksort,random,2300,10,246,20373
standard_quicksort,random,2400,1,457,371795
standard_quicksort,random,2400,2,472,371795
standard_quicksort,random,2400,3,444,371795
standard_quicksort,random,2400,4,440,371795
standard_quicksort,random,2400,5,484,371795
standard_quicksort,random,2400,6,447,371795
standard_quicksort,random,2400,7,452,371795
standard_quicksort,random,2400,8,442,371795
standard_quicksort,random,2400,9,461,371795
standard_quicksort,random,2400,10,436,371795
standard_mergesort,random,2400,1,1152,33892
standard_mergesort,random,2400,2,1056,33892
standard_mergesort,random,2400,3,1013,33892
standard_mergesort,random,2400,4,1032,33892
standard_mergesort,random,2400,5,1016,33892
standard_mergesort,random,2400,6,1016,33892
standard_mergesort,random,2400,7,1026,33892
standard_mergesort,random,2400,8,1024,33892
standard_mergesort,random,2400,9,1031,33892
standard_mergesort,random,2400,10,1015,33892
ternary_string_quicksort,random,2400,1,210,44442
ternary_string_quicksort,random,2400,2,206,44442
ternary_string_quicksort,random,2400,3,201,44442
ternary_string_quicksort,random,2400,4,179,44442
ternary_string_quicksort,random,2400,5,176,44442
ternary_string_quicksort,random,2400,6,172,44442
ternary_string_quicksort,random,2400,7,166,44442
ternary_string_quicksort,random,2400,8,151,44442
ternary_string_quicksort,random,2400,9,161,44442
ternary_string_quicksort,random,2400,10,157,44442
lcp_mergesort,random,2400,1,1335,21604
lcp_mergesort,random,2400,2,1330,21604
lcp_mergesort,random,2400,3,1334,21604
lcp_mergesort,random,2400,4,1367,21604
lcp_mergesort,random,2400,5,1355,21604
lcp_mergesort,random,2400,6,1341,21604
lcp_mergesort,random,2400,7,1332,21604
lcp_mergesort,random,2400,8,1348,21604
lcp_mergesort,random,2400,9,1342,21604
lcp_mergesort,random,2400,10,1386,21604
msd_radix_sort,random,2400,1,762,5667
msd_radix_sort,random,2400,2,771,5667
msd_radix_sort,random,2400,3,750,5667
msd_radix_sort,random,2400,4,737,5667
msd_radix_sort,random,2400,5,755,5667
msd_radix_sort,random,2400,6,738,5667
msd_radix_sort,random,2400,7,763,5667
msd_radix_sort,random,2400,8,758,5667
msd_radix_sort,random,2400,9,758,5667
msd_radix_sort,random,2400,10,806,5667
msd_radix_sort_with_quicksort,random,2400,1,271,21624
msd_radix_sort_with_quicksort,random,2400,2,351,21624
msd_radix_sort_with_quicksort,random,2400,3,263,21624
msd_radix_sort_with_quicksort,random,2400,4,284,21624
msd_radix_sort_with_quicksort,random,2400,5,258,21624
msd_radix_sort_with_quicksort,random,2400,6,267,21624
msd_radix_sort_with_quicksort,random,2400,7,257,21624
msd_radix_sort_with_quicksort,random,2400,8,279,21624
msd_radix_sort_with_quicksort,random,2400,9,284,21624
msd_radix_sort_with_quicksort,random,2400,10,261,21624
standard_quicksort,random,2500,1,506,393522
standard_quicksort,random,2500,2,478,393522
standard_quicksort,random,2500,3,464,393522
standard_quicksort,random,2500,4,472,393522
standard_quicksort,random,2500,5,470,393522
standard_quicksort,random,2500,6,477,393522
standard_quicksort,random,2500,7,539,393522
standard_quicksort,random,2500,8,463,393522
standard_quicksort,random,2500,9,480,393522
standard_quicksort,random,2500,10,464,393522
standard_mergesort,random,2500,1,1125,35632
standard_mergesort,random,2500,2,1113,35632
standard_mergesort,random,2500,3,1057,35632
standard_mergesort,random,2500,4,1132,35632
standard_mergesort,random,2500,5,1076,35632
standard_mergesort,random,2500,6,1061,35632
standard_mergesort,random,2500,7,1094,35632
standard_mergesort,random,2500,8,1119,35632
standard_mergesort,random,2500,9,1106,35632
standard_mergesort,random,2500,10,1057,35632
ternary_string_quicksort,random,2500,1,227,51415
ternary_string_quicksort,random,2500,2,208,51415
ternary_string_quicksort,random,2500,3,227,51415
ternary_string_quicksort,random,2500,4,200,51415
ternary_string_quicksort,random,2500,5,184,51415
ternary_string_quicksort,random,2500,6,187,51415
ternary_string_quicksort,random,2500,7,178,51415
ternary_string_quicksort,random,2500,8,170,51415
ternary_string_quicksort,random,2500,9,180,51415
ternary_string_quicksort,random,2500,10,176,51415
lcp_mergesort,random,2500,1,1392,22663
lcp_mergesort,random,2500,2,1387,22663
lcp_mergesort,random,2500,3,1409,22663
lcp_mergesort,random,2500,4,1436,22663
lcp_mergesort,random,2500,5,1411,22663
lcp_mergesort,random,2500,6,1383,22663
lcp_mergesort,random,2500,7,1416,22663
lcp_mergesort,random,2500,8,1402,22663
lcp_mergesort,random,2500,9,1403,22663
lcp_mergesort,random,2500,10,1444,22663
msd_radix_sort,random,2500,1,793,5920
msd_radix_sort,random,2500,2,777,5920
msd_radix_sort,random,2500,3,795,5920
msd_radix_sort,random,2500,4,819,5920
msd_radix_sort,random,2500,5,803,5920
msd_radix_sort,random,2500,6,797,5920
msd_radix_sort,random,2500,7,801,5920
msd_radix_sort,random,2500,8,790,5920
msd_radix_sort,random,2500,9,961,5920
msd_radix_sort,random,2500,10,850,5920
msd_radix_sort_with_quicksort,random,2500,1,314,22824
msd_radix_sort_with_quicksort,random,2500,2,281,22824
msd_radix_sort_with_quicksort,random,2500,3,292,22824
msd_radix_sort_with_quicksort,random,2500,4,279,22824
msd_radix_sort_with_quicksort,random,2500,5,292,22824
msd_radix_sort_with_quicksort,random,2500,6,276,22824
msd_radix_sort_with_quicksort,random,2500,7,269,22824
msd_radix_sort_with_quicksort,random,2500,8,301,22824
msd_radix_sort_with_quicksort,random,2500,9,276,22824
msd_radix_sort_with_quicksort,random,2500,10,295,22824
standard_quicksort,random,2600,1,511,399361
standard_quicksort,random,2600,2,491,399361
standard_quicksort,random,2600,3,506,399361
standard_quicksort,random,2600,4,485,399361
standard_quicksort,random,2600,5,477,399361
standard_quicksort,random,2600,6,929,399361
standard_quicksort,random,2600,7,511,399361
standard_quicksort,random,2600,8,484,399361
standard_quicksort,random,2600,9,485,399361
standard_quicksort,random,2600,10,506,399361
standard_mergesort,random,2600,1,1323,37354
standard_mergesort,random,2600,2,1200,37354
standard_mergesort,random,2600,3,1138,37354
standard_mergesort,random,2600,4,1114,37354
standard_mergesort,random,2600,5,1094,37354
standard_mergesort,random,2600,6,1102,37354
standard_mergesort,random,2600,7,1097,37354
standard_mergesort,random,2600,8,1162,37354
standard_mergesort,random,2600,9,1138,37354
standard_mergesort,random,2600,10,1098,37354
ternary_string_quicksort,random,2600,1,225,48594
ternary_string_quicksort,random,2600,2,223,48594
ternary_string_quicksort,random,2600,3,210,48594
ternary_string_quicksort,random,2600,4,200,48594
ternary_string_quicksort,random,2600,5,188,48594
ternary_string_quicksort,random,2600,6,186,48594
ternary_string_quicksort,random,2600,7,191,48594
ternary_string_quicksort,random,2600,8,176,48594
ternary_string_quicksort,random,2600,9,203,48594
ternary_string_quicksort,random,2600,10,178,48594
lcp_mergesort,random,2600,1,1486,23652
lcp_mergesort,random,2600,2,1447,23652
lcp_mergesort,random,2600,3,1486,23652
lcp_mergesort,random,2600,4,1431,23652
lcp_mergesort,random,2600,5,1460,23652
lcp_mergesort,random,2600,6,1450,23652
lcp_mergesort,random,2600,7,1444,23652
lcp_mergesort,random,2600,8,1516,23652
lcp_mergesort,random,2600,9,1427,23652
lcp_mergesort,random,2600,10,1429,23652
msd_radix_sort,random,2600,1,825,6182
msd_radix_sort,random,2600,2,905,6182
msd_radix_sort,random,2600,3,821,6182
msd_radix_sort,random,2600,4,831,6182
msd_radix_sort,random,2600,5,886,6182
msd_radix_sort,random,2600,6,837,6182
msd_radix_sort,random,2600,7,829,6182
msd_radix_sort,random,2600,8,829,6182
msd_radix_sort,random,2600,9,838,6182
msd_radix_sort,random,2600,10,831,6182
msd_radix_sort_with_quicksort,random,2600,1,295,24150
msd_radix_sort_with_quicksort,random,2600,2,297,24150
msd_radix_sort_with_quicksort,random,2600,3,307,24150
msd_radix_sort_with_quicksort,random,2600,4,300,24150
msd_radix_sort_with_quicksort,random,2600,5,295,24150
msd_radix_sort_with_quicksort,random,2600,6,368,24150
msd_radix_sort_with_quicksort,random,2600,7,292,24150
msd_radix_sort_with_quicksort,random,2600,8,299,24150
msd_radix_sort_with_quicksort,random,2600,9,277,24150
msd_radix_sort_with_quicksort,random,2600,10,301,24150
standard_quicksort,random,2700,1,536,423394
standard_quicksort,random,2700,2,511,423394
standard_quicksort,random,2700,3,527,423394
standard_quicksort,random,2700,4,502,423394
standard_quicksort,random,2700,5,505,423394
standard_quicksort,random,2700,6,515,423394
standard_quicksort,random,2700,7,509,423394
standard_quicksort,random,2700,8,503,423394
standard_quicksort,random,2700,9,556,423394
standard_quicksort,random,2700,10,509,423394
standard_mergesort,random,2700,1,1291,39070
standard_mergesort,random,2700,2,1182,39070
standard_mergesort,random,2700,3,1149,39070
standard_mergesort,random,2700,4,1156,39070
standard_mergesort,random,2700,5,1137,39070
standard_mergesort,random,2700,6,1215,39070
standard_mergesort,random,2700,7,1178,39070
standard_mergesort,random,2700,8,1143,39070
standard_mergesort,random,2700,9,1142,39070
standard_mergesort,random,2700,10,1181,39070
ternary_string_quicksort,random,2700,1,245,52605
ternary_string_quicksort,random,2700,2,227,52605
ternary_string_quicksort,random,2700,3,216,52605
ternary_string_quicksort,random,2700,4,206,52605
ternary_string_quicksort,random,2700,5,219,52605
ternary_string_quicksort,random,2700,6,198,52605
ternary_string_quicksort,random,2700,7,193,52605
ternary_string_quicksort,random,2700,8,200,52605
ternary_string_quicksort,random,2700,9,195,52605
ternary_string_quicksort,random,2700,10,192,52605
lcp_mergesort,random,2700,1,1538,24641
lcp_mergesort,random,2700,2,1535,24641
lcp_mergesort,random,2700,3,1514,24641
lcp_mergesort,random,2700,4,1533,24641
lcp_mergesort,random,2700,5,1564,24641
lcp_mergesort,random,2700,6,1512,24641
lcp_mergesort,random,2700,7,1512,24641
lcp_mergesort,random,2700,8,1523,24641
lcp_mergesort,random,2700,9,1501,24641
lcp_mergesort,random,2700,10,1587,24641
msd_radix_sort,random,2700,1,880,6451
msd_radix_sort,random,2700,2,911,6451
msd_radix_sort,random,2700,3,872,6451
msd_radix_sort,random,2700,4,890,6451
msd_radix_sort,random,2700,5,869,6451
msd_radix_sort,random,2700,6,871,6451
msd_radix_sort,random,2700,7,863,6451
msd_radix_sort,random,2700,8,942,6451
msd_radix_sort,random,2700,9,854,6451
msd_radix_sort,random,2700,10,851,6451
msd_radix_sort_with_quicksort,random,2700,1,313,24743
msd_radix_sort_with_quicksort,random,2700,2,303,24743
msd_radix_sort_with_quicksort,random,2700,3,321,24743
msd_radix_sort_with_quicksort,random,2700,4,302,24743
msd_radix_sort_with_quicksort,random,2700,5,339,24743
msd_radix_sort_with_quicksort,random,2700,6,293,24743
msd_radix_sort_with_quicksort,random,2700,7,300,24743
msd_radix_sort_with_quicksort,random,2700,8,299,24743
msd_radix_sort_with_quicksort,random,2700,9,288,24743
msd_radix_sort_with_quicksort,random,2700,10,294,24743
standard_quicksort,random,2800,1,544,442342
standard_quicksort,random,2800,2,585,442342
standard_quicksort,random,2800,3,544,442342
standard_quicksort,random,2800,4,534,442342
standard_quicksort,random,2800,5,550,442342
standard_quicksort,random,2800,6,537,442342
standard_quicksort,random,2800,7,521,442342
standard_quicksort,random,2800,8,544,442342
standard_quicksort,random,2800,9,535,442342
standard_quicksort,random,2800,10,523,442342
standard_mergesort,random,2800,1,1292,40903
standard_mergesort,random,2800,2,1269,40903
standard_mergesort,random,2800,3,1201,40903
standard_mergesort,random,2800,4,1203,40903
standard_mergesort,random,2800,5,1202,40903
standard_mergesort,random,2800,6,1222,40903
standard_mergesort,random,2800,7,1195,40903
standard_mergesort,random,2800,8,1266,40903
standard_mergesort,random,2800,9,1215,40903
standard_mergesort,random,2800,10,1195,40903
ternary_string_quicksort,random,2800,1,250,51706
ternary_string_quicksort,random,2800,2,233,51706
ternary_string_quicksort,random,2800,3,229,51706
ternary_string_quicksort,random,2800,4,230,51706
ternary_string_quicksort,random,2800,5,214,51706
ternary_string_quicksort,random,2800,6,211,51706
ternary_string_quicksort,random,2800,7,220,51706
ternary_string_quicksort,random,2800,8,197,51706
ternary_string_quicksort,random,2800,9,189,51706
ternary_string_quicksort,random,2800,10,220,51706
lcp_mergesort,random,2800,1,1587,25771
lcp_mergesort,random,2800,2,1618,25771
lcp_mergesort,random,2800,3,1638,25771
lcp_mergesort,random,2800,4,1611,25771
lcp_mergesort,random,2800,5,1612,25771
lcp_mergesort,random,2800,6,1647,25771
lcp_mergesort,random,2800,7,1617,25771
lcp_mergesort,random,2800,8,1595,25771
lcp_mergesort,random,2800,9,1595,25771
lcp_mergesort,random,2800,10,1589,25771
msd_radix_sort,random,2800,1,926,6729
msd_radix_sort,random,2800,2,984,6729
msd_radix_sort,random,2800,3,926,6729
msd_radix_sort,random,2800,4,928,6729
msd_radix_sort,random,2800,5,927,6729
msd_radix_sort,random,2800,6,928,6729
msd_radix_sort,random,2800,7,928,6729
msd_radix_sort,random,2800,8,921,6729
msd_radix_sort,random,2800,9,948,6729
msd_radix_sort,random,2800,10,960,6729
msd_radix_sort_with_quicksort,random,2800,1,338,26602
msd_radix_sort_with_quicksort,random,2800,2,316,26602
msd_radix_sort_with_quicksort,random,2800,3,334,26602
msd_radix_sort_with_quicksort,random,2800,4,375,26602
msd_radix_sort_with_quicksort,random,2800,5,313,26602
msd_radix_sort_with_quicksort,random,2800,6,314,26602
msd_radix_sort_with_quicksort,random,2800,7,313,26602
msd_radix_sort_with_quicksort,random,2800,8,312,26602
msd_radix_sort_with_quicksort,random,2800,9,312,26602
msd_radix_sort_with_quicksort,random,2800,10,306,26602
standard_quicksort,random,2900,1,573,457728
standard_quicksort,random,2900,2,598,457728
standard_quicksort,random,2900,3,568,457728
standard_quicksort,random,2900,4,559,457728
standard_quicksort,random,2900,5,560,457728
standard_quicksort,random,2900,6,566,457728
standard_quicksort,random,2900,7,560,457728
standard_quicksort,random,2900,8,555,457728
standard_quicksort,random,2900,9,571,457728
standard_quicksort,random,2900,10,571,457728
standard_mergesort,random,2900,1,1316,42598
standard_mergesort,random,2900,2,1285,42598
standard_mergesort,random,2900,3,1238,42598
standard_mergesort,random,2900,4,1270,42598
standard_mergesort,random,2900,5,1253,42598
standard_mergesort,random,2900,6,1269,42598
standard_mergesort,random,2900,7,1345,42598
standard_mergesort,random,2900,8,1240,42598
standard_mergesort,random,2900,9,1315,42598
standard_mergesort,random,2900,10,1348,42598
ternary_string_quicksort,random,2900,1,286,56455
ternary_string_quicksort,random,2900,2,245,56455
ternary_string_quicksort,random,2900,3,238,56455
ternary_string_quicksort,random,2900,4,244,56455
ternary_string_quicksort,random,2900,5,235,56455
ternary_string_quicksort,random,2900,6,235,56455
ternary_string_quicksort,random,2900,7,231,56455
ternary_string_quicksort,random,2900,8,223,56455
ternary_string_quicksort,random,2900,9,219,56455
ternary_string_quicksort,random,2900,10,264,56455
lcp_mergesort,random,2900,1,1679,26789
lcp_mergesort,random,2900,2,1663,26789
lcp_mergesort,random,2900,3,1649,26789
lcp_mergesort,random,2900,4,1643,26789
lcp_mergesort,random,2900,5,1694,26789
lcp_mergesort,random,2900,6,1639,26789
lcp_mergesort,random,2900,7,1643,26789
lcp_mergesort,random,2900,8,1653,26789
lcp_mergesort,random,2900,9,1650,26789
lcp_mergesort,random,2900,10,1658,26789
msd_radix_sort,random,2900,1,939,6989
msd_radix_sort,random,2900,2,1012,6989
msd_radix_sort,random,2900,3,954,6989
msd_radix_sort,random,2900,4,986,6989
msd_radix_sort,random,2900,5,953,6989
msd_radix_sort,random,2900,6,960,6989
msd_radix_sort,random,2900,7,1038,6989
msd_radix_sort,random,2900,8,964,6989
msd_radix_sort,random,2900,9,964,6989
msd_radix_sort,random,2900,10,961,6989
msd_radix_sort_with_quicksort,random,2900,1,349,27872
msd_radix_sort_with_quicksort,random,2900,2,338,27872
msd_radix_sort_with_quicksort,random,2900,3,339,27872
msd_radix_sort_with_quicksort,random,2900,4,320,27872
msd_radix_sort_with_quicksort,random,2900,5,388,27872
msd_radix_sort_with_quicksort,random,2900,6,330,27872
msd_radix_sort_with_quicksort,random,2900,7,353,27872
msd_radix_sort_with_quicksort,random,2900,8,318,27872
msd_radix_sort_with_quicksort,random,2900,9,408,27872
msd_radix_sort_with_quicksort,random,2900,10,321,27872
standard_quicksort,random,3000,1,581,470721
standard_quicksort,random,3000,2,586,470721
standard_quicksort,random,3000,3,574,470721
standard_quicksort,random,3000,4,573,470721
standard_quicksort,random,3000,5,565,470721
standard_quicksort,random,3000,6,590,470721
standard_quicksort,random,3000,7,579,470721
standard_quicksort,random,3000,8,567,470721
standard_quicksort,random,3000,9,581,470721
standard_quicksort,random,3000,10,592,470721
standard_mergesort,random,3000,1,1365,44411
standard_mergesort,random,3000,2,1389,44411
standard_mergesort,random,3000,3,1360,44411
standard_mergesort,random,3000,4,1298,44411
standard_mergesort,random,3000,5,1291,44411
standard_mergesort,random,3000,6,1801,44411
standard_mergesort,random,3000,7,1811,44411
standard_mergesort,random,3000,8,1326,44411
standard_mergesort,random,3000,9,1292,44411
standard_mergesort,random,3000,10,1295,44411
ternary_string_quicksort,random,3000,1,284,60683
ternary_string_quicksort,random,3000,2,301,60683
ternary_string_quicksort,random,3000,3,256,60683
ternary_string_quicksort,random,3000,4,256,60683
ternary_string_quicksort,random,3000,5,296,60683
ternary_string_quicksort,random,3000,6,252,60683
ternary_string_quicksort,random,3000,7,270,60683
ternary_string_quicksort,random,3000,8,233,60683
ternary_string_quicksort,random,3000,9,238,60683
ternary_string_quicksort,random,3000,10,233,60683
lcp_mergesort,random,3000,1,1701,27866
lcp_mergesort,random,3000,2,1691,27866
lcp_mergesort,random,3000,3,1707,27866
lcp_mergesort,random,3000,4,1675,27866
lcp_mergesort,random,3000,5,1694,27866
lcp_mergesort,random,3000,6,1696,27866
lcp_mergesort,random,3000,7,1700,27866
lcp_mergesort,random,3000,8,1736,27866
lcp_mergesort,random,3000,9,1748,27866
lcp_mergesort,random,3000,10,1682,27866
msd_radix_sort,random,3000,1,1234,7259
msd_radix_sort,random,3000,2,991,7259
msd_radix_sort,random,3000,3,1026,7259
msd_radix_sort,random,3000,4,990,7259
msd_radix_sort,random,3000,5,1003,7259
msd_radix_sort,random,3000,6,1024,7259
msd_radix_sort,random,3000,7,1004,7259
msd_radix_sort,random,3000,8,1009,7259
msd_radix_sort,random,3000,9,990,7259
msd_radix_sort,random,3000,10,1067,7259
msd_radix_sort_with_quicksort,random,3000,1,356,29533
msd_radix_sort_with_quicksort,random,3000,2,365,29533
msd_radix_sort_with_quicksort,random,3000,3,333,29533
msd_radix_sort_with_quicksort,random,3000,4,411,29533
msd_radix_sort_with_quicksort,random,3000,5,333,29533
msd_radix_sort_with_quicksort,random,3000,6,341,29533
msd_radix_sort_with_quicksort,random,3000,7,332,29533
msd_radix_sort_with_quicksort,random,3000,8,351,29533
msd_radix_sort_with_quicksort,random,3000,9,338,29533
msd_radix_sort_with_quicksort,random,3000,10,343,29533
standard_quicksort,reverse_sorted,100,1,14,14359
standard_quicksort,reverse_sorted,100,2,13,14359
standard_quicksort,reverse_sorted,100,3,10,14359
standard_quicksort,reverse_sorted,100,4,10,14359
standard_quicksort,reverse_sorted,100,5,10,14359
standard_quicksort,reverse_sorted,100,6,10,14359
standard_quicksort,reverse_sorted,100,7,10,14359
standard_quicksort,reverse_sorted,100,8,10,14359
standard_quicksort,reverse_sorted,100,9,11,14359
standard_quicksort,reverse_sorted,100,10,11,14359
standard_mergesort,reverse_sorted,100,1,24,686
standard_mergesort,reverse_sorted,100,2,18,686
standard_mergesort,reverse_sorted,100,3,16,686
standard_mergesort,reverse_sorted,100,4,15,686
standard_mergesort,reverse_sorted,100,5,15,686
standard_mergesort,reverse_sorted,100,6,15,686
standard_mergesort,reverse_sorted,100,7,14,686
standard_mergesort,reverse_sorted,100,8,28,686
standard_mergesort,reverse_sorted,100,9,13,686
standard_mergesort,reverse_sorted,100,10,15,686
ternary_string_quicksort,reverse_sorted,100,1,4,952
ternary_string_quicksort,reverse_sorted,100,2,3,952
ternary_string_quicksort,reverse_sorted,100,3,3,952
ternary_string_quicksort,reverse_sorted,100,4,3,952
ternary_string_quicksort,reverse_sorted,100,5,3,952
ternary_string_quicksort,reverse_sorted,100,6,3,952
ternary_string_quicksort,reverse_sorted,100,7,2,952
ternary_string_quicksort,reverse_sorted,100,8,2,952
ternary_string_quicksort,reverse_sorted,100,9,2,952
ternary_string_quicksort,reverse_sorted,100,10,2,952
lcp_mergesort,reverse_sorted,100,1,32,382
lcp_mergesort,reverse_sorted,100,2,27,382
lcp_mergesort,reverse_sorted,100,3,26,382
lcp_mergesort,reverse_sorted,100,4,26,382
lcp_mergesort,reverse_sorted,100,5,23,382
lcp_mergesort,reverse_sorted,100,6,24,382
lcp_mergesort,reverse_sorted,100,7,22,382
lcp_mergesort,reverse_sorted,100,8,24,382
lcp_mergesort,reverse_sorted,100,9,23,382
lcp_mergesort,reverse_sorted,100,10,23,382
msd_radix_sort,reverse_sorted,100,1,36,241
msd_radix_sort,reverse_sorted,100,2,30,241
msd_radix_sort,reverse_sorted,100,3,28,241
msd_radix_sort,reverse_sorted,100,4,28,241
msd_radix_sort,reverse_sorted,100,5,27,241
msd_radix_sort,reverse_sorted,100,6,27,241
msd_radix_sort,reverse_sorted,100,7,26,241
msd_radix_sort,reverse_sorted,100,8,28,241
msd_radix_sort,reverse_sorted,100,9,29,241
msd_radix_sort,reverse_sorted,100,10,27,241
msd_radix_sort_with_quicksort,reverse_sorted,100,1,9,742
msd_radix_sort_with_quicksort,reverse_sorted,100,2,9,742
msd_radix_sort_with_quicksort,reverse_sorted,100,3,8,742
msd_radix_sort_with_quicksort,reverse_sorted,100,4,7,742
msd_radix_sort_with_quicksort,reverse_sorted,100,5,8,742
msd_radix_sort_with_quicksort,reverse_sorted,100,6,7,742
msd_radix_sort_with_quicksort,reverse_sorted,100,7,8,742
msd_radix_sort_with_quicksort,reverse_sorted,100,8,8,742
msd_radix_sort_with_quicksort,reverse_sorted,100,9,7,742
msd_radix_sort_with_quicksort,reverse_sorted,100,10,7,742
standard_quicksort,reverse_sorted,200,1,23,28548
standard_quicksort,reverse_sorted,200,2,34,28548
standard_quicksort,reverse_sorted,200,3,22,28548
standard_quicksort,reverse_sorted,200,4,21,28548
standard_quicksort,reverse_sorted,200,5,21,28548
standard_quicksort,reverse_sorted,200,6,24,28548
standard_quicksort,reverse_sorted,200,7,20,28548
standard_quicksort,reverse_sorted,200,8,21,28548
standard_quicksort,reverse_sorted,200,9,21,28548
standard_quicksort,reverse_sorted,200,10,20,28548
standard_mergesort,reverse_sorted,200,1,54,1481
standard_mergesort,reverse_sorted,200,2,46,1481
standard_mergesort,reverse_sorted,200,3,41,1481
standard_mergesort,reverse_sorted,200,4,51,1481
standard_mergesort,reverse_sorted,200,5,49,1481
standard_mergesort,reverse_sorted,200,6,40,1481
standard_mergesort,reverse_sorted,200,7,37,1481
standard_mergesort,reverse_sorted,200,8,39,1481
standard_mergesort,reverse_sorted,200,9,36,1481
standard_mergesort,reverse_sorted,200,10,36,1481
ternary_string_quicksort,reverse_sorted,200,1,8,2312
ternary_string_quicksort,reverse_sorted,200,2,4,2312
ternary_string_quicksort,reverse_sorted,200,3,5,2312
ternary_string_quicksort,reverse_sorted,200,4,4,2312
ternary_string_quicksort,reverse_sorted,200,5,5,2312
ternary_string_quicksort,reverse_sorted,200,6,5,2312
ternary_string_quicksort,reverse_sorted,200,7,4,2312
ternary_string_quicksort,reverse_sorted,200,8,4,2312
ternary_string_quicksort,reverse_sorted,200,9,4,2312
ternary_string_quicksort,reverse_sorted,200,10,4,2312
lcp_mergesort,reverse_sorted,200,1,77,765
lcp_mergesort,reverse_sorted,200,2,70,765
lcp_mergesort,reverse_sorted,200,3,60,765
lcp_mergesort,reverse_sorted,200,4,61,765
lcp_mergesort,reverse_sorted,200,5,60,765
lcp_mergesort,reverse_sorted,200,6,60,765
lcp_mergesort,reverse_sorted,200,7,60,765
lcp_mergesort,reverse_sorted,200,8,65,765
lcp_mergesort,reverse_sorted,200,9,54,765
lcp_mergesort,reverse_sorted,200,10,55,765
msd_radix_sort,reverse_sorted,200,1,70,488
msd_radix_sort,reverse_sorted,200,2,65,488
msd_radix_sort,reverse_sorted,200,3,65,488
msd_radix_sort,reverse_sorted,200,4,72,488
msd_radix_sort,reverse_sorted,200,5,59,488
msd_radix_sort,reverse_sorted,200,6,62,488
msd_radix_sort,reverse_sorted,200,7,55,488
msd_radix_sort,reverse_sorted,200,8,55,488
msd_radix_sort,reverse_sorted,200,9,60,488
msd_radix_sort,reverse_sorted,200,10,61,488
msd_radix_sort_with_quicksort,reverse_sorted,200,1,20,1567
msd_radix_sort_with_quicksort,reverse_sorted,200,2,17,1567
msd_radix_sort_with_quicksort,reverse_sorted,200,3,16,1567
msd_radix_sort_with_quicksort,reverse_sorted,200,4,15,1567
msd_radix_sort_with_quicksort,reverse_sorted,200,5,15,1567
msd_radix_sort_with_quicksort,reverse_sorted,200,6,15,1567
msd_radix_sort_with_quicksort,reverse_sorted,200,7,15,1567
msd_radix_sort_with_quicksort,reverse_sorted,200,8,15,1567
msd_radix_sort_with_quicksort,reverse_sorted,200,9,15,1567
msd_radix_sort_with_quicksort,reverse_sorted,200,10,14,1567
standard_quicksort,reverse_sorted,300,1,33,39655
standard_quicksort,reverse_sorted,300,2,36,39655
standard_quicksort,reverse_sorted,300,3,37,39655
standard_quicksort,reverse_sorted,300,4,36,39655
standard_quicksort,reverse_sorted,300,5,37,39655
standard_quicksort,reverse_sorted,300,6,39,39655
standard_quicksort,reverse_sorted,300,7,37,39655
standard_quicksort,reverse_sorted,300,8,37,39655
standard_quicksort,reverse_sorted,300,9,28,39655
standard_quicksort,reverse_sorted,300,10,28,39655
standard_mergesort,reverse_sorted,300,1,90,2325
standard_mergesort,reverse_sorted,300,2,79,2325
standard_mergesort,reverse_sorted,300,3,72,2325
standard_mergesort,reverse_sorted,300,4,71,2325
standard_mergesort,reverse_sorted,300,5,67,2325
standard_mergesort,reverse_sorted,300,6,65,2325
standard_mergesort,reverse_sorted,300,7,64,2325
standard_mergesort,reverse_sorted,300,8,62,2325
standard_mergesort,reverse_sorted,300,9,71,2325
standard_mergesort,reverse_sorted,300,10,59,2325
ternary_string_quicksort,reverse_sorted,300,1,13,3782
ternary_string_quicksort,reverse_sorted,300,2,8,3782
ternary_string_quicksort,reverse_sorted,300,3,8,3782
ternary_string_quicksort,reverse_sorted,300,4,8,3782
ternary_string_quicksort,reverse_sorted,300,5,8,3782
ternary_string_quicksort,reverse_sorted,300,6,8,3782
ternary_string_quicksort,reverse_sorted,300,7,8,3782
ternary_string_quicksort,reverse_sorted,300,8,8,3782
ternary_string_quicksort,reverse_sorted,300,9,8,3782
ternary_string_quicksort,reverse_sorted,300,10,9,3782
lcp_mergesort,reverse_sorted,300,1,112,1175
lcp_mergesort,reverse_sorted,300,2,103,1175
lcp_mergesort,reverse_sorted,300,3,105,1175
lcp_mergesort,reverse_sorted,300,4,104,1175
lcp_mergesort,reverse_sorted,300,5,91,1175
lcp_mergesort,reverse_sorted,300,6,109,1175
lcp_mergesort,reverse_sorted,300,7,99,1175
lcp_mergesort,reverse_sorted,300,8,94,1175
lcp_mergesort,reverse_sorted,300,9,98,1175
lcp_mergesort,reverse_sorted,300,10,89,1175
msd_radix_sort,reverse_sorted,300,1,102,736
msd_radix_sort,reverse_sorted,300,2,98,736
msd_radix_sort,reverse_sorted,300,3,103,736
msd_radix_sort,reverse_sorted,300,4,97,736
msd_radix_sort,reverse_sorted,300,5,102,736
msd_radix_sort,reverse_sorted,300,6,99,736
msd_radix_sort,reverse_sorted,300,7,97,736
msd_radix_sort,reverse_sorted,300,8,87,736
msd_radix_sort,reverse_sorted,300,9,97,736
msd_radix_sort,reverse_sorted,300,10,97,736
msd_radix_sort_with_quicksort,reverse_sorted,300,1,28,2333
msd_radix_sort_with_quicksort,reverse_sorted,300,2,26,2333
msd_radix_sort_with_quicksort,reverse_sorted,300,3,24,2333
msd_radix_sort_with_quicksort,reverse_sorted,300,4,23,2333
msd_radix_sort_with_quicksort,reverse_sorted,300,5,22,2333
msd_radix_sort_with_quicksort,reverse_sorted,300,6,23,2333
msd_radix_sort_with_quicksort,reverse_sorted,300,7,21,2333
msd_radix_sort_with_quicksort,reverse_sorted,300,8,22,2333
msd_radix_sort_with_quicksort,reverse_sorted,300,9,22,2333
msd_radix_sort_with_quicksort,reverse_sorted,300,10,22,2333
standard_quicksort,reverse_sorted,400,1,47,57538
standard_quicksort,reverse_sorted,400,2,48,57538
standard_quicksort,reverse_sorted,400,3,47,57538
standard_quicksort,reverse_sorted,400,4,46,57538
standard_quicksort,reverse_sorted,400,5,42,57538
standard_quicksort,reverse_sorted,400,6,46,57538
standard_quicksort,reverse_sorted,400,7,46,57538
standard_quicksort,reverse_sorted,400,8,41,57538
standard_quicksort,reverse_sorted,400,9,41,57538
standard_quicksort,reverse_sorted,400,10,45,57538
standard_mergesort,reverse_sorted,400,1,117,3145
standard_mergesort,reverse_sorted,400,2,106,3145
standard_mergesort,reverse_sorted,400,3,106,3145
standard_mergesort,reverse_sorted,400,4,92,3145
standard_mergesort,reverse_sorted,400,5,90,3145
standard_mergesort,reverse_sorted,400,6,104,3145
standard_mergesort,reverse_sorted,400,7,87,3145
standard_mergesort,reverse_sorted,400,8,93,3145
standard_mergesort,reverse_sorted,400,9,93,3145
standard_mergesort,reverse_sorted,400,10,84,3145
ternary_string_quicksort,reverse_sorted,400,1,15,4658
ternary_string_quicksort,reverse_sorted,400,2,11,4658
ternary_string_quicksort,reverse_sorted,400,3,9,4658
ternary_string_quicksort,reverse_sorted,400,4,10,4658
ternary_string_quicksort,reverse_sorted,400,5,9,4658
ternary_string_quicksort,reverse_sorted,400,6,9,4658
ternary_string_quicksort,reverse_sorted,400,7,9,4658
ternary_string_quicksort,reverse_sorted,400,8,9,4658
ternary_string_quicksort,reverse_sorted,400,9,9,4658
ternary_string_quicksort,reverse_sorted,400,10,9,4658
lcp_mergesort,reverse_sorted,400,1,153,1542
lcp_mergesort,reverse_sorted,400,2,146,1542
lcp_mergesort,reverse_sorted,400,3,135,1542
lcp_mergesort,reverse_sorted,400,4,132,1542
lcp_mergesort,reverse_sorted,400,5,143,1542
lcp_mergesort,reverse_sorted,400,6,137,1542
lcp_mergesort,reverse_sorted,400,7,136,1542
lcp_mergesort,reverse_sorted,400,8,135,1542
lcp_mergesort,reverse_sorted,400,9,135,1542
lcp_mergesort,reverse_sorted,400,10,134,1542
msd_radix_sort,reverse_sorted,400,1,137,970
msd_radix_sort,reverse_sorted,400,2,149,970
msd_radix_sort,reverse_sorted,400,3,134,970
msd_radix_sort,reverse_sorted,400,4,124,970
msd_radix_sort,reverse_sorted,400,5,123,970
msd_radix_sort,reverse_sorted,400,6,119,970
msd_radix_sort,reverse_sorted,400,7,117,970
msd_radix_sort,reverse_sorted,400,8,134,970
msd_radix_sort,reverse_sorted,400,9,125,970
msd_radix_sort,reverse_sorted,400,10,125,970
msd_radix_sort_with_quicksort,reverse_sorted,400,1,37,3137
msd_radix_sort_with_quicksort,reverse_sorted,400,2,35,3137
msd_radix_sort_with_quicksort,reverse_sorted,400,3,37,3137
msd_radix_sort_with_quicksort,reverse_sorted,400,4,32,3137
msd_radix_sort_with_quicksort,reverse_sorted,400,5,30,3137
msd_radix_sort_with_quicksort,reverse_sorted,400,6,29,3137
msd_radix_sort_with_quicksort,reverse_sorted,400,7,30,3137
msd_radix_sort_with_quicksort,reverse_sorted,400,8,37,3137
msd_radix_sort_with_quicksort,reverse_sorted,400,9,37,3137
msd_radix_sort_with_quicksort,reverse_sorted,400,10,29,3137
standard_quicksort,reverse_sorted,500,1,48,58794
standard_quicksort,reverse_sorted,500,2,47,58794
standard_quicksort,reverse_sorted,500,3,49,58794
standard_quicksort,reverse_sorted,500,4,49,58794
standard_quicksort,reverse_sorted,500,5,43,58794
standard_quicksort,reverse_sorted,500,6,43,58794
standard_quicksort,reverse_sorted,500,7,48,58794
standard_quicksort,reverse_sorted,500,8,47,58794
standard_quicksort,reverse_sorted,500,9,43,58794
standard_quicksort,reverse_sorted,500,10,45,58794
standard_mergesort,reverse_sorted,500,1,162,3869
standard_mergesort,reverse_sorted,500,2,151,3869
standard_mergesort,reverse_sorted,500,3,138,3869
standard_mergesort,reverse_sorted,500,4,131,3869
standard_mergesort,reverse_sorted,500,5,127,3869
standard_mergesort,reverse_sorted,500,6,123,3869
standard_mergesort,reverse_sorted,500,7,121,3869
standard_mergesort,reverse_sorted,500,8,130,3869
standard_mergesort,reverse_sorted,500,9,110,3869
standard_mergesort,reverse_sorted,500,10,113,3869
ternary_string_quicksort,reverse_sorted,500,1,18,6089
ternary_string_quicksort,reverse_sorted,500,2,14,6089
ternary_string_quicksort,reverse_sorted,500,3,13,6089
ternary_string_quicksort,reverse_sorted,500,4,13,6089
ternary_string_quicksort,reverse_sorted,500,5,13,6089
ternary_string_quicksort,reverse_sorted,500,6,13,6089
ternary_string_quicksort,reverse_sorted,500,7,11,6089
ternary_string_quicksort,reverse_sorted,500,8,13,6089
ternary_string_quicksort,reverse_sorted,500,9,11,6089
ternary_string_quicksort,reverse_sorted,500,10,11,6089
lcp_mergesort,reverse_sorted,500,1,187,1895
lcp_mergesort,reverse_sorted,500,2,186,1895
lcp_mergesort,reverse_sorted,500,3,173,1895
lcp_mergesort,reverse_sorted,500,4,172,1895
lcp_mergesort,reverse_sorted,500,5,186,1895
lcp_mergesort,reverse_sorted,500,6,185,1895
lcp_mergesort,reverse_sorted,500,7,167,1895
lcp_mergesort,reverse_sorted,500,8,169,1895
lcp_mergesort,reverse_sorted,500,9,162,1895
lcp_mergesort,reverse_sorted,500,10,162,1895
msd_radix_sort,reverse_sorted,500,1,187,1229
msd_radix_sort,reverse_sorted,500,2,169,1229
msd_radix_sort,reverse_sorted,500,3,174,1229
msd_radix_sort,reverse_sorted,500,4,167,1229
msd_radix_sort,reverse_sorted,500,5,165,1229
msd_radix_sort,reverse_sorted,500,6,172,1229
msd_radix_sort,reverse_sorted,500,7,155,1229
msd_radix_sort,reverse_sorted,500,8,157,1229
msd_radix_sort,reverse_sorted,500,9,157,1229
msd_radix_sort,reverse_sorted,500,10,161,1229
msd_radix_sort_with_quicksort,reverse_sorted,500,1,48,4001
msd_radix_sort_with_quicksort,reverse_sorted,500,2,47,4001
msd_radix_sort_with_quicksort,reverse_sorted,500,3,49,4001
msd_radix_sort_with_quicksort,reverse_sorted,500,4,43,4001
msd_radix_sort_with_quicksort,reverse_sorted,500,5,42,4001
msd_radix_sort_with_quicksort,reverse_sorted,500,6,46,4001
msd_radix_sort_with_quicksort,reverse_sorted,500,7,43,4001
msd_radix_sort_with_quicksort,reverse_sorted,500,8,39,4001
msd_radix_sort_with_quicksort,reverse_sorted,500,9,42,4001
msd_radix_sort_with_quicksort,reverse_sorted,500,10,43,4001
standard_quicksort,reverse_sorted,600,1,62,78650
standard_quicksort,reverse_sorted,600,2,66,78650
standard_quicksort,reverse_sorted,600,3,65,78650
standard_quicksort,reverse_sorted,600,4,59,78650
standard_quicksort,reverse_sorted,600,5,71,78650
standard_quicksort,reverse_sorted,600,6,59,78650
standard_quicksort,reverse_sorted,600,7,58,78650
standard_quicksort,reverse_sorted,600,8,56,78650
standard_quicksort,reverse_sorted,600,9,56,78650
standard_quicksort,reverse_sorted,600,10,56,78650
standard_mergesort,reverse_sorted,600,1,191,4965
standard_mergesort,reverse_sorted,600,2,174,4965
standard_mergesort,reverse_sorted,600,3,170,4965
standard_mergesort,reverse_sorted,600,4,155,4965
standard_mergesort,reverse_sorted,600,5,153,4965
standard_mergesort,reverse_sorted,600,6,165,4965
standard_mergesort,reverse_sorted,600,7,157,4965
standard_mergesort,reverse_sorted,600,8,175,4965
standard_mergesort,reverse_sorted,600,9,150,4965
standard_mergesort,reverse_sorted,600,10,156,4965
ternary_string_quicksort,reverse_sorted,600,1,22,7370
ternary_string_quicksort,reverse_sorted,600,2,17,7370
ternary_string_quicksort,reverse_sorted,600,3,15,7370
ternary_string_quicksort,reverse_sorted,600,4,15,7370
ternary_string_quicksort,reverse_sorted,600,5,15,7370
ternary_string_quicksort,reverse_sorted,600,6,15,7370
ternary_string_quicksort,reverse_sorted,600,7,15,7370
ternary_string_quicksort,reverse_sorted,600,8,15,7370
ternary_string_quicksort,reverse_sorted,600,9,15,7370
ternary_string_quicksort,reverse_sorted,600,10,15,7370
lcp_mergesort,reverse_sorted,600,1,260,2387
lcp_mergesort,reverse_sorted,600,2,226,2387
lcp_mergesort,reverse_sorted,600,3,219,2387
lcp_mergesort,reverse_sorted,600,4,262,2387
lcp_mergesort,reverse_sorted,600,5,218,2387
lcp_mergesort,reverse_sorted,600,6,212,2387
lcp_mergesort,reverse_sorted,600,7,222,2387
lcp_mergesort,reverse_sorted,600,8,220,2387
lcp_mergesort,reverse_sorted,600,9,219,2387
lcp_mergesort,reverse_sorted,600,10,212,2387
msd_radix_sort,reverse_sorted,600,1,212,1471
msd_radix_sort,reverse_sorted,600,2,219,1471
msd_radix_sort,reverse_sorted,600,3,201,1471
msd_radix_sort,reverse_sorted,600,4,189,1471
msd_radix_sort,reverse_sorted,600,5,197,1471
msd_radix_sort,reverse_sorted,600,6,206,1471
msd_radix_sort,reverse_sorted,600,7,192,1471
msd_radix_sort,reverse_sorted,600,8,195,1471
msd_radix_sort,reverse_sorted,600,9,184,1471
msd_radix_sort,reverse_sorted,600,10,194,1471
msd_radix_sort_with_quicksort,reverse_sorted,600,1,62,4783
msd_radix_sort_with_quicksort,reverse_sorted,600,2,56,4783
msd_radix_sort_with_quicksort,reverse_sorted,600,3,47,4783
msd_radix_sort_with_quicksort,reverse_sorted,600,4,48,4783
msd_radix_sort_with_quicksort,reverse_sorted,600,5,52,4783
msd_radix_sort_with_quicksort,reverse_sorted,600,6,52,4783
msd_radix_sort_with_quicksort,reverse_sorted,600,7,52,4783
msd_radix_sort_with_quicksort,reverse_sorted,600,8,51,4783
msd_radix_sort_with_quicksort,reverse_sorted,600,9,53,4783
msd_radix_sort_with_quicksort,reverse_sorted,600,10,49,4783
standard_quicksort,reverse_sorted,700,1,93,101847
standard_quicksort,reverse_sorted,700,2,87,101847
standard_quicksort,reverse_sorted,700,3,80,101847
standard_quicksort,reverse_sorted,700,4,75,101847
standard_quicksort,reverse_sorted,700,5,84,101847
standard_quicksort,reverse_sorted,700,6,84,101847
standard_quicksort,reverse_sorted,700,7,81,101847
standard_quicksort,reverse_sorted,700,8,84,101847
standard_quicksort,reverse_sorted,700,9,84,101847
standard_quicksort,reverse_sorted,700,10,79,101847
standard_mergesort,reverse_sorted,700,1,222,5864
standard_mergesort,reverse_sorted,700,2,201,5864
standard_mergesort,reverse_sorted,700,3,198,5864
standard_mergesort,reverse_sorted,700,4,213,5864
standard_mergesort,reverse_sorted,700,5,198,5864
standard_mergesort,reverse_sorted,700,6,193,5864
standard_mergesort,reverse_sorted,700,7,192,5864
standard_mergesort,reverse_sorted,700,8,186,5864
standard_mergesort,reverse_sorted,700,9,178,5864
standard_mergesort,reverse_sorted,700,10,200,5864
ternary_string_quicksort,reverse_sorted,700,1,37,8917
ternary_string_quicksort,reverse_sorted,700,2,20,8917
ternary_string_quicksort,reverse_sorted,700,3,18,8917
ternary_string_quicksort,reverse_sorted,700,4,18,8917
ternary_string_quicksort,reverse_sorted,700,5,18,8917
ternary_string_quicksort,reverse_sorted,700,6,17,8917
ternary_string_quicksort,reverse_sorted,700,7,17,8917
ternary_string_quicksort,reverse_sorted,700,8,26,8917
ternary_string_quicksort,reverse_sorted,700,9,18,8917
ternary_string_quicksort,reverse_sorted,700,10,16,8917
lcp_mergesort,reverse_sorted,700,1,282,2734
lcp_mergesort,reverse_sorted,700,2,274,2734
lcp_mergesort,reverse_sorted,700,3,293,2734
lcp_mergesort,reverse_sorted,700,4,264,2734
lcp_mergesort,reverse_sorted,700,5,257,2734
lcp_mergesort,reverse_sorted,700,6,274,2734
lcp_mergesort,reverse_sorted,700,7,264,2734
lcp_mergesort,reverse_sorted,700,8,262,2734
lcp_mergesort,reverse_sorted,700,9,261,2734
lcp_mergesort,reverse_sorted,700,10,260,2734
msd_radix_sort,reverse_sorted,700,1,239,1718
msd_radix_sort,reverse_sorted,700,2,243,1718
msd_radix_sort,reverse_sorted,700,3,255,1718
msd_radix_sort,reverse_sorted,700,4,229,1718
msd_radix_sort,reverse_sorted,700,5,224,1718
msd_radix_sort,reverse_sorted,700,6,232,1718
msd_radix_sort,reverse_sorted,700,7,263,1718
msd_radix_sort,reverse_sorted,700,8,260,1718
msd_radix_sort,reverse_sorted,700,9,229,1718
msd_radix_sort,reverse_sorted,700,10,246,1718
msd_radix_sort_with_quicksort,reverse_sorted,700,1,67,5556
msd_radix_sort_with_quicksort,reverse_sorted,700,2,65,5556
msd_radix_sort_with_quicksort,reverse_sorted,700,3,62,5556
msd_radix_sort_with_quicksort,reverse_sorted,700,4,60,5556
msd_radix_sort_with_quicksort,reverse_sorted,700,5,60,5556
msd_radix_sort_with_quicksort,reverse_sorted,700,6,62,5556
msd_radix_sort_with_quicksort,reverse_sorted,700,7,61,5556
msd_radix_sort_with_quicksort,reverse_sorted,700,8,64,5556
msd_radix_sort_with_quicksort,reverse_sorted,700,9,56,5556
msd_radix_sort_with_quicksort,reverse_sorted,700,10,54,5556
standard_quicksort,reverse_sorted,800,1,112,116560
standard_quicksort,reverse_sorted,800,2,90,116560
standard_quicksort,reverse_sorted,800,3,87,116560
standard_quicksort,reverse_sorted,800,4,87,116560
standard_quicksort,reverse_sorted,800,5,86,116560
standard_quicksort,reverse_sorted,800,6,94,116560
standard_quicksort,reverse_sorted,800,7,85,116560
standard_quicksort,reverse_sorted,800,8,86,116560
standard_quicksort,reverse_sorted,800,9,96,116560
standard_quicksort,reverse_sorted,800,10,91,116560
standard_mergesort,reverse_sorted,800,1,254,6697
standard_mergesort,reverse_sorted,800,2,265,6697
standard_mergesort,reverse_sorted,800,3,237,6697
standard_mergesort,reverse_sorted,800,4,232,6697
standard_mergesort,reverse_sorted,800,5,241,6697
standard_mergesort,reverse_sorted,800,6,225,6697
standard_mergesort,reverse_sorted,800,7,224,6697
standard_mergesort,reverse_sorted,800,8,214,6697
standard_mergesort,reverse_sorted,800,9,229,6697
standard_mergesort,reverse_sorted,800,10,214,6697
ternary_string_quicksort,reverse_sorted,800,1,33,10352
ternary_string_quicksort,reverse_sorted,800,2,24,10352
ternary_string_quicksort,reverse_sorted,800,3,22,10352
ternary_string_quicksort,reverse_sorted,800,4,22,10352
ternary_string_quicksort,reverse_sorted,800,5,22,10352
ternary_string_quicksort,reverse_sorted,800,6,21,10352
ternary_string_quicksort,reverse_sorted,800,7,26,10352
ternary_string_quicksort,reverse_sorted,800,8,42,10352
ternary_string_quicksort,reverse_sorted,800,9,29,10352
ternary_string_quicksort,reverse_sorted,800,10,28,10352
lcp_mergesort,reverse_sorted,800,1,363,3121
lcp_mergesort,reverse_sorted,800,2,324,3121
lcp_mergesort,reverse_sorted,800,3,313,3121
lcp_mergesort,reverse_sorted,800,4,303,3121
lcp_mergesort,reverse_sorted,800,5,327,3121
lcp_mergesort,reverse_sorted,800,6,301,3121
lcp_mergesort,reverse_sorted,800,7,307,3121
lcp_mergesort,reverse_sorted,800,8,318,3121
lcp_mergesort,reverse_sorted,800,9,299,3121
lcp_mergesort,reverse_sorted,800,10,300,3121
msd_radix_sort,reverse_sorted,800,1,289,1947
msd_radix_sort,reverse_sorted,800,2,268,1947
msd_radix_sort,reverse_sorted,800,3,255,1947
msd_radix_sort,reverse_sorted,800,4,267,1947
msd_radix_sort,reverse_sorted,800,5,250,1947
msd_radix_sort,reverse_sorted,800,6,257,1947
msd_radix_sort,reverse_sorted,800,7,277,1947
msd_radix_sort,reverse_sorted,800,8,258,1947
msd_radix_sort,reverse_sorted,800,9,257,1947
msd_radix_sort,reverse_sorted,800,10,267,1947
msd_radix_sort_with_quicksort,reverse_sorted,800,1,78,6313
msd_radix_sort_with_quicksort,reverse_sorted,800,2,71,6313
msd_radix_sort_with_quicksort,reverse_sorted,800,3,67,6313
msd_radix_sort_with_quicksort,reverse_sorted,800,4,70,6313
msd_radix_sort_with_quicksort,reverse_sorted,800,5,62,6313
msd_radix_sort_with_quicksort,reverse_sorted,800,6,66,6313
msd_radix_sort_with_quicksort,reverse_sorted,800,7,66,6313
msd_radix_sort_with_quicksort,reverse_sorted,800,8,67,6313
msd_radix_sort_with_quicksort,reverse_sorted,800,9,65,6313
msd_radix_sort_with_quicksort,reverse_sorted,800,10,60,6313
standard_quicksort,reverse_sorted,900,1,106,116960
standard_quicksort,reverse_sorted,900,2,100,116960
standard_quicksort,reverse_sorted,900,3,99,116960
standard_quicksort,reverse_sorted,900,4,102,116960
standard_quicksort,reverse_sorted,900,5,102,116960
standard_quicksort,reverse_sorted,900,6,89,116960
standard_quicksort,reverse_sorted,900,7,96,116960
standard_quicksort,reverse_sorted,900,8,97,116960
standard_quicksort,reverse_sorted,900,9,96,116960
standard_quicksort,reverse_sorted,900,10,97,116960
standard_mergesort,reverse_sorted,900,1,362,7508
standard_mergesort,reverse_sorted,900,2,274,7508
standard_mergesort,reverse_sorted,900,3,260,7508
standard_mergesort,reverse_sorted,900,4,287,7508
standard_mergesort,reverse_sorted,900,5,258,7508
standard_mergesort,reverse_sorted,900,6,257,7508
standard_mergesort,reverse_sorted,900,7,256,7508
standard_mergesort,reverse_sorted,900,8,296,7508
standard_mergesort,reverse_sorted,900,9,277,7508
standard_mergesort,reverse_sorted,900,10,281,7508
ternary_string_quicksort,reverse_sorted,900,1,43,11982
ternary_string_quicksort,reverse_sorted,900,2,28,11982
ternary_string_quicksort,reverse_sorted,900,3,24,11982
ternary_string_quicksort,reverse_sorted,900,4,23,11982
ternary_string_quicksort,reverse_sorted,900,5,23,11982
ternary_string_quicksort,reverse_sorted,900,6,23,11982
ternary_string_quicksort,reverse_sorted,900,7,23,11982
ternary_string_quicksort,reverse_sorted,900,8,23,11982
ternary_string_quicksort,reverse_sorted,900,9,22,11982
ternary_string_quicksort,reverse_sorted,900,10,22,11982
lcp_mergesort,reverse_sorted,900,1,389,3478
lcp_mergesort,reverse_sorted,900,2,356,3478
lcp_mergesort,reverse_sorted,900,3,378,3478
lcp_mergesort,reverse_sorted,900,4,350,3478
lcp_mergesort,reverse_sorted,900,5,363,3478
lcp_mergesort,reverse_sorted,900,6,346,3478
lcp_mergesort,reverse_sorted,900,7,347,3478
lcp_mergesort,reverse_sorted,900,8,373,3478
lcp_mergesort,reverse_sorted,900,9,341,3478
lcp_mergesort,reverse_sorted,900,10,364,3478
msd_radix_sort,reverse_sorted,900,1,316,2195
msd_radix_sort,reverse_sorted,900,2,297,2195
msd_radix_sort,reverse_sorted,900,3,301,2195
msd_radix_sort,reverse_sorted,900,4,294,2195
msd_radix_sort,reverse_sorted,900,5,290,2195
msd_radix_sort,reverse_sorted,900,6,294,2195
msd_radix_sort,reverse_sorted,900,7,316,2195
msd_radix_sort,reverse_sorted,900,8,299,2195
msd_radix_sort,reverse_sorted,900,9,290,2195
msd_radix_sort,reverse_sorted,900,10,284,2195
msd_radix_sort_with_quicksort,reverse_sorted,900,1,93,7126
msd_radix_sort_with_quicksort,reverse_sorted,900,2,97,7126
msd_radix_sort_with_quicksort,reverse_sorted,900,3,89,7126
msd_radix_sort_with_quicksort,reverse_sorted,900,4,83,7126
msd_radix_sort_with_quicksort,reverse_sorted,900,5,77,7126
msd_radix_sort_with_quicksort,reverse_sorted,900,6,70,7126
msd_radix_sort_with_quicksort,reverse_sorted,900,7,73,7126
msd_radix_sort_with_quicksort,reverse_sorted,900,8,72,7126
msd_radix_sort_with_quicksort,reverse_sorted,900,9,84,7126
msd_radix_sort_with_quicksort,reverse_sorted,900,10,75,7126
standard_quicksort,reverse_sorted,1000,1,109,117220
standard_quicksort,reverse_sorted,1000,2,100,117220
standard_quicksort,reverse_sorted,1000,3,100,117220
standard_quicksort,reverse_sorted,1000,4,94,117220
standard_quicksort,reverse_sorted,1000,5,94,117220
standard_quicksort,reverse_sorted,1000,6,111,117220
standard_quicksort,reverse_sorted,1000,7,90,117220
standard_quicksort,reverse_sorted,1000,8,98,117220
standard_quicksort,reverse_sorted,1000,9,98,117220
standard_quicksort,reverse_sorted,1000,10,98,117220
standard_mergesort,reverse_sorted,1000,1,328,8170
standard_mergesort,reverse_sorted,1000,2,299,8170
standard_mergesort,reverse_sorted,1000,3,290,8170
standard_mergesort,reverse_sorted,1000,4,312,8170
standard_mergesort,reverse_sorted,1000,5,300,8170
standard_mergesort,reverse_sorted,1000,6,282,8170
standard_mergesort,reverse_sorted,1000,7,305,8170
standard_mergesort,reverse_sorted,1000,8,283,8170
standard_mergesort,reverse_sorted,1000,9,286,8170
standard_mergesort,reverse_sorted,1000,10,286,8170
ternary_string_quicksort,reverse_sorted,1000,1,41,13951
ternary_string_quicksort,reverse_sorted,1000,2,33,13951
ternary_string_quicksort,reverse_sorted,1000,3,29,13951
ternary_string_quicksort,reverse_sorted,1000,4,28,13951
ternary_string_quicksort,reverse_sorted,1000,5,28,13951
ternary_string_quicksort,reverse_sorted,1000,6,27,13951
ternary_string_quicksort,reverse_sorted,1000,7,27,13951
ternary_string_quicksort,reverse_sorted,1000,8,27,13951
ternary_string_quicksort,reverse_sorted,1000,9,39,13951
ternary_string_quicksort,reverse_sorted,1000,10,33,13951
lcp_mergesort,reverse_sorted,1000,1,416,3769
lcp_mergesort,reverse_sorted,1000,2,428,3769
lcp_mergesort,reverse_sorted,1000,3,390,3769
lcp_mergesort,reverse_sorted,1000,4,406,3769
lcp_mergesort,reverse_sorted,1000,5,396,3769
lcp_mergesort,reverse_sorted,1000,6,396,3769
lcp_mergesort,reverse_sorted,1000,7,391,3769
lcp_mergesort,reverse_sorted,1000,8,383,3769
lcp_mergesort,reverse_sorted,1000,9,400,3769
lcp_mergesort,reverse_sorted,1000,10,395,3769
msd_radix_sort,reverse_sorted,1000,1,352,2437
msd_radix_sort,reverse_sorted,1000,2,332,2437
msd_radix_sort,reverse_sorted,1000,3,334,2437
msd_radix_sort,reverse_sorted,1000,4,320,2437
msd_radix_sort,reverse_sorted,1000,5,326,2437
msd_radix_sort,reverse_sorted,1000,6,335,2437
msd_radix_sort,reverse_sorted,1000,7,321,2437
msd_radix_sort,reverse_sorted,1000,8,334,2437
msd_radix_sort,reverse_sorted,1000,9,322,2437
msd_radix_sort,reverse_sorted,1000,10,387,2437
msd_radix_sort_with_quicksort,reverse_sorted,1000,1,109,7894
msd_radix_sort_with_quicksort,reverse_sorted,1000,2,94,7894
msd_radix_sort_with_quicksort,reverse_sorted,1000,3,81,7894
msd_radix_sort_with_quicksort,reverse_sorted,1000,4,86,7894
msd_radix_sort_with_quicksort,reverse_sorted,1000,5,87,7894
msd_radix_sort_with_quicksort,reverse_sorted,1000,6,81,7894
msd_radix_sort_with_quicksort,reverse_sorted,1000,7,81,7894
msd_radix_sort_with_quicksort,reverse_sorted,1000,8,85,7894
msd_radix_sort_with_quicksort,reverse_sorted,1000,9,79,7894
msd_radix_sort_with_quicksort,reverse_sorted,1000,10,85,7894
standard_quicksort,reverse_sorted,1100,1,115,136636
standard_quicksort,reverse_sorted,1100,2,108,136636
standard_quicksort,reverse_sorted,1100,3,106,136636
standard_quicksort,reverse_sorted,1100,4,122,136636
standard_quicksort,reverse_sorted,1100,5,110,136636
standard_quicksort,reverse_sorted,1100,6,109,136636
standard_quicksort,reverse_sorted,1100,7,109,136636
standard_quicksort,reverse_sorted,1100,8,112,136636
standard_quicksort,reverse_sorted,1100,9,111,136636
standard_quicksort,reverse_sorted,1100,10,121,136636
standard_mergesort,reverse_sorted,1100,1,369,9332
standard_mergesort,reverse_sorted,1100,2,357,9332
standard_mergesort,reverse_sorted,1100,3,340,9332
standard_mergesort,reverse_sorted,1100,4,331,9332
standard_mergesort,reverse_sorted,1100,5,360,9332
standard_mergesort,reverse_sorted,1100,6,340,9332
standard_mergesort,reverse_sorted,1100,7,332,9332
standard_mergesort,reverse_sorted,1100,8,322,9332
standard_mergesort,reverse_sorted,1100,9,327,9332
standard_mergesort,reverse_sorted,1100,10,346,9332
ternary_string_quicksort,reverse_sorted,1100,1,45,14823
ternary_string_quicksort,reverse_sorted,1100,2,35,14823
ternary_string_quicksort,reverse_sorted,1100,3,33,14823
ternary_string_quicksort,reverse_sorted,1100,4,30,14823
ternary_string_quicksort,reverse_sorted,1100,5,30,14823
ternary_string_quicksort,reverse_sorted,1100,6,29,14823
ternary_string_quicksort,reverse_sorted,1100,7,28,14823
ternary_string_quicksort,reverse_sorted,1100,8,39,14823
ternary_string_quicksort,reverse_sorted,1100,9,39,14823
ternary_string_quicksort,reverse_sorted,1100,10,37,14823
lcp_mergesort,reverse_sorted,1100,1,491,4254
lcp_mergesort,reverse_sorted,1100,2,492,4254
lcp_mergesort,reverse_sorted,1100,3,468,4254
lcp_mergesort,reverse_sorted,1100,4,482,4254
lcp_mergesort,reverse_sorted,1100,5,510,4254
lcp_mergesort,reverse_sorted,1100,6,490,4254
lcp_mergesort,reverse_sorted,1100,7,521,4254
lcp_mergesort,reverse_sorted,1100,8,465,4254
lcp_mergesort,reverse_sorted,1100,9,479,4254
lcp_mergesort,reverse_sorted,1100,10,466,4254
msd_radix_sort,reverse_sorted,1100,1,384,2680
msd_radix_sort,reverse_sorted,1100,2,365,2680
msd_radix_sort,reverse_sorted,1100,3,357,2680
msd_radix_sort,reverse_sorted,1100,4,353,2680
msd_radix_sort,reverse_sorted,1100,5,353,2680
msd_radix_sort,reverse_sorted,1100,6,362,2680
msd_radix_sort,reverse_sorted,1100,7,511,2680
msd_radix_sort,reverse_sorted,1100,8,375,2680
msd_radix_sort,reverse_sorted,1100,9,359,2680
msd_radix_sort,reverse_sorted,1100,10,378,2680
msd_radix_sort_with_quicksort,reverse_sorted,1100,1,113,8669
msd_radix_sort_with_quicksort,reverse_sorted,1100,2,102,8669
msd_radix_sort_with_quicksort,reverse_sorted,1100,3,96,8669
msd_radix_sort_with_quicksort,reverse_sorted,1100,4,96,8669
msd_radix_sort_with_quicksort,reverse_sorted,1100,5,102,8669
msd_radix_sort_with_quicksort,reverse_sorted,1100,6,87,8669
msd_radix_sort_with_quicksort,reverse_sorted,1100,7,94,8669
msd_radix_sort_with_quicksort,reverse_sorted,1100,8,93,8669
msd_radix_sort_with_quicksort,reverse_sorted,1100,9,94,8669
msd_radix_sort_with_quicksort,reverse_sorted,1100,10,93,8669
standard_quicksort,reverse_sorted,1200,1,143,158395
standard_quicksort,reverse_sorted,1200,2,132,158395
standard_quicksort,reverse_sorted,1200,3,122,158395
standard_quicksort,reverse_sorted,1200,4,130,158395
standard_quicksort,reverse_sorted,1200,5,121,158395
standard_quicksort,reverse_sorted,1200,6,132,158395
standard_quicksort,reverse_sorted,1200,7,124,158395
standard_quicksort,reverse_sorted,1200,8,124,158395
standard_quicksort,reverse_sorted,1200,9,125,158395
standard_quicksort,reverse_sorted,1200,10,124,158395
standard_mergesort,reverse_sorted,1200,1,441,10438
standard_mergesort,reverse_sorted,1200,2,387,10438
standard_mergesort,reverse_sorted,1200,3,379,10438
standard_mergesort,reverse_sorted,1200,4,370,10438
standard_mergesort,reverse_sorted,1200,5,382,10438
standard_mergesort,reverse_sorted,1200,6,406,10438
standard_mergesort,reverse_sorted,1200,7,369,10438
standard_mergesort,reverse_sorted,1200,8,365,10438
standard_mergesort,reverse_sorted,1200,9,360,10438
standard_mergesort,reverse_sorted,1200,10,373,10438
ternary_string_quicksort,reverse_sorted,1200,1,53,16489
ternary_string_quicksort,reverse_sorted,1200,2,46,16489
ternary_string_quicksort,reverse_sorted,1200,3,45,16489
ternary_string_quicksort,reverse_sorted,1200,4,35,16489
ternary_string_quicksort,reverse_sorted,1200,5,33,16489
ternary_string_quicksort,reverse_sorted,1200,6,37,16489
ternary_string_quicksort,reverse_sorted,1200,7,37,16489
ternary_string_quicksort,reverse_sorted,1200,8,37,16489
ternary_string_quicksort,reverse_sorted,1200,9,37,16489
ternary_string_quicksort,reverse_sorted,1200,10,37,16489
lcp_mergesort,reverse_sorted,1200,1,537,4724
lcp_mergesort,reverse_sorted,1200,2,518,4724
lcp_mergesort,reverse_sorted,1200,3,547,4724
lcp_mergesort,reverse_sorted,1200,4,514,4724
lcp_mergesort,reverse_sorted,1200,5,530,4724
lcp_mergesort,reverse_sorted,1200,6,515,4724
lcp_mergesort,reverse_sorted,1200,7,510,4724
lcp_mergesort,reverse_sorted,1200,8,525,4724
lcp_mergesort,reverse_sorted,1200,9,511,4724
lcp_mergesort,reverse_sorted,1200,10,559,4724
msd_radix_sort,reverse_sorted,1200,1,407,2931
msd_radix_sort,reverse_sorted,1200,2,416,2931
msd_radix_sort,reverse_sorted,1200,3,394,2931
msd_radix_sort,reverse_sorted,1200,4,411,2931
msd_radix_sort,reverse_sorted,1200,5,389,2931
msd_radix_sort,reverse_sorted,1200,6,416,2931
msd_radix_sort,reverse_sorted,1200,7,384,2931
msd_radix_sort,reverse_sorted,1200,8,404,2931
msd_radix_sort,reverse_sorted,1200,9,392,2931
msd_radix_sort,reverse_sorted,1200,10,409,2931
msd_radix_sort_with_quicksort,reverse_sorted,1200,1,117,9445
msd_radix_sort_with_quicksort,reverse_sorted,1200,2,105,9445
msd_radix_sort_with_quicksort,reverse_sorted,1200,3,105,9445
msd_radix_sort_with_quicksort,reverse_sorted,1200,4,103,9445
msd_radix_sort_with_quicksort,reverse_sorted,1200,5,109,9445
msd_radix_sort_with_quicksort,reverse_sorted,1200,6,94,9445
msd_radix_sort_with_quicksort,reverse_sorted,1200,7,96,9445
msd_radix_sort_with_quicksort,reverse_sorted,1200,8,93,9445
msd_radix_sort_with_quicksort,reverse_sorted,1200,9,98,9445
msd_radix_sort_with_quicksort,reverse_sorted,1200,10,93,9445
standard_quicksort,reverse_sorted,1300,1,154,180488
standard_quicksort,reverse_sorted,1300,2,140,180488
standard_quicksort,reverse_sorted,1300,3,143,180488
standard_quicksort,reverse_sorted,1300,4,137,180488
standard_quicksort,reverse_sorted,1300,5,146,180488
standard_quicksort,reverse_sorted,1300,6,148,180488
standard_quicksort,reverse_sorted,1300,7,138,180488
standard_quicksort,reverse_sorted,1300,8,141,180488
standard_quicksort,reverse_sorted,1300,9,137,180488
standard_quicksort,reverse_sorted,1300,10,149,180488
standard_mergesort,reverse_sorted,1300,1,439,11459
standard_mergesort,reverse_sorted,1300,2,442,11459
standard_mergesort,reverse_sorted,1300,3,406,11459
standard_mergesort,reverse_sorted,1300,4,420,11459
standard_mergesort,reverse_sorted,1300,5,398,11459
standard_mergesort,reverse_sorted,1300,6,416,11459
standard_mergesort,reverse_sorted,1300,7,402,11459
standard_mergesort,reverse_sorted,1300,8,413,11459
standard_mergesort,reverse_sorted,1300,9,396,11459
standard_mergesort,reverse_sorted,1300,10,410,11459
ternary_string_quicksort,reverse_sorted,1300,1,56,17995
ternary_string_quicksort,reverse_sorted,1300,2,47,17995
ternary_string_quicksort,reverse_sorted,1300,3,43,17995
ternary_string_quicksort,reverse_sorted,1300,4,41,17995
ternary_string_quicksort,reverse_sorted,1300,5,41,17995
ternary_string_quicksort,reverse_sorted,1300,6,40,17995
ternary_string_quicksort,reverse_sorted,1300,7,35,17995
ternary_string_quicksort,reverse_sorted,1300,8,40,17995
ternary_string_quicksort,reverse_sorted,1300,9,40,17995
ternary_string_quicksort,reverse_sorted,1300,10,35,17995
lcp_mergesort,reverse_sorted,1300,1,574,5164
lcp_mergesort,reverse_sorted,1300,2,594,5164
lcp_mergesort,reverse_sorted,1300,3,580,5164
lcp_mergesort,reverse_sorted,1300,4,574,5164
lcp_mergesort,reverse_sorted,1300,5,582,5164
lcp_mergesort,reverse_sorted,1300,6,587,5164
lcp_mergesort,reverse_sorted,1300,7,565,5164
lcp_mergesort,reverse_sorted,1300,8,588,5164
lcp_mergesort,reverse_sorted,1300,9,590,5164
lcp_mergesort,reverse_sorted,1300,10,566,5164
msd_radix_sort,reverse_sorted,1300,1,459,3174
msd_radix_sort,reverse_sorted,1300,2,425,3174
msd_radix_sort,reverse_sorted,1300,3,440,3174
msd_radix_sort,reverse_sorted,1300,4,420,3174
msd_radix_sort,reverse_sorted,1300,5,436,3174
msd_radix_sort,reverse_sorted,1300,6,419,3174
msd_radix_sort,reverse_sorted,1300,7,436,3174
msd_radix_sort,reverse_sorted,1300,8,413,3174
msd_radix_sort,reverse_sorted,1300,9,427,3174
msd_radix_sort,reverse_sorted,1300,10,410,3174
msd_radix_sort_with_quicksort,reverse_sorted,1300,1,141,10186
msd_radix_sort_with_quicksort,reverse_sorted,1300,2,121,10186
msd_radix_sort_with_quicksort,reverse_sorted,1300,3,116,10186
msd_radix_sort_with_quicksort,reverse_sorted,1300,4,115,10186
msd_radix_sort_with_quicksort,reverse_sorted,1300,5,102,10186
msd_radix_sort_with_quicksort,reverse_sorted,1300,6,115,10186
msd_radix_sort_with_quicksort,reverse_sorted,1300,7,110,10186
msd_radix_sort_with_quicksort,reverse_sorted,1300,8,110,10186
msd_radix_sort_with_quicksort,reverse_sorted,1300,9,109,10186
msd_radix_sort_with_quicksort,reverse_sorted,1300,10,109,10186
standard_quicksort,reverse_sorted,1400,1,160,205827
standard_quicksort,reverse_sorted,1400,2,165,205827
standard_quicksort,reverse_sorted,1400,3,166,205827
standard_quicksort,reverse_sorted,1400,4,160,205827
standard_quicksort,reverse_sorted,1400,5,181,205827
standard_quicksort,reverse_sorted,1400,6,163,205827
standard_quicksort,reverse_sorted,1400,7,160,205827
standard_quicksort,reverse_sorted,1400,8,166,205827
standard_quicksort,reverse_sorted,1400,9,173,205827
standard_quicksort,reverse_sorted,1400,10,163,205827
standard_mergesort,reverse_sorted,1400,1,464,12385
standard_mergesort,reverse_sorted,1400,2,477,12385
standard_mergesort,reverse_sorted,1400,3,453,12385
standard_mergesort,reverse_sorted,1400,4,447,12385
standard_mergesort,reverse_sorted,1400,5,426,12385
standard_mergesort,reverse_sorted,1400,6,432,12385
standard_mergesort,reverse_sorted,1400,7,447,12385
standard_mergesort,reverse_sorted,1400,8,421,12385
standard_mergesort,reverse_sorted,1400,9,441,12385
standard_mergesort,reverse_sorted,1400,10,423,12385
ternary_string_quicksort,reverse_sorted,1400,1,60,19511
ternary_string_quicksort,reverse_sorted,1400,2,51,19511
ternary_string_quicksort,reverse_sorted,1400,3,49,19511
ternary_string_quicksort,reverse_sorted,1400,4,45,19511
ternary_string_quicksort,reverse_sorted,1400,5,43,19511
ternary_string_quicksort,reverse_sorted,1400,6,39,19511
ternary_string_quicksort,reverse_sorted,1400,7,37,19511
ternary_string_quicksort,reverse_sorted,1400,8,41,19511
ternary_string_quicksort,reverse_sorted,1400,9,39,19511
ternary_string_quicksort,reverse_sorted,1400,10,42,19511
lcp_mergesort,reverse_sorted,1400,1,655,5497
lcp_mergesort,reverse_sorted,1400,2,641,5497
lcp_mergesort,reverse_sorted,1400,3,636,5497
lcp_mergesort,reverse_sorted,1400,4,620,5497
lcp_mergesort,reverse_sorted,1400,5,636,5497
lcp_mergesort,reverse_sorted,1400,6,619,5497
lcp_mergesort,reverse_sorted,1400,7,622,5497
lcp_mergesort,reverse_sorted,1400,8,628,5497
lcp_mergesort,reverse_sorted,1400,9,630,5497
lcp_mergesort,reverse_sorted,1400,10,617,5497
msd_radix_sort,reverse_sorted,1400,1,463,3410
msd_radix_sort,reverse_sorted,1400,2,468,3410
msd_radix_sort,reverse_sorted,1400,3,454,3410
msd_radix_sort,reverse_sorted,1400,4,470,3410
msd_radix_sort,reverse_sorted,1400,5,444,3410
msd_radix_sort,reverse_sorted,1400,6,470,3410
msd_radix_sort,reverse_sorted,1400,7,441,3410
msd_radix_sort,reverse_sorted,1400,8,466,3410
msd_radix_sort,reverse_sorted,1400,9,454,3410
msd_radix_sort,reverse_sorted,1400,10,466,3410
msd_radix_sort_with_quicksort,reverse_sorted,1400,1,137,10946
msd_radix_sort_with_quicksort,reverse_sorted,1400,2,127,10946
msd_radix_sort_with_quicksort,reverse_sorted,1400,3,128,10946
msd_radix_sort_with_quicksort,reverse_sorted,1400,4,123,10946
msd_radix_sort_with_quicksort,reverse_sorted,1400,5,113,10946
msd_radix_sort_with_quicksort,reverse_sorted,1400,6,116,10946
msd_radix_sort_with_quicksort,reverse_sorted,1400,7,119,10946
msd_radix_sort_with_quicksort,reverse_sorted,1400,8,119,10946
msd_radix_sort_with_quicksort,reverse_sorted,1400,9,117,10946
msd_radix_sort_with_quicksort,reverse_sorted,1400,10,121,10946
standard_quicksort,reverse_sorted,1500,1,186,229499
standard_quicksort,reverse_sorted,1500,2,174,229499
standard_quicksort,reverse_sorted,1500,3,182,229499
standard_quicksort,reverse_sorted,1500,4,179,229499
standard_quicksort,reverse_sorted,1500,5,181,229499
standard_quicksort,reverse_sorted,1500,6,173,229499
standard_quicksort,reverse_sorted,1500,7,181,229499
standard_quicksort,reverse_sorted,1500,8,176,229499
standard_quicksort,reverse_sorted,1500,9,191,229499
standard_quicksort,reverse_sorted,1500,10,176,229499
standard_mergesort,reverse_sorted,1500,1,493,13346
standard_mergesort,reverse_sorted,1500,2,484,13346
standard_mergesort,reverse_sorted,1500,3,463,13346
standard_mergesort,reverse_sorted,1500,4,465,13346
standard_mergesort,reverse_sorted,1500,5,465,13346
standard_mergesort,reverse_sorted,1500,6,491,13346
standard_mergesort,reverse_sorted,1500,7,493,13346
standard_mergesort,reverse_sorted,1500,8,480,13346
standard_mergesort,reverse_sorted,1500,9,468,13346
standard_mergesort,reverse_sorted,1500,10,474,13346
ternary_string_quicksort,reverse_sorted,1500,1,61,21037
ternary_string_quicksort,reverse_sorted,1500,2,55,21037
ternary_string_quicksort,reverse_sorted,1500,3,51,21037
ternary_string_quicksort,reverse_sorted,1500,4,48,21037
ternary_string_quicksort,reverse_sorted,1500,5,43,21037
ternary_string_quicksort,reverse_sorted,1500,6,47,21037
ternary_string_quicksort,reverse_sorted,1500,7,47,21037
ternary_string_quicksort,reverse_sorted,1500,8,42,21037
ternary_string_quicksort,reverse_sorted,1500,9,42,21037
ternary_string_quicksort,reverse_sorted,1500,10,47,21037
lcp_mergesort,reverse_sorted,1500,1,718,5947
lcp_mergesort,reverse_sorted,1500,2,666,5947
lcp_mergesort,reverse_sorted,1500,3,674,5947
lcp_mergesort,reverse_sorted,1500,4,670,5947
lcp_mergesort,reverse_sorted,1500,5,692,5947
lcp_mergesort,reverse_sorted,1500,6,670,5947
lcp_mergesort,reverse_sorted,1500,7,660,5947
lcp_mergesort,reverse_sorted,1500,8,680,5947
lcp_mergesort,reverse_sorted,1500,9,675,5947
lcp_mergesort,reverse_sorted,1500,10,712,5947
msd_radix_sort,reverse_sorted,1500,1,493,3643
msd_radix_sort,reverse_sorted,1500,2,503,3643
msd_radix_sort,reverse_sorted,1500,3,482,3643
msd_radix_sort,reverse_sorted,1500,4,491,3643
msd_radix_sort,reverse_sorted,1500,5,485,3643
msd_radix_sort,reverse_sorted,1500,6,480,3643
msd_radix_sort,reverse_sorted,1500,7,503,3643
msd_radix_sort,reverse_sorted,1500,8,473,3643
msd_radix_sort,reverse_sorted,1500,9,501,3643
msd_radix_sort,reverse_sorted,1500,10,476,3643
msd_radix_sort_with_quicksort,reverse_sorted,1500,1,140,11682
msd_radix_sort_with_quicksort,reverse_sorted,1500,2,131,11682
msd_radix_sort_with_quicksort,reverse_sorted,1500,3,136,11682
msd_radix_sort_with_quicksort,reverse_sorted,1500,4,134,11682
msd_radix_sort_with_quicksort,reverse_sorted,1500,5,138,11682
msd_radix_sort_with_quicksort,reverse_sorted,1500,6,130,11682
msd_radix_sort_with_quicksort,reverse_sorted,1500,7,121,11682
msd_radix_sort_with_quicksort,reverse_sorted,1500,8,123,11682
msd_radix_sort_with_quicksort,reverse_sorted,1500,9,129,11682
msd_radix_sort_with_quicksort,reverse_sorted,1500,10,119,11682
standard_quicksort,reverse_sorted,1600,1,187,231752
standard_quicksort,reverse_sorted,1600,2,191,231752
standard_quicksort,reverse_sorted,1600,3,206,231752
standard_quicksort,reverse_sorted,1600,4,178,231752
standard_quicksort,reverse_sorted,1600,5,186,231752
standard_quicksort,reverse_sorted,1600,6,181,231752
standard_quicksort,reverse_sorted,1600,7,186,231752
standard_quicksort,reverse_sorted,1600,8,187,231752
standard_quicksort,reverse_sorted,1600,9,176,231752
standard_quicksort,reverse_sorted,1600,10,186,231752
standard_mergesort,reverse_sorted,1600,1,546,14235
standard_mergesort,reverse_sorted,1600,2,521,14235
standard_mergesort,reverse_sorted,1600,3,511,14235
standard_mergesort,reverse_sorted,1600,4,522,14235
standard_mergesort,reverse_sorted,1600,5,535,14235
standard_mergesort,reverse_sorted,1600,6,498,14235
standard_mergesort,reverse_sorted,1600,7,516,14235
standard_mergesort,reverse_sorted,1600,8,498,14235
standard_mergesort,reverse_sorted,1600,9,490,14235
standard_mergesort,reverse_sorted,1600,10,514,14235
ternary_string_quicksort,reverse_sorted,1600,1,66,22777
ternary_string_quicksort,reverse_sorted,1600,2,59,22777
ternary_string_quicksort,reverse_sorted,1600,3,51,22777
ternary_string_quicksort,reverse_sorted,1600,4,49,22777
ternary_string_quicksort,reverse_sorted,1600,5,52,22777
ternary_string_quicksort,reverse_sorted,1600,6,55,22777
ternary_string_quicksort,reverse_sorted,1600,7,51,22777
ternary_string_quicksort,reverse_sorted,1600,8,49,22777
ternary_string_quicksort,reverse_sorted,1600,9,49,22777
ternary_string_quicksort,reverse_sorted,1600,10,45,22777
lcp_mergesort,reverse_sorted,1600,1,739,6328
lcp_mergesort,reverse_sorted,1600,2,738,6328
lcp_mergesort,reverse_sorted,1600,3,731,6328
lcp_mergesort,reverse_sorted,1600,4,759,6328
lcp_mergesort,reverse_sorted,1600,5,726,6328
lcp_mergesort,reverse_sorted,1600,6,838,6328
lcp_mergesort,reverse_sorted,1600,7,761,6328
lcp_mergesort,reverse_sorted,1600,8,746,6328
lcp_mergesort,reverse_sorted,1600,9,739,6328
lcp_mergesort,reverse_sorted,1600,10,738,6328
msd_radix_sort,reverse_sorted,1600,1,531,3884
msd_radix_sort,reverse_sorted,1600,2,541,3884
msd_radix_sort,reverse_sorted,1600,3,521,3884
msd_radix_sort,reverse_sorted,1600,4,505,3884
msd_radix_sort,reverse_sorted,1600,5,530,3884
msd_radix_sort,reverse_sorted,1600,6,533,3884
msd_radix_sort,reverse_sorted,1600,7,534,3884
msd_radix_sort,reverse_sorted,1600,8,554,3884
msd_radix_sort,reverse_sorted,1600,9,521,3884
msd_radix_sort,reverse_sorted,1600,10,529,3884
msd_radix_sort_with_quicksort,reverse_sorted,1600,1,163,12448
msd_radix_sort_with_quicksort,reverse_sorted,1600,2,143,12448
msd_radix_sort_with_quicksort,reverse_sorted,1600,3,146,12448
msd_radix_sort_with_quicksort,reverse_sorted,1600,4,147,12448
msd_radix_sort_with_quicksort,reverse_sorted,1600,5,138,12448
msd_radix_sort_with_quicksort,reverse_sorted,1600,6,138,12448
msd_radix_sort_with_quicksort,reverse_sorted,1600,7,142,12448
msd_radix_sort_with_quicksort,reverse_sorted,1600,8,135,12448
msd_radix_sort_with_quicksort,reverse_sorted,1600,9,136,12448
msd_radix_sort_with_quicksort,reverse_sorted,1600,10,129,12448
standard_quicksort,reverse_sorted,1700,1,198,235032
standard_quicksort,reverse_sorted,1700,2,185,235032
standard_quicksort,reverse_sorted,1700,3,192,235032
standard_quicksort,reverse_sorted,1700,4,210,235032
standard_quicksort,reverse_sorted,1700,5,182,235032
standard_quicksort,reverse_sorted,1700,6,184,235032
standard_quicksort,reverse_sorted,1700,7,186,235032
standard_quicksort,reverse_sorted,1700,8,187,235032
standard_quicksort,reverse_sorted,1700,9,185,235032
standard_quicksort,reverse_sorted,1700,10,193,235032
standard_mergesort,reverse_sorted,1700,1,591,15213
standard_mergesort,reverse_sorted,1700,2,562,15213
standard_mergesort,reverse_sorted,1700,3,537,15213
standard_mergesort,reverse_sorted,1700,4,541,15213
standard_mergesort,reverse_sorted,1700,5,548,15213
standard_mergesort,reverse_sorted,1700,6,531,15213
standard_mergesort,reverse_sorted,1700,7,543,15213
standard_mergesort,reverse_sorted,1700,8,541,15213
standard_mergesort,reverse_sorted,1700,9,534,15213
standard_mergesort,reverse_sorted,1700,10,549,15213
ternary_string_quicksort,reverse_sorted,1700,1,73,24390
ternary_string_quicksort,reverse_sorted,1700,2,62,24390
ternary_string_quicksort,reverse_sorted,1700,3,59,24390
ternary_string_quicksort,reverse_sorted,1700,4,55,24390
ternary_string_quicksort,reverse_sorted,1700,5,54,24390
ternary_string_quicksort,reverse_sorted,1700,6,49,24390
ternary_string_quicksort,reverse_sorted,1700,7,48,24390
ternary_string_quicksort,reverse_sorted,1700,8,48,24390
ternary_string_quicksort,reverse_sorted,1700,9,49,24390
ternary_string_quicksort,reverse_sorted,1700,10,48,24390
lcp_mergesort,reverse_sorted,1700,1,820,6701
lcp_mergesort,reverse_sorted,1700,2,812,6701
lcp_mergesort,reverse_sorted,1700,3,800,6701
lcp_mergesort,reverse_sorted,1700,4,801,6701
lcp_mergesort,reverse_sorted,1700,5,808,6701
lcp_mergesort,reverse_sorted,1700,6,810,6701
lcp_mergesort,reverse_sorted,1700,7,804,6701
lcp_mergesort,reverse_sorted,1700,8,797,6701
lcp_mergesort,reverse_sorted,1700,9,783,6701
lcp_mergesort,reverse_sorted,1700,10,816,6701
msd_radix_sort,reverse_sorted,1700,1,579,4123
msd_radix_sort,reverse_sorted,1700,2,573,4123
msd_radix_sort,reverse_sorted,1700,3,553,4123
msd_radix_sort,reverse_sorted,1700,4,561,4123
msd_radix_sort,reverse_sorted,1700,5,553,4123
msd_radix_sort,reverse_sorted,1700,6,561,4123
msd_radix_sort,reverse_sorted,1700,7,562,4123
msd_radix_sort,reverse_sorted,1700,8,556,4123
msd_radix_sort,reverse_sorted,1700,9,547,4123
msd_radix_sort,reverse_sorted,1700,10,565,4123
msd_radix_sort_with_quicksort,reverse_sorted,1700,1,157,13229
msd_radix_sort_with_quicksort,reverse_sorted,1700,2,161,13229
msd_radix_sort_with_quicksort,reverse_sorted,1700,3,144,13229
msd_radix_sort_with_quicksort,reverse_sorted,1700,4,162,13229
msd_radix_sort_with_quicksort,reverse_sorted,1700,5,142,13229
msd_radix_sort_with_quicksort,reverse_sorted,1700,6,153,13229
msd_radix_sort_with_quicksort,reverse_sorted,1700,7,138,13229
msd_radix_sort_with_quicksort,reverse_sorted,1700,8,148,13229
msd_radix_sort_with_quicksort,reverse_sorted,1700,9,137,13229
msd_radix_sort_with_quicksort,reverse_sorted,1700,10,149,13229
standard_quicksort,reverse_sorted,1800,1,191,237405
standard_quicksort,reverse_sorted,1800,2,195,237405
standard_quicksort,reverse_sorted,1800,3,210,237405
standard_quicksort,reverse_sorted,1800,4,189,237405
standard_quicksort,reverse_sorted,1800,5,184,237405
standard_quicksort,reverse_sorted,1800,6,201,237405
standard_quicksort,reverse_sorted,1800,7,193,237405
standard_quicksort,reverse_sorted,1800,8,184,237405
standard_quicksort,reverse_sorted,1800,9,188,237405
standard_quicksort,reverse_sorted,1800,10,210,237405
standard_mergesort,reverse_sorted,1800,1,667,15821
standard_mergesort,reverse_sorted,1800,2,598,15821
standard_mergesort,reverse_sorted,1800,3,600,15821
standard_mergesort,reverse_sorted,1800,4,578,15821
standard_mergesort,reverse_sorted,1800,5,632,15821
standard_mergesort,reverse_sorted,1800,6,594,15821
standard_mergesort,reverse_sorted,1800,7,576,15821
standard_mergesort,reverse_sorted,1800,8,556,15821
standard_mergesort,reverse_sorted,1800,9,562,15821
standard_mergesort,reverse_sorted,1800,10,575,15821
ternary_string_quicksort,reverse_sorted,1800,1,78,26059
ternary_string_quicksort,reverse_sorted,1800,2,67,26059
ternary_string_quicksort,reverse_sorted,1800,3,62,26059
ternary_string_quicksort,reverse_sorted,1800,4,60,26059
ternary_string_quicksort,reverse_sorted,1800,5,61,26059
ternary_string_quicksort,reverse_sorted,1800,6,53,26059
ternary_string_quicksort,reverse_sorted,1800,7,56,26059
ternary_string_quicksort,reverse_sorted,1800,8,56,26059
ternary_string_quicksort,reverse_sorted,1800,9,56,26059
ternary_string_quicksort,reverse_sorted,1800,10,56,26059
lcp_mergesort,reverse_sorted,1800,1,858,6936
lcp_mergesort,reverse_sorted,1800,2,853,6936
lcp_mergesort,reverse_sorted,1800,3,852,6936
lcp_mergesort,reverse_sorted,1800,4,874,6936
lcp_mergesort,reverse_sorted,1800,5,844,6936
lcp_mergesort,reverse_sorted,1800,6,845,6936
lcp_mergesort,reverse_sorted,1800,7,851,6936
lcp_mergesort,reverse_sorted,1800,8,852,6936
lcp_mergesort,reverse_sorted,1800,9,852,6936
lcp_mergesort,reverse_sorted,1800,10,847,6936
msd_radix_sort,reverse_sorted,1800,1,601,4362
msd_radix_sort,reverse_sorted,1800,2,579,4362
msd_radix_sort,reverse_sorted,1800,3,600,4362
msd_radix_sort,reverse_sorted,1800,4,645,4362
msd_radix_sort,reverse_sorted,1800,5,585,4362
msd_radix_sort,reverse_sorted,1800,6,588,4362
msd_radix_sort,reverse_sorted,1800,7,609,4362
msd_radix_sort,reverse_sorted,1800,8,610,4362
msd_radix_sort,reverse_sorted,1800,9,585,4362
msd_radix_sort,reverse_sorted,1800,10,605,4362
msd_radix_sort_with_quicksort,reverse_sorted,1800,1,174,13978
msd_radix_sort_with_quicksort,reverse_sorted,1800,2,186,13978
msd_radix_sort_with_quicksort,reverse_sorted,1800,3,154,13978
msd_radix_sort_with_quicksort,reverse_sorted,1800,4,160,13978
msd_radix_sort_with_quicksort,reverse_sorted,1800,5,155,13978
msd_radix_sort_with_quicksort,reverse_sorted,1800,6,149,13978
msd_radix_sort_with_quicksort,reverse_sorted,1800,7,161,13978
msd_radix_sort_with_quicksort,reverse_sorted,1800,8,154,13978
msd_radix_sort_with_quicksort,reverse_sorted,1800,9,165,13978
msd_radix_sort_with_quicksort,reverse_sorted,1800,10,156,13978
standard_quicksort,reverse_sorted,1900,1,188,233465
standard_quicksort,reverse_sorted,1900,2,187,233465
standard_quicksort,reverse_sorted,1900,3,195,233465
standard_quicksort,reverse_sorted,1900,4,188,233465
standard_quicksort,reverse_sorted,1900,5,186,233465
standard_quicksort,reverse_sorted,1900,6,201,233465
standard_quicksort,reverse_sorted,1900,7,194,233465
standard_quicksort,reverse_sorted,1900,8,189,233465
standard_quicksort,reverse_sorted,1900,9,203,233465
standard_quicksort,reverse_sorted,1900,10,194,233465
standard_mergesort,reverse_sorted,1900,1,645,16723
standard_mergesort,reverse_sorted,1900,2,637,16723
standard_mergesort,reverse_sorted,1900,3,650,16723
standard_mergesort,reverse_sorted,1900,4,626,16723
standard_mergesort,reverse_sorted,1900,5,637,16723
standard_mergesort,reverse_sorted,1900,6,605,16723
standard_mergesort,reverse_sorted,1900,7,612,16723
standard_mergesort,reverse_sorted,1900,8,664,16723
standard_mergesort,reverse_sorted,1900,9,630,16723
standard_mergesort,reverse_sorted,1900,10,611,16723
ternary_string_quicksort,reverse_sorted,1900,1,94,27934
ternary_string_quicksort,reverse_sorted,1900,2,72,27934
ternary_string_quicksort,reverse_sorted,1900,3,67,27934
ternary_string_quicksort,reverse_sorted,1900,4,64,27934
ternary_string_quicksort,reverse_sorted,1900,5,59,27934
ternary_string_quicksort,reverse_sorted,1900,6,60,27934
ternary_string_quicksort,reverse_sorted,1900,7,65,27934
ternary_string_quicksort,reverse_sorted,1900,8,56,27934
ternary_string_quicksort,reverse_sorted,1900,9,60,27934
ternary_string_quicksort,reverse_sorted,1900,10,60,27934
lcp_mergesort,reverse_sorted,1900,1,912,7337
lcp_mergesort,reverse_sorted,1900,2,898,7337
lcp_mergesort,reverse_sorted,1900,3,898,7337
lcp_mergesort,reverse_sorted,1900,4,888,7337
lcp_mergesort,reverse_sorted,1900,5,902,7337
lcp_mergesort,reverse_sorted,1900,6,936,7337
lcp_mergesort,reverse_sorted,1900,7,897,7337
lcp_mergesort,reverse_sorted,1900,8,893,7337
lcp_mergesort,reverse_sorted,1900,9,896,7337
lcp_mergesort,reverse_sorted,1900,10,898,7337
msd_radix_sort,reverse_sorted,1900,1,645,4609
msd_radix_sort,reverse_sorted,1900,2,645,4609
msd_radix_sort,reverse_sorted,1900,3,611,4609
msd_radix_sort,reverse_sorted,1900,4,611,4609
msd_radix_sort,reverse_sorted,1900,5,648,4609
msd_radix_sort,reverse_sorted,1900,6,620,4609
msd_radix_sort,reverse_sorted,1900,7,612,4609
msd_radix_sort,reverse_sorted,1900,8,614,4609
msd_radix_sort,reverse_sorted,1900,9,629,4609
msd_radix_sort,reverse_sorted,1900,10,641,4609
msd_radix_sort_with_quicksort,reverse_sorted,1900,1,193,14783
msd_radix_sort_with_quicksort,reverse_sorted,1900,2,181,14783
msd_radix_sort_with_quicksort,reverse_sorted,1900,3,185,14783
msd_radix_sort_with_quicksort,reverse_sorted,1900,4,160,14783
msd_radix_sort_with_quicksort,reverse_sorted,1900,5,166,14783
msd_radix_sort_with_quicksort,reverse_sorted,1900,6,165,14783
msd_radix_sort_with_quicksort,reverse_sorted,1900,7,165,14783
msd_radix_sort_with_quicksort,reverse_sorted,1900,8,156,14783
msd_radix_sort_with_quicksort,reverse_sorted,1900,9,166,14783
msd_radix_sort_with_quicksort,reverse_sorted,1900,10,181,14783
standard_quicksort,reverse_sorted,2000,1,193,235833
standard_quicksort,reverse_sorted,2000,2,193,235833
standard_quicksort,reverse_sorted,2000,3,199,235833
standard_quicksort,reverse_sorted,2000,4,191,235833
standard_quicksort,reverse_sorted,2000,5,191,235833
standard_quicksort,reverse_sorted,2000,6,206,235833
standard_quicksort,reverse_sorted,2000,7,192,235833
standard_quicksort,reverse_sorted,2000,8,197,235833
standard_quicksort,reverse_sorted,2000,9,192,235833
standard_quicksort,reverse_sorted,2000,10,191,235833
standard_mergesort,reverse_sorted,2000,1,822,17348
standard_mergesort,reverse_sorted,2000,2,652,17348
standard_mergesort,reverse_sorted,2000,3,636,17348
standard_mergesort,reverse_sorted,2000,4,647,17348
standard_mergesort,reverse_sorted,2000,5,645,17348
standard_mergesort,reverse_sorted,2000,6,652,17348
standard_mergesort,reverse_sorted,2000,7,622,17348
standard_mergesort,reverse_sorted,2000,8,652,17348
standard_mergesort,reverse_sorted,2000,9,650,17348
standard_mergesort,reverse_sorted,2000,10,650,17348
ternary_string_quicksort,reverse_sorted,2000,1,86,29292
ternary_string_quicksort,reverse_sorted,2000,2,75,29292
ternary_string_quicksort,reverse_sorted,2000,3,71,29292
ternary_string_quicksort,reverse_sorted,2000,4,67,29292
ternary_string_quicksort,reverse_sorted,2000,5,66,29292
ternary_string_quicksort,reverse_sorted,2000,6,66,29292
ternary_string_quicksort,reverse_sorted,2000,7,64,29292
ternary_string_quicksort,reverse_sorted,2000,8,59,29292
ternary_string_quicksort,reverse_sorted,2000,9,59,29292
ternary_string_quicksort,reverse_sorted,2000,10,62,29292
lcp_mergesort,reverse_sorted,2000,1,926,7612
lcp_mergesort,reverse_sorted,2000,2,899,7612
lcp_mergesort,reverse_sorted,2000,3,910,7612
lcp_mergesort,reverse_sorted,2000,4,917,7612
lcp_mergesort,reverse_sorted,2000,5,921,7612
lcp_mergesort,reverse_sorted,2000,6,908,7612
lcp_mergesort,reverse_sorted,2000,7,916,7612
lcp_mergesort,reverse_sorted,2000,8,917,7612
lcp_mergesort,reverse_sorted,2000,9,923,7612
lcp_mergesort,reverse_sorted,2000,10,916,7612
msd_radix_sort,reverse_sorted,2000,1,689,4849
msd_radix_sort,reverse_sorted,2000,2,670,4849
msd_radix_sort,reverse_sorted,2000,3,637,4849
msd_radix_sort,reverse_sorted,2000,4,688,4849
msd_radix_sort,reverse_sorted,2000,5,666,4849
msd_radix_sort,reverse_sorted,2000,6,674,4849
msd_radix_sort,reverse_sorted,2000,7,656,4849
msd_radix_sort,reverse_sorted,2000,8,645,4849
msd_radix_sort,reverse_sorted,2000,9,657,4849
msd_radix_sort,reverse_sorted,2000,10,661,4849
msd_radix_sort_with_quicksort,reverse_sorted,2000,1,198,15566
msd_radix_sort_with_quicksort,reverse_sorted,2000,2,199,15566
msd_radix_sort_with_quicksort,reverse_sorted,2000,3,169,15566
msd_radix_sort_with_quicksort,reverse_sorted,2000,4,178,15566
msd_radix_sort_with_quicksort,reverse_sorted,2000,5,175,15566
msd_radix_sort_with_quicksort,reverse_sorted,2000,6,174,15566
msd_radix_sort_with_quicksort,reverse_sorted,2000,7,169,15566
msd_radix_sort_with_quicksort,reverse_sorted,2000,8,163,15566
msd_radix_sort_with_quicksort,reverse_sorted,2000,9,161,15566
msd_radix_sort_with_quicksort,reverse_sorted,2000,10,193,15566
standard_quicksort,reverse_sorted,2100,1,229,255244
standard_quicksort,reverse_sorted,2100,2,211,255244
standard_quicksort,reverse_sorted,2100,3,207,255244
standard_quicksort,reverse_sorted,2100,4,210,255244
standard_quicksort,reverse_sorted,2100,5,208,255244
standard_quicksort,reverse_sorted,2100,6,212,255244
standard_quicksort,reverse_sorted,2100,7,205,255244
standard_quicksort,reverse_sorted,2100,8,205,255244
standard_quicksort,reverse_sorted,2100,9,199,255244
standard_quicksort,reverse_sorted,2100,10,210,255244
standard_mergesort,reverse_sorted,2100,1,734,18449
standard_mergesort,reverse_sorted,2100,2,720,18449
standard_mergesort,reverse_sorted,2100,3,700,18449
standard_mergesort,reverse_sorted,2100,4,704,18449
standard_mergesort,reverse_sorted,2100,5,685,18449
standard_mergesort,reverse_sorted,2100,6,700,18449
standard_mergesort,reverse_sorted,2100,7,724,18449
standard_mergesort,reverse_sorted,2100,8,696,18449
standard_mergesort,reverse_sorted,2100,9,698,18449
standard_mergesort,reverse_sorted,2100,10,694,18449
ternary_string_quicksort,reverse_sorted,2100,1,102,31301
ternary_string_quicksort,reverse_sorted,2100,2,75,31301
ternary_string_quicksort,reverse_sorted,2100,3,70,31301
ternary_string_quicksort,reverse_sorted,2100,4,67,31301
ternary_string_quicksort,reverse_sorted,2100,5,74,31301
ternary_string_quicksort,reverse_sorted,2100,6,65,31301
ternary_string_quicksort,reverse_sorted,2100,7,70,31301
ternary_string_quicksort,reverse_sorted,2100,8,71,31301
ternary_string_quicksort,reverse_sorted,2100,9,61,31301
ternary_string_quicksort,reverse_sorted,2100,10,62,31301
lcp_mergesort,reverse_sorted,2100,1,1024,8060
lcp_mergesort,reverse_sorted,2100,2,1002,8060
lcp_mergesort,reverse_sorted,2100,3,1011,8060
lcp_mergesort,reverse_sorted,2100,4,1009,8060
lcp_mergesort,reverse_sorted,2100,5,997,8060
lcp_mergesort,reverse_sorted,2100,6,993,8060
lcp_mergesort,reverse_sorted,2100,7,1002,8060
lcp_mergesort,reverse_sorted,2100,8,1004,8060
lcp_mergesort,reverse_sorted,2100,9,1018,8060
lcp_mergesort,reverse_sorted,2100,10,993,8060
msd_radix_sort,reverse_sorted,2100,1,738,5093
msd_radix_sort,reverse_sorted,2100,2,680,5093
msd_radix_sort,reverse_sorted,2100,3,674,5093
msd_radix_sort,reverse_sorted,2100,4,693,5093
msd_radix_sort,reverse_sorted,2100,5,700,5093
msd_radix_sort,reverse_sorted,2100,6,688,5093
msd_radix_sort,reverse_sorted,2100,7,707,5093
msd_radix_sort,reverse_sorted,2100,8,685,5093
msd_radix_sort,reverse_sorted,2100,9,689,5093
msd_radix_sort,reverse_sorted,2100,10,700,5093
msd_radix_sort_with_quicksort,reverse_sorted,2100,1,231,16364
msd_radix_sort_with_quicksort,reverse_sorted,2100,2,214,16364
msd_radix_sort_with_quicksort,reverse_sorted,2100,3,205,16364
msd_radix_sort_with_quicksort,reverse_sorted,2100,4,175,16364
msd_radix_sort_with_quicksort,reverse_sorted,2100,5,193,16364
msd_radix_sort_with_quicksort,reverse_sorted,2100,6,174,16364
msd_radix_sort_with_quicksort,reverse_sorted,2100,7,181,16364
msd_radix_sort_with_quicksort,reverse_sorted,2100,8,189,16364
msd_radix_sort_with_quicksort,reverse_sorted,2100,9,184,16364
msd_radix_sort_with_quicksort,reverse_sorted,2100,10,179,16364
standard_quicksort,reverse_sorted,2200,1,227,273428
standard_quicksort,reverse_sorted,2200,2,227,273428
standard_quicksort,reverse_sorted,2200,3,224,273428
standard_quicksort,reverse_sorted,2200,4,214,273428
standard_quicksort,reverse_sorted,2200,5,224,273428
standard_quicksort,reverse_sorted,2200,6,227,273428
standard_quicksort,reverse_sorted,2200,7,225,273428
standard_quicksort,reverse_sorted,2200,8,225,273428
standard_quicksort,reverse_sorted,2200,9,224,273428
standard_quicksort,reverse_sorted,2200,10,231,273428
standard_mergesort,reverse_sorted,2200,1,822,19756
standard_mergesort,reverse_sorted,2200,2,739,19756
standard_mergesort,reverse_sorted,2200,3,750,19756
standard_mergesort,reverse_sorted,2200,4,752,19756
standard_mergesort,reverse_sorted,2200,5,731,19756
standard_mergesort,reverse_sorted,2200,6,747,19756
standard_mergesort,reverse_sorted,2200,7,740,19756
standard_mergesort,reverse_sorted,2200,8,758,19756
standard_mergesort,reverse_sorted,2200,9,739,19756
standard_mergesort,reverse_sorted,2200,10,728,19756
ternary_string_quicksort,reverse_sorted,2200,1,94,32912
ternary_string_quicksort,reverse_sorted,2200,2,86,32912
ternary_string_quicksort,reverse_sorted,2200,3,77,32912
ternary_string_quicksort,reverse_sorted,2200,4,79,32912
ternary_string_quicksort,reverse_sorted,2200,5,79,32912
ternary_string_quicksort,reverse_sorted,2200,6,74,32912
ternary_string_quicksort,reverse_sorted,2200,7,68,32912
ternary_string_quicksort,reverse_sorted,2200,8,67,32912
ternary_string_quicksort,reverse_sorted,2200,9,67,32912
ternary_string_quicksort,reverse_sorted,2200,10,66,32912
lcp_mergesort,reverse_sorted,2200,1,1080,8612
lcp_mergesort,reverse_sorted,2200,2,1066,8612
lcp_mergesort,reverse_sorted,2200,3,1064,8612
lcp_mergesort,reverse_sorted,2200,4,1068,8612
lcp_mergesort,reverse_sorted,2200,5,1098,8612
lcp_mergesort,reverse_sorted,2200,6,1077,8612
lcp_mergesort,reverse_sorted,2200,7,1088,8612
lcp_mergesort,reverse_sorted,2200,8,1051,8612
lcp_mergesort,reverse_sorted,2200,9,1060,8612
lcp_mergesort,reverse_sorted,2200,10,1056,8612
msd_radix_sort,reverse_sorted,2200,1,734,5337
msd_radix_sort,reverse_sorted,2200,2,724,5337
msd_radix_sort,reverse_sorted,2200,3,727,5337
msd_radix_sort,reverse_sorted,2200,4,731,5337
msd_radix_sort,reverse_sorted,2200,5,719,5337
msd_radix_sort,reverse_sorted,2200,6,742,5337
msd_radix_sort,reverse_sorted,2200,7,746,5337
msd_radix_sort,reverse_sorted,2200,8,712,5337
msd_radix_sort,reverse_sorted,2200,9,708,5337
msd_radix_sort,reverse_sorted,2200,10,737,5337
msd_radix_sort_with_quicksort,reverse_sorted,2200,1,225,17196
msd_radix_sort_with_quicksort,reverse_sorted,2200,2,199,17196
msd_radix_sort_with_quicksort,reverse_sorted,2200,3,186,17196
msd_radix_sort_with_quicksort,reverse_sorted,2200,4,198,17196
msd_radix_sort_with_quicksort,reverse_sorted,2200,5,189,17196
msd_radix_sort_with_quicksort,reverse_sorted,2200,6,182,17196
msd_radix_sort_with_quicksort,reverse_sorted,2200,7,194,17196
msd_radix_sort_with_quicksort,reverse_sorted,2200,8,185,17196
msd_radix_sort_with_quicksort,reverse_sorted,2200,9,185,17196
msd_radix_sort_with_quicksort,reverse_sorted,2200,10,191,17196
standard_quicksort,reverse_sorted,2300,1,238,301549
standard_quicksort,reverse_sorted,2300,2,233,301549
standard_quicksort,reverse_sorted,2300,3,245,301549
standard_quicksort,reverse_sorted,2300,4,235,301549
standard_quicksort,reverse_sorted,2300,5,233,301549
standard_quicksort,reverse_sorted,2300,6,241,301549
standard_quicksort,reverse_sorted,2300,7,235,301549
standard_quicksort,reverse_sorted,2300,8,241,301549
standard_quicksort,reverse_sorted,2300,9,233,301549
standard_quicksort,reverse_sorted,2300,10,242,301549
standard_mergesort,reverse_sorted,2300,1,821,20890
standard_mergesort,reverse_sorted,2300,2,778,20890
standard_mergesort,reverse_sorted,2300,3,764,20890
standard_mergesort,reverse_sorted,2300,4,772,20890
standard_mergesort,reverse_sorted,2300,5,771,20890
standard_mergesort,reverse_sorted,2300,6,772,20890
standard_mergesort,reverse_sorted,2300,7,807,20890
standard_mergesort,reverse_sorted,2300,8,761,20890
standard_mergesort,reverse_sorted,2300,9,757,20890
standard_mergesort,reverse_sorted,2300,10,804,20890
ternary_string_quicksort,reverse_sorted,2300,1,109,34486
ternary_string_quicksort,reverse_sorted,2300,2,90,34486
ternary_string_quicksort,reverse_sorted,2300,3,78,34486
ternary_string_quicksort,reverse_sorted,2300,4,84,34486
ternary_string_quicksort,reverse_sorted,2300,5,83,34486
ternary_string_quicksort,reverse_sorted,2300,6,84,34486
ternary_string_quicksort,reverse_sorted,2300,7,78,34486
ternary_string_quicksort,reverse_sorted,2300,8,71,34486
ternary_string_quicksort,reverse_sorted,2300,9,75,34486
ternary_string_quicksort,reverse_sorted,2300,10,74,34486
lcp_mergesort,reverse_sorted,2300,1,1138,9073
lcp_mergesort,reverse_sorted,2300,2,1137,9073
lcp_mergesort,reverse_sorted,2300,3,1127,9073
lcp_mergesort,reverse_sorted,2300,4,1133,9073
lcp_mergesort,reverse_sorted,2300,5,1136,9073
lcp_mergesort,reverse_sorted,2300,6,1123,9073
lcp_mergesort,reverse_sorted,2300,7,1144,9073
lcp_mergesort,reverse_sorted,2300,8,1213,9073
lcp_mergesort,reverse_sorted,2300,9,1159,9073
lcp_mergesort,reverse_sorted,2300,10,1149,9073
msd_radix_sort,reverse_sorted,2300,1,795,5572
msd_radix_sort,reverse_sorted,2300,2,776,5572
msd_radix_sort,reverse_sorted,2300,3,758,5572
msd_radix_sort,reverse_sorted,2300,4,755,5572
msd_radix_sort,reverse_sorted,2300,5,768,5572
msd_radix_sort,reverse_sorted,2300,6,755,5572
msd_radix_sort,reverse_sorted,2300,7,737,5572
msd_radix_sort,reverse_sorted,2300,8,745,5572
msd_radix_sort,reverse_sorted,2300,9,781,5572
msd_radix_sort,reverse_sorted,2300,10,758,5572
msd_radix_sort_with_quicksort,reverse_sorted,2300,1,244,17945
msd_radix_sort_with_quicksort,reverse_sorted,2300,2,206,17945
msd_radix_sort_with_quicksort,reverse_sorted,2300,3,205,17945
msd_radix_sort_with_quicksort,reverse_sorted,2300,4,216,17945
msd_radix_sort_with_quicksort,reverse_sorted,2300,5,204,17945
msd_radix_sort_with_quicksort,reverse_sorted,2300,6,189,17945
msd_radix_sort_with_quicksort,reverse_sorted,2300,7,189,17945
msd_radix_sort_with_quicksort,reverse_sorted,2300,8,188,17945
msd_radix_sort_with_quicksort,reverse_sorted,2300,9,187,17945
msd_radix_sort_with_quicksort,reverse_sorted,2300,10,188,17945
standard_quicksort,reverse_sorted,2400,1,256,318333
standard_quicksort,reverse_sorted,2400,2,260,318333
standard_quicksort,reverse_sorted,2400,3,246,318333
standard_quicksort,reverse_sorted,2400,4,248,318333
standard_quicksort,reverse_sorted,2400,5,261,318333
standard_quicksort,reverse_sorted,2400,6,257,318333
standard_quicksort,reverse_sorted,2400,7,256,318333
standard_quicksort,reverse_sorted,2400,8,249,318333
standard_quicksort,reverse_sorted,2400,9,252,318333
standard_quicksort,reverse_sorted,2400,10,274,318333
standard_mergesort,reverse_sorted,2400,1,878,22052
standard_mergesort,reverse_sorted,2400,2,815,22052
standard_mergesort,reverse_sorted,2400,3,822,22052
standard_mergesort,reverse_sorted,2400,4,794,22052
standard_mergesort,reverse_sorted,2400,5,795,22052
standard_mergesort,reverse_sorted,2400,6,808,22052
standard_mergesort,reverse_sorted,2400,7,853,22052
standard_mergesort,reverse_sorted,2400,8,809,22052
standard_mergesort,reverse_sorted,2400,9,796,22052
standard_mergesort,reverse_sorted,2400,10,802,22052
ternary_string_quicksort,reverse_sorted,2400,1,110,36194
ternary_string_quicksort,reverse_sorted,2400,2,87,36194
ternary_string_quicksort,reverse_sorted,2400,3,86,36194
ternary_string_quicksort,reverse_sorted,2400,4,89,36194
ternary_string_quicksort,reverse_sorted,2400,5,86,36194
ternary_string_quicksort,reverse_sorted,2400,6,89,36194
ternary_string_quicksort,reverse_sorted,2400,7,74,36194
ternary_string_quicksort,reverse_sorted,2400,8,86,36194
ternary_string_quicksort,reverse_sorted,2400,9,84,36194
ternary_string_quicksort,reverse_sorted,2400,10,83,36194
lcp_mergesort,reverse_sorted,2400,1,1202,9492
lcp_mergesort,reverse_sorted,2400,2,1197,9492
lcp_mergesort,reverse_sorted,2400,3,1195,9492
lcp_mergesort,reverse_sorted,2400,4,1176,9492
lcp_mergesort,reverse_sorted,2400,5,1197,9492
lcp_mergesort,reverse_sorted,2400,6,1176,9492
lcp_mergesort,reverse_sorted,2400,7,1188,9492
lcp_mergesort,reverse_sorted,2400,8,1224,9492
lcp_mergesort,reverse_sorted,2400,9,1194,9492
lcp_mergesort,reverse_sorted,2400,10,1191,9492
msd_radix_sort,reverse_sorted,2400,1,815,5813
msd_radix_sort,reverse_sorted,2400,2,803,5813
msd_radix_sort,reverse_sorted,2400,3,781,5813
msd_radix_sort,reverse_sorted,2400,4,770,5813
msd_radix_sort,reverse_sorted,2400,5,764,5813
msd_radix_sort,reverse_sorted,2400,6,771,5813
msd_radix_sort,reverse_sorted,2400,7,774,5813
msd_radix_sort,reverse_sorted,2400,8,806,5813
msd_radix_sort,reverse_sorted,2400,9,825,5813
msd_radix_sort,reverse_sorted,2400,10,793,5813
msd_radix_sort_with_quicksort,reverse_sorted,2400,1,230,18729
msd_radix_sort_with_quicksort,reverse_sorted,2400,2,212,18729
msd_radix_sort_with_quicksort,reverse_sorted,2400,3,206,18729
msd_radix_sort_with_quicksort,reverse_sorted,2400,4,219,18729
msd_radix_sort_with_quicksort,reverse_sorted,2400,5,207,18729
msd_radix_sort_with_quicksort,reverse_sorted,2400,6,206,18729
msd_radix_sort_with_quicksort,reverse_sorted,2400,7,203,18729
msd_radix_sort_with_quicksort,reverse_sorted,2400,8,206,18729
msd_radix_sort_with_quicksort,reverse_sorted,2400,9,235,18729
msd_radix_sort_with_quicksort,reverse_sorted,2400,10,200,18729
standard_quicksort,reverse_sorted,2500,1,277,345551
standard_quicksort,reverse_sorted,2500,2,267,345551
standard_quicksort,reverse_sorted,2500,3,267,345551
standard_quicksort,reverse_sorted,2500,4,278,345551
standard_quicksort,reverse_sorted,2500,5,268,345551
standard_quicksort,reverse_sorted,2500,6,265,345551
standard_quicksort,reverse_sorted,2500,7,265,345551
standard_quicksort,reverse_sorted,2500,8,277,345551
standard_quicksort,reverse_sorted,2500,9,292,345551
standard_quicksort,reverse_sorted,2500,10,271,345551
standard_mergesort,reverse_sorted,2500,1,910,23073
standard_mergesort,reverse_sorted,2500,2,878,23073
standard_mergesort,reverse_sorted,2500,3,855,23073
standard_mergesort,reverse_sorted,2500,4,861,23073
standard_mergesort,reverse_sorted,2500,5,865,23073
standard_mergesort,reverse_sorted,2500,6,878,23073
standard_mergesort,reverse_sorted,2500,7,877,23073
standard_mergesort,reverse_sorted,2500,8,877,23073
standard_mergesort,reverse_sorted,2500,9,877,23073
standard_mergesort,reverse_sorted,2500,10,869,23073
ternary_string_quicksort,reverse_sorted,2500,1,125,38158
ternary_string_quicksort,reverse_sorted,2500,2,103,38158
ternary_string_quicksort,reverse_sorted,2500,3,87,38158
ternary_string_quicksort,reverse_sorted,2500,4,90,38158
ternary_string_quicksort,reverse_sorted,2500,5,92,38158
ternary_string_quicksort,reverse_sorted,2500,6,86,38158
ternary_string_quicksort,reverse_sorted,2500,7,85,38158
ternary_string_quicksort,reverse_sorted,2500,8,89,38158
ternary_string_quicksort,reverse_sorted,2500,9,79,38158
ternary_string_quicksort,reverse_sorted,2500,10,78,38158
lcp_mergesort,reverse_sorted,2500,1,1248,9861
lcp_mergesort,reverse_sorted,2500,2,1252,9861
lcp_mergesort,reverse_sorted,2500,3,1241,9861
lcp_mergesort,reverse_sorted,2500,4,1224,9861
lcp_mergesort,reverse_sorted,2500,5,1220,9861
lcp_mergesort,reverse_sorted,2500,6,1233,9861
lcp_mergesort,reverse_sorted,2500,7,1257,9861
lcp_mergesort,reverse_sorted,2500,8,1240,9861
lcp_mergesort,reverse_sorted,2500,9,1218,9861
lcp_mergesort,reverse_sorted,2500,10,1222,9861
msd_radix_sort,reverse_sorted,2500,1,842,6052
msd_radix_sort,reverse_sorted,2500,2,821,6052
msd_radix_sort,reverse_sorted,2500,3,815,6052
msd_radix_sort,reverse_sorted,2500,4,820,6052
msd_radix_sort,reverse_sorted,2500,5,822,6052
msd_radix_sort,reverse_sorted,2500,6,832,6052
msd_radix_sort,reverse_sorted,2500,7,820,6052
msd_radix_sort,reverse_sorted,2500,8,821,6052
msd_radix_sort,reverse_sorted,2500,9,816,6052
msd_radix_sort,reverse_sorted,2500,10,841,6052
msd_radix_sort_with_quicksort,reverse_sorted,2500,1,232,19486
msd_radix_sort_with_quicksort,reverse_sorted,2500,2,218,19486
msd_radix_sort_with_quicksort,reverse_sorted,2500,3,214,19486
msd_radix_sort_with_quicksort,reverse_sorted,2500,4,232,19486
msd_radix_sort_with_quicksort,reverse_sorted,2500,5,208,19486
msd_radix_sort_with_quicksort,reverse_sorted,2500,6,206,19486
msd_radix_sort_with_quicksort,reverse_sorted,2500,7,265,19486
msd_radix_sort_with_quicksort,reverse_sorted,2500,8,207,19486
msd_radix_sort_with_quicksort,reverse_sorted,2500,9,222,19486
msd_radix_sort_with_quicksort,reverse_sorted,2500,10,218,19486
standard_quicksort,reverse_sorted,2600,1,307,370014
standard_quicksort,reverse_sorted,2600,2,295,370014
standard_quicksort,reverse_sorted,2600,3,283,370014
standard_quicksort,reverse_sorted,2600,4,301,370014
standard_quicksort,reverse_sorted,2600,5,283,370014
standard_quicksort,reverse_sorted,2600,6,306,370014
standard_quicksort,reverse_sorted,2600,7,283,370014
standard_quicksort,reverse_sorted,2600,8,296,370014
standard_quicksort,reverse_sorted,2600,9,290,370014
standard_quicksort,reverse_sorted,2600,10,293,370014
standard_mergesort,reverse_sorted,2600,1,916,24160
standard_mergesort,reverse_sorted,2600,2,857,24160
standard_mergesort,reverse_sorted,2600,3,927,24160
standard_mergesort,reverse_sorted,2600,4,861,24160
standard_mergesort,reverse_sorted,2600,5,855,24160
standard_mergesort,reverse_sorted,2600,6,855,24160
standard_mergesort,reverse_sorted,2600,7,864,24160
standard_mergesort,reverse_sorted,2600,8,882,24160
standard_mergesort,reverse_sorted,2600,9,890,24160
standard_mergesort,reverse_sorted,2600,10,916,24160
ternary_string_quicksort,reverse_sorted,2600,1,117,39774
ternary_string_quicksort,reverse_sorted,2600,2,97,39774
ternary_string_quicksort,reverse_sorted,2600,3,90,39774
ternary_string_quicksort,reverse_sorted,2600,4,96,39774
ternary_string_quicksort,reverse_sorted,2600,5,86,39774
ternary_string_quicksort,reverse_sorted,2600,6,85,39774
ternary_string_quicksort,reverse_sorted,2600,7,92,39774
ternary_string_quicksort,reverse_sorted,2600,8,91,39774
ternary_string_quicksort,reverse_sorted,2600,9,91,39774
ternary_string_quicksort,reverse_sorted,2600,10,86,39774
lcp_mergesort,reverse_sorted,2600,1,1285,10415
lcp_mergesort,reverse_sorted,2600,2,1282,10415
lcp_mergesort,reverse_sorted,2600,3,1284,10415
lcp_mergesort,reverse_sorted,2600,4,1269,10415
lcp_mergesort,reverse_sorted,2600,5,1305,10415
lcp_mergesort,reverse_sorted,2600,6,1292,10415
lcp_mergesort,reverse_sorted,2600,7,1256,10415
lcp_mergesort,reverse_sorted,2600,8,1269,10415
lcp_mergesort,reverse_sorted,2600,9,1281,10415
lcp_mergesort,reverse_sorted,2600,10,1264,10415
msd_radix_sort,reverse_sorted,2600,1,873,6287
msd_radix_sort,reverse_sorted,2600,2,871,6287
msd_radix_sort,reverse_sorted,2600,3,845,6287
msd_radix_sort,reverse_sorted,2600,4,840,6287
msd_radix_sort,reverse_sorted,2600,5,861,6287
msd_radix_sort,reverse_sorted,2600,6,859,6287
msd_radix_sort,reverse_sorted,2600,7,840,6287
msd_radix_sort,reverse_sorted,2600,8,831,6287
msd_radix_sort,reverse_sorted,2600,9,832,6287
msd_radix_sort,reverse_sorted,2600,10,870,6287
msd_radix_sort_with_quicksort,reverse_sorted,2600,1,251,20280
msd_radix_sort_with_quicksort,reverse_sorted,2600,2,231,20280
msd_radix_sort_with_quicksort,reverse_sorted,2600,3,235,20280
msd_radix_sort_with_quicksort,reverse_sorted,2600,4,222,20280
msd_radix_sort_with_quicksort,reverse_sorted,2600,5,226,20280
msd_radix_sort_with_quicksort,reverse_sorted,2600,6,239,20280
msd_radix_sort_with_quicksort,reverse_sorted,2600,7,226,20280
msd_radix_sort_with_quicksort,reverse_sorted,2600,8,224,20280
msd_radix_sort_with_quicksort,reverse_sorted,2600,9,223,20280
msd_radix_sort_with_quicksort,reverse_sorted,2600,10,224,20280
standard_quicksort,reverse_sorted,2700,1,309,389570
standard_quicksort,reverse_sorted,2700,2,305,389570
standard_quicksort,reverse_sorted,2700,3,319,389570
standard_quicksort,reverse_sorted,2700,4,303,389570
standard_quicksort,reverse_sorted,2700,5,319,389570
standard_quicksort,reverse_sorted,2700,6,300,389570
standard_quicksort,reverse_sorted,2700,7,308,389570
standard_quicksort,reverse_sorted,2700,8,301,389570
standard_quicksort,reverse_sorted,2700,9,309,389570
standard_quicksort,reverse_sorted,2700,10,316,389570
standard_mergesort,reverse_sorted,2700,1,986,25333
standard_mergesort,reverse_sorted,2700,2,921,25333
standard_mergesort,reverse_sorted,2700,3,921,25333
standard_mergesort,reverse_sorted,2700,4,937,25333
standard_mergesort,reverse_sorted,2700,5,910,25333
standard_mergesort,reverse_sorted,2700,6,909,25333
standard_mergesort,reverse_sorted,2700,7,972,25333
standard_mergesort,reverse_sorted,2700,8,904,25333
standard_mergesort,reverse_sorted,2700,9,914,25333
standard_mergesort,reverse_sorted,2700,10,934,25333
ternary_string_quicksort,reverse_sorted,2700,1,117,41347
ternary_string_quicksort,reverse_sorted,2700,2,106,41347
ternary_string_quicksort,reverse_sorted,2700,3,97,41347
ternary_string_quicksort,reverse_sorted,2700,4,103,41347
ternary_string_quicksort,reverse_sorted,2700,5,102,41347
ternary_string_quicksort,reverse_sorted,2700,6,91,41347
ternary_string_quicksort,reverse_sorted,2700,7,93,41347
ternary_string_quicksort,reverse_sorted,2700,8,90,41347
ternary_string_quicksort,reverse_sorted,2700,9,96,41347
ternary_string_quicksort,reverse_sorted,2700,10,96,41347
lcp_mergesort,reverse_sorted,2700,1,1355,10856
lcp_mergesort,reverse_sorted,2700,2,1335,10856
lcp_mergesort,reverse_sorted,2700,3,1330,10856
lcp_mergesort,reverse_sorted,2700,4,1329,10856
lcp_mergesort,reverse_sorted,2700,5,1323,10856
lcp_mergesort,reverse_sorted,2700,6,1323,10856
lcp_mergesort,reverse_sorted,2700,7,1305,10856
lcp_mergesort,reverse_sorted,2700,8,1340,10856
lcp_mergesort,reverse_sorted,2700,9,1341,10856
lcp_mergesort,reverse_sorted,2700,10,1349,10856
msd_radix_sort,reverse_sorted,2700,1,911,6532
msd_radix_sort,reverse_sorted,2700,2,890,6532
msd_radix_sort,reverse_sorted,2700,3,905,6532
msd_radix_sort,reverse_sorted,2700,4,901,6532
msd_radix_sort,reverse_sorted,2700,5,920,6532
msd_radix_sort,reverse_sorted,2700,6,941,6532
msd_radix_sort,reverse_sorted,2700,7,930,6532
msd_radix_sort,reverse_sorted,2700,8,909,6532
msd_radix_sort,reverse_sorted,2700,9,960,6532
msd_radix_sort,reverse_sorted,2700,10,924,6532
msd_radix_sort_with_quicksort,reverse_sorted,2700,1,257,21082
msd_radix_sort_with_quicksort,reverse_sorted,2700,2,251,21082
msd_radix_sort_with_quicksort,reverse_sorted,2700,3,243,21082
msd_radix_sort_with_quicksort,reverse_sorted,2700,4,243,21082
msd_radix_sort_with_quicksort,reverse_sorted,2700,5,245,21082
msd_radix_sort_with_quicksort,reverse_sorted,2700,6,233,21082
msd_radix_sort_with_quicksort,reverse_sorted,2700,7,230,21082
msd_radix_sort_with_quicksort,reverse_sorted,2700,8,224,21082
msd_radix_sort_with_quicksort,reverse_sorted,2700,9,232,21082
msd_radix_sort_with_quicksort,reverse_sorted,2700,10,232,21082
standard_quicksort,reverse_sorted,2800,1,325,409699
standard_quicksort,reverse_sorted,2800,2,337,409699
standard_quicksort,reverse_sorted,2800,3,318,409699
standard_quicksort,reverse_sorted,2800,4,330,409699
standard_quicksort,reverse_sorted,2800,5,320,409699
standard_quicksort,reverse_sorted,2800,6,369,409699
standard_quicksort,reverse_sorted,2800,7,327,409699
standard_quicksort,reverse_sorted,2800,8,335,409699
standard_quicksort,reverse_sorted,2800,9,316,409699
standard_quicksort,reverse_sorted,2800,10,328,409699
standard_mergesort,reverse_sorted,2800,1,1437,26207
standard_mergesort,reverse_sorted,2800,2,1006,26207
standard_mergesort,reverse_sorted,2800,3,994,26207
standard_mergesort,reverse_sorted,2800,4,1021,26207
standard_mergesort,reverse_sorted,2800,5,1307,26207
standard_mergesort,reverse_sorted,2800,6,1573,26207
standard_mergesort,reverse_sorted,2800,7,1402,26207
standard_mergesort,reverse_sorted,2800,8,1032,26207
standard_mergesort,reverse_sorted,2800,9,1000,26207
standard_mergesort,reverse_sorted,2800,10,997,26207
ternary_string_quicksort,reverse_sorted,2800,1,130,43001
ternary_string_quicksort,reverse_sorted,2800,2,106,43001
ternary_string_quicksort,reverse_sorted,2800,3,108,43001
ternary_string_quicksort,reverse_sorted,2800,4,98,43001
ternary_string_quicksort,reverse_sorted,2800,5,104,43001
ternary_string_quicksort,reverse_sorted,2800,6,93,43001
ternary_string_quicksort,reverse_sorted,2800,7,102,43001
ternary_string_quicksort,reverse_sorted,2800,8,93,43001
ternary_string_quicksort,reverse_sorted,2800,9,97,43001
ternary_string_quicksort,reverse_sorted,2800,10,93,43001
lcp_mergesort,reverse_sorted,2800,1,1399,11138
lcp_mergesort,reverse_sorted,2800,2,1398,11138
lcp_mergesort,reverse_sorted,2800,3,1430,11138
lcp_mergesort,reverse_sorted,2800,4,1435,11138
lcp_mergesort,reverse_sorted,2800,5,1457,11138
lcp_mergesort,reverse_sorted,2800,6,1421,11138
lcp_mergesort,reverse_sorted,2800,7,1413,11138
lcp_mergesort,reverse_sorted,2800,8,1415,11138
lcp_mergesort,reverse_sorted,2800,9,1404,11138
lcp_mergesort,reverse_sorted,2800,10,1429,11138
msd_radix_sort,reverse_sorted,2800,1,927,6769
msd_radix_sort,reverse_sorted,2800,2,931,6769
msd_radix_sort,reverse_sorted,2800,3,903,6769
msd_radix_sort,reverse_sorted,2800,4,895,6769
msd_radix_sort,reverse_sorted,2800,5,893,6769
msd_radix_sort,reverse_sorted,2800,6,899,6769
msd_radix_sort,reverse_sorted,2800,7,905,6769
msd_radix_sort,reverse_sorted,2800,8,899,6769
msd_radix_sort,reverse_sorted,2800,9,901,6769
msd_radix_sort,reverse_sorted,2800,10,901,6769
msd_radix_sort_with_quicksort,reverse_sorted,2800,1,268,21853
msd_radix_sort_with_quicksort,reverse_sorted,2800,2,256,21853
msd_radix_sort_with_quicksort,reverse_sorted,2800,3,261,21853
msd_radix_sort_with_quicksort,reverse_sorted,2800,4,258,21853
msd_radix_sort_with_quicksort,reverse_sorted,2800,5,248,21853
msd_radix_sort_with_quicksort,reverse_sorted,2800,6,251,21853
msd_radix_sort_with_quicksort,reverse_sorted,2800,7,238,21853
msd_radix_sort_with_quicksort,reverse_sorted,2800,8,244,21853
msd_radix_sort_with_quicksort,reverse_sorted,2800,9,239,21853
msd_radix_sort_with_quicksort,reverse_sorted,2800,10,238,21853
standard_quicksort,reverse_sorted,2900,1,346,434594
standard_quicksort,reverse_sorted,2900,2,341,434594
standard_quicksort,reverse_sorted,2900,3,339,434594
standard_quicksort,reverse_sorted,2900,4,335,434594
standard_quicksort,reverse_sorted,2900,5,349,434594
standard_quicksort,reverse_sorted,2900,6,337,434594
standard_quicksort,reverse_sorted,2900,7,350,434594
standard_quicksort,reverse_sorted,2900,8,338,434594
standard_quicksort,reverse_sorted,2900,9,347,434594
standard_quicksort,reverse_sorted,2900,10,344,434594
standard_mergesort,reverse_sorted,2900,1,1080,27116
standard_mergesort,reverse_sorted,2900,2,1024,27116
standard_mergesort,reverse_sorted,2900,3,1022,27116
standard_mergesort,reverse_sorted,2900,4,1006,27116
standard_mergesort,reverse_sorted,2900,5,1005,27116
standard_mergesort,reverse_sorted,2900,6,1002,27116
standard_mergesort,reverse_sorted,2900,7,1016,27116
standard_mergesort,reverse_sorted,2900,8,1005,27116
standard_mergesort,reverse_sorted,2900,9,991,27116
standard_mergesort,reverse_sorted,2900,10,996,27116
ternary_string_quicksort,reverse_sorted,2900,1,134,44797
ternary_string_quicksort,reverse_sorted,2900,2,130,44797
ternary_string_quicksort,reverse_sorted,2900,3,113,44797
ternary_string_quicksort,reverse_sorted,2900,4,116,44797
ternary_string_quicksort,reverse_sorted,2900,5,108,44797
ternary_string_quicksort,reverse_sorted,2900,6,112,44797
ternary_string_quicksort,reverse_sorted,2900,7,108,44797
ternary_string_quicksort,reverse_sorted,2900,8,110,44797
ternary_string_quicksort,reverse_sorted,2900,9,103,44797
ternary_string_quicksort,reverse_sorted,2900,10,100,44797
lcp_mergesort,reverse_sorted,2900,1,1510,11492
lcp_mergesort,reverse_sorted,2900,2,1472,11492
lcp_mergesort,reverse_sorted,2900,3,1444,11492
lcp_mergesort,reverse_sorted,2900,4,1432,11492
lcp_mergesort,reverse_sorted,2900,5,1434,11492
lcp_mergesort,reverse_sorted,2900,6,1437,11492
lcp_mergesort,reverse_sorted,2900,7,1443,11492
lcp_mergesort,reverse_sorted,2900,8,1441,11492
lcp_mergesort,reverse_sorted,2900,9,1436,11492
lcp_mergesort,reverse_sorted,2900,10,1449,11492
msd_radix_sort,reverse_sorted,2900,1,961,7019
msd_radix_sort,reverse_sorted,2900,2,1000,7019
msd_radix_sort,reverse_sorted,2900,3,953,7019
msd_radix_sort,reverse_sorted,2900,4,936,7019
msd_radix_sort,reverse_sorted,2900,5,936,7019
msd_radix_sort,reverse_sorted,2900,6,936,7019
msd_radix_sort,reverse_sorted,2900,7,952,7019
msd_radix_sort,reverse_sorted,2900,8,950,7019
msd_radix_sort,reverse_sorted,2900,9,941,7019
msd_radix_sort,reverse_sorted,2900,10,952,7019
msd_radix_sort_with_quicksort,reverse_sorted,2900,1,288,22638
msd_radix_sort_with_quicksort,reverse_sorted,2900,2,261,22638
msd_radix_sort_with_quicksort,reverse_sorted,2900,3,258,22638
msd_radix_sort_with_quicksort,reverse_sorted,2900,4,246,22638
msd_radix_sort_with_quicksort,reverse_sorted,2900,5,267,22638
msd_radix_sort_with_quicksort,reverse_sorted,2900,6,276,22638
msd_radix_sort_with_quicksort,reverse_sorted,2900,7,268,22638
msd_radix_sort_with_quicksort,reverse_sorted,2900,8,245,22638
msd_radix_sort_with_quicksort,reverse_sorted,2900,9,252,22638
msd_radix_sort_with_quicksort,reverse_sorted,2900,10,263,22638
standard_quicksort,reverse_sorted,3000,1,365,460208
standard_quicksort,reverse_sorted,3000,2,364,460208
standard_quicksort,reverse_sorted,3000,3,362,460208
standard_quicksort,reverse_sorted,3000,4,362,460208
standard_quicksort,reverse_sorted,3000,5,357,460208
standard_quicksort,reverse_sorted,3000,6,375,460208
standard_quicksort,reverse_sorted,3000,7,369,460208
standard_quicksort,reverse_sorted,3000,8,362,460208
standard_quicksort,reverse_sorted,3000,9,366,460208
standard_quicksort,reverse_sorted,3000,10,356,460208
standard_mergesort,reverse_sorted,3000,1,1125,28152
standard_mergesort,reverse_sorted,3000,2,1050,28152
standard_mergesort,reverse_sorted,3000,3,1023,28152
standard_mergesort,reverse_sorted,3000,4,1034,28152
standard_mergesort,reverse_sorted,3000,5,1093,28152
standard_mergesort,reverse_sorted,3000,6,1105,28152
standard_mergesort,reverse_sorted,3000,7,1045,28152
standard_mergesort,reverse_sorted,3000,8,1036,28152
standard_mergesort,reverse_sorted,3000,9,1045,28152
standard_mergesort,reverse_sorted,3000,10,1031,28152
ternary_string_quicksort,reverse_sorted,3000,1,136,46536
ternary_string_quicksort,reverse_sorted,3000,2,125,46536
ternary_string_quicksort,reverse_sorted,3000,3,118,46536
ternary_string_quicksort,reverse_sorted,3000,4,118,46536
ternary_string_quicksort,reverse_sorted,3000,5,113,46536
ternary_string_quicksort,reverse_sorted,3000,6,105,46536
ternary_string_quicksort,reverse_sorted,3000,7,105,46536
ternary_string_quicksort,reverse_sorted,3000,8,118,46536
ternary_string_quicksort,reverse_sorted,3000,9,112,46536
ternary_string_quicksort,reverse_sorted,3000,10,102,46536
lcp_mergesort,reverse_sorted,3000,1,1555,11985
lcp_mergesort,reverse_sorted,3000,2,1513,11985
lcp_mergesort,reverse_sorted,3000,3,1503,11985
lcp_mergesort,reverse_sorted,3000,4,1505,11985
lcp_mergesort,reverse_sorted,3000,5,1590,11985
lcp_mergesort,reverse_sorted,3000,6,1504,11985
lcp_mergesort,reverse_sorted,3000,7,1498,11985
lcp_mergesort,reverse_sorted,3000,8,1491,11985
lcp_mergesort,reverse_sorted,3000,9,1492,11985
lcp_mergesort,reverse_sorted,3000,10,1516,11985
msd_radix_sort,reverse_sorted,3000,1,988,7259
msd_radix_sort,reverse_sorted,3000,2,1026,7259
msd_radix_sort,reverse_sorted,3000,3,1007,7259
msd_radix_sort,reverse_sorted,3000,4,972,7259
msd_radix_sort,reverse_sorted,3000,5,988,7259
msd_radix_sort,reverse_sorted,3000,6,992,7259
msd_radix_sort,reverse_sorted,3000,7,990,7259
msd_radix_sort,reverse_sorted,3000,8,979,7259
msd_radix_sort,reverse_sorted,3000,9,975,7259
msd_radix_sort,reverse_sorted,3000,10,998,7259
msd_radix_sort_with_quicksort,reverse_sorted,3000,1,268,23426
msd_radix_sort_with_quicksort,reverse_sorted,3000,2,276,23426
msd_radix_sort_with_quicksort,reverse_sorted,3000,3,261,23426
msd_radix_sort_with_quicksort,reverse_sorted,3000,4,264,23426
msd_radix_sort_with_quicksort,reverse_sorted,3000,5,282,23426
msd_radix_sort_with_quicksort,reverse_sorted,3000,6,263,23426
msd_radix_sort_with_quicksort,reverse_sorted,3000,7,252,23426
msd_radix_sort_with_quicksort,reverse_sorted,3000,8,254,23426
msd_radix_sort_with_quicksort,reverse_sorted,3000,9,257,23426
msd_radix_sort_with_quicksort,reverse_sorted,3000,10,260,23426
standard_quicksort,nearly_sorted,100,1,11,13986
standard_quicksort,nearly_sorted,100,2,10,13986
standard_quicksort,nearly_sorted,100,3,10,13986
standard_quicksort,nearly_sorted,100,4,10,13986
standard_quicksort,nearly_sorted,100,5,9,13986
standard_quicksort,nearly_sorted,100,6,9,13986
standard_quicksort,nearly_sorted,100,7,9,13986
standard_quicksort,nearly_sorted,100,8,9,13986
standard_quicksort,nearly_sorted,100,9,9,13986
standard_quicksort,nearly_sorted,100,10,10,13986
standard_mergesort,nearly_sorted,100,1,18,655
standard_mergesort,nearly_sorted,100,2,14,655
standard_mergesort,nearly_sorted,100,3,11,655
standard_mergesort,nearly_sorted,100,4,11,655
standard_mergesort,nearly_sorted,100,5,11,655
standard_mergesort,nearly_sorted,100,6,11,655
standard_mergesort,nearly_sorted,100,7,11,655
standard_mergesort,nearly_sorted,100,8,10,655
standard_mergesort,nearly_sorted,100,9,11,655
standard_mergesort,nearly_sorted,100,10,11,655
ternary_string_quicksort,nearly_sorted,100,1,4,949
ternary_string_quicksort,nearly_sorted,100,2,2,949
ternary_string_quicksort,nearly_sorted,100,3,2,949
ternary_string_quicksort,nearly_sorted,100,4,2,949
ternary_string_quicksort,nearly_sorted,100,5,2,949
ternary_string_quicksort,nearly_sorted,100,6,2,949
ternary_string_quicksort,nearly_sorted,100,7,3,949
ternary_string_quicksort,nearly_sorted,100,8,2,949
ternary_string_quicksort,nearly_sorted,100,9,3,949
ternary_string_quicksort,nearly_sorted,100,10,2,949
lcp_mergesort,nearly_sorted,100,1,30,379
lcp_mergesort,nearly_sorted,100,2,24,379
lcp_mergesort,nearly_sorted,100,3,22,379
lcp_mergesort,nearly_sorted,100,4,22,379
lcp_mergesort,nearly_sorted,100,5,22,379
lcp_mergesort,nearly_sorted,100,6,22,379
lcp_mergesort,nearly_sorted,100,7,22,379
lcp_mergesort,nearly_sorted,100,8,22,379
lcp_mergesort,nearly_sorted,100,9,22,379
lcp_mergesort,nearly_sorted,100,10,21,379
msd_radix_sort,nearly_sorted,100,1,32,240
msd_radix_sort,nearly_sorted,100,2,27,240
msd_radix_sort,nearly_sorted,100,3,26,240
msd_radix_sort,nearly_sorted,100,4,24,240
msd_radix_sort,nearly_sorted,100,5,23,240
msd_radix_sort,nearly_sorted,100,6,23,240
msd_radix_sort,nearly_sorted,100,7,33,240
msd_radix_sort,nearly_sorted,100,8,23,240
msd_radix_sort,nearly_sorted,100,9,23,240
msd_radix_sort,nearly_sorted,100,10,23,240
msd_radix_sort_with_quicksort,nearly_sorted,100,1,9,758
msd_radix_sort_with_quicksort,nearly_sorted,100,2,7,758
msd_radix_sort_with_quicksort,nearly_sorted,100,3,7,758
msd_radix_sort_with_quicksort,nearly_sorted,100,4,5,758
msd_radix_sort_with_quicksort,nearly_sorted,100,5,7,758
msd_radix_sort_with_quicksort,nearly_sorted,100,6,5,758
msd_radix_sort_with_quicksort,nearly_sorted,100,7,5,758
msd_radix_sort_with_quicksort,nearly_sorted,100,8,7,758
msd_radix_sort_with_quicksort,nearly_sorted,100,9,5,758
msd_radix_sort_with_quicksort,nearly_sorted,100,10,7,758
standard_quicksort,nearly_sorted,200,1,23,28220
standard_quicksort,nearly_sorted,200,2,22,28220
standard_quicksort,nearly_sorted,200,3,20,28220
standard_quicksort,nearly_sorted,200,4,20,28220
standard_quicksort,nearly_sorted,200,5,20,28220
standard_quicksort,nearly_sorted,200,6,18,28220
standard_quicksort,nearly_sorted,200,7,18,28220
standard_quicksort,nearly_sorted,200,8,20,28220
standard_quicksort,nearly_sorted,200,9,18,28220
standard_quicksort,nearly_sorted,200,10,20,28220
standard_mergesort,nearly_sorted,200,1,43,1480
standard_mergesort,nearly_sorted,200,2,37,1480
standard_mergesort,nearly_sorted,200,3,28,1480
standard_mergesort,nearly_sorted,200,4,27,1480
standard_mergesort,nearly_sorted,200,5,27,1480
standard_mergesort,nearly_sorted,200,6,26,1480
standard_mergesort,nearly_sorted,200,7,26,1480
standard_mergesort,nearly_sorted,200,8,26,1480
standard_mergesort,nearly_sorted,200,9,26,1480
standard_mergesort,nearly_sorted,200,10,26,1480
ternary_string_quicksort,nearly_sorted,200,1,7,2097
ternary_string_quicksort,nearly_sorted,200,2,4,2097
ternary_string_quicksort,nearly_sorted,200,3,4,2097
ternary_string_quicksort,nearly_sorted,200,4,4,2097
ternary_string_quicksort,nearly_sorted,200,5,4,2097
ternary_string_quicksort,nearly_sorted,200,6,4,2097
ternary_string_quicksort,nearly_sorted,200,7,4,2097
ternary_string_quicksort,nearly_sorted,200,8,4,2097
ternary_string_quicksort,nearly_sorted,200,9,11,2097
ternary_string_quicksort,nearly_sorted,200,10,4,2097
lcp_mergesort,nearly_sorted,200,1,67,783
lcp_mergesort,nearly_sorted,200,2,60,783
lcp_mergesort,nearly_sorted,200,3,62,783
lcp_mergesort,nearly_sorted,200,4,61,783
lcp_mergesort,nearly_sorted,200,5,59,783
lcp_mergesort,nearly_sorted,200,6,58,783
lcp_mergesort,nearly_sorted,200,7,61,783
lcp_mergesort,nearly_sorted,200,8,52,783
lcp_mergesort,nearly_sorted,200,9,52,783
lcp_mergesort,nearly_sorted,200,10,51,783
msd_radix_sort,nearly_sorted,200,1,68,490
msd_radix_sort,nearly_sorted,200,2,64,490
msd_radix_sort,nearly_sorted,200,3,60,490
msd_radix_sort,nearly_sorted,200,4,62,490
msd_radix_sort,nearly_sorted,200,5,56,490
msd_radix_sort,nearly_sorted,200,6,55,490
msd_radix_sort,nearly_sorted,200,7,55,490
msd_radix_sort,nearly_sorted,200,8,56,490
msd_radix_sort,nearly_sorted,200,9,51,490
msd_radix_sort,nearly_sorted,200,10,56,490
msd_radix_sort_with_quicksort,nearly_sorted,200,1,17,1570
msd_radix_sort_with_quicksort,nearly_sorted,200,2,16,1570
msd_radix_sort_with_quicksort,nearly_sorted,200,3,14,1570
msd_radix_sort_with_quicksort,nearly_sorted,200,4,14,1570
msd_radix_sort_with_quicksort,nearly_sorted,200,5,13,1570
msd_radix_sort_with_quicksort,nearly_sorted,200,6,13,1570
msd_radix_sort_with_quicksort,nearly_sorted,200,7,14,1570
msd_radix_sort_with_quicksort,nearly_sorted,200,8,13,1570
msd_radix_sort_with_quicksort,nearly_sorted,200,9,13,1570
msd_radix_sort_with_quicksort,nearly_sorted,200,10,13,1570
standard_quicksort,nearly_sorted,300,1,32,36750
standard_quicksort,nearly_sorted,300,2,37,36750
standard_quicksort,nearly_sorted,300,3,28,36750
standard_quicksort,nearly_sorted,300,4,27,36750
standard_quicksort,nearly_sorted,300,5,26,36750
standard_quicksort,nearly_sorted,300,6,27,36750
standard_quicksort,nearly_sorted,300,7,26,36750
standard_quicksort,nearly_sorted,300,8,26,36750
standard_quicksort,nearly_sorted,300,9,33,36750
standard_quicksort,nearly_sorted,300,10,26,36750
standard_mergesort,nearly_sorted,300,1,75,2327
standard_mergesort,nearly_sorted,300,2,58,2327
standard_mergesort,nearly_sorted,300,3,51,2327
standard_mergesort,nearly_sorted,300,4,43,2327
standard_mergesort,nearly_sorted,300,5,49,2327
standard_mergesort,nearly_sorted,300,6,46,2327
standard_mergesort,nearly_sorted,300,7,47,2327
standard_mergesort,nearly_sorted,300,8,46,2327
standard_mergesort,nearly_sorted,300,9,47,2327
standard_mergesort,nearly_sorted,300,10,47,2327
ternary_string_quicksort,nearly_sorted,300,1,11,3312
ternary_string_quicksort,nearly_sorted,300,2,9,3312
ternary_string_quicksort,nearly_sorted,300,3,7,3312
ternary_string_quicksort,nearly_sorted,300,4,7,3312
ternary_string_quicksort,nearly_sorted,300,5,7,3312
ternary_string_quicksort,nearly_sorted,300,6,7,3312
ternary_string_quicksort,nearly_sorted,300,7,7,3312
ternary_string_quicksort,nearly_sorted,300,8,7,3312
ternary_string_quicksort,nearly_sorted,300,9,7,3312
ternary_string_quicksort,nearly_sorted,300,10,8,3312
lcp_mergesort,nearly_sorted,300,1,116,1179
lcp_mergesort,nearly_sorted,300,2,111,1179
lcp_mergesort,nearly_sorted,300,3,98,1179
lcp_mergesort,nearly_sorted,300,4,99,1179
lcp_mergesort,nearly_sorted,300,5,92,1179
lcp_mergesort,nearly_sorted,300,6,90,1179
lcp_mergesort,nearly_sorted,300,7,91,1179
lcp_mergesort,nearly_sorted,300,8,90,1179
lcp_mergesort,nearly_sorted,300,9,90,1179
lcp_mergesort,nearly_sorted,300,10,96,1179
msd_radix_sort,nearly_sorted,300,1,93,727
msd_radix_sort,nearly_sorted,300,2,96,727
msd_radix_sort,nearly_sorted,300,3,87,727
msd_radix_sort,nearly_sorted,300,4,90,727
msd_radix_sort,nearly_sorted,300,5,89,727
msd_radix_sort,nearly_sorted,300,6,83,727
msd_radix_sort,nearly_sorted,300,7,80,727
msd_radix_sort,nearly_sorted,300,8,78,727
msd_radix_sort,nearly_sorted,300,9,78,727
msd_radix_sort,nearly_sorted,300,10,96,727
msd_radix_sort_with_quicksort,nearly_sorted,300,1,27,2388
msd_radix_sort_with_quicksort,nearly_sorted,300,2,24,2388
msd_radix_sort_with_quicksort,nearly_sorted,300,3,22,2388
msd_radix_sort_with_quicksort,nearly_sorted,300,4,21,2388
msd_radix_sort_with_quicksort,nearly_sorted,300,5,18,2388
msd_radix_sort_with_quicksort,nearly_sorted,300,6,18,2388
msd_radix_sort_with_quicksort,nearly_sorted,300,7,21,2388
msd_radix_sort_with_quicksort,nearly_sorted,300,8,18,2388
msd_radix_sort_with_quicksort,nearly_sorted,300,9,18,2388
msd_radix_sort_with_quicksort,nearly_sorted,300,10,17,2388
standard_quicksort,nearly_sorted,400,1,46,57369
standard_quicksort,nearly_sorted,400,2,48,57369
standard_quicksort,nearly_sorted,400,3,46,57369
standard_quicksort,nearly_sorted,400,4,46,57369
standard_quicksort,nearly_sorted,400,5,45,57369
standard_quicksort,nearly_sorted,400,6,45,57369
standard_quicksort,nearly_sorted,400,7,46,57369
standard_quicksort,nearly_sorted,400,8,45,57369
standard_quicksort,nearly_sorted,400,9,40,57369
standard_quicksort,nearly_sorted,400,10,43,57369
standard_mergesort,nearly_sorted,400,1,90,3201
standard_mergesort,nearly_sorted,400,2,77,3201
standard_mergesort,nearly_sorted,400,3,72,3201
standard_mergesort,nearly_sorted,400,4,67,3201
standard_mergesort,nearly_sorted,400,5,67,3201
standard_mergesort,nearly_sorted,400,6,65,3201
standard_mergesort,nearly_sorted,400,7,64,3201
standard_mergesort,nearly_sorted,400,8,64,3201
standard_mergesort,nearly_sorted,400,9,62,3201
standard_mergesort,nearly_sorted,400,10,62,3201
ternary_string_quicksort,nearly_sorted,400,1,15,4724
ternary_string_quicksort,nearly_sorted,400,2,11,4724
ternary_string_quicksort,nearly_sorted,400,3,10,4724
ternary_string_quicksort,nearly_sorted,400,4,9,4724
ternary_string_quicksort,nearly_sorted,400,5,9,4724
ternary_string_quicksort,nearly_sorted,400,6,10,4724
ternary_string_quicksort,nearly_sorted,400,7,9,4724
ternary_string_quicksort,nearly_sorted,400,8,9,4724
ternary_string_quicksort,nearly_sorted,400,9,9,4724
ternary_string_quicksort,nearly_sorted,400,10,9,4724
lcp_mergesort,nearly_sorted,400,1,154,1576
lcp_mergesort,nearly_sorted,400,2,146,1576
lcp_mergesort,nearly_sorted,400,3,141,1576
lcp_mergesort,nearly_sorted,400,4,138,1576
lcp_mergesort,nearly_sorted,400,5,141,1576
lcp_mergesort,nearly_sorted,400,6,128,1576
lcp_mergesort,nearly_sorted,400,7,127,1576
lcp_mergesort,nearly_sorted,400,8,127,1576
lcp_mergesort,nearly_sorted,400,9,135,1576
lcp_mergesort,nearly_sorted,400,10,134,1576
msd_radix_sort,nearly_sorted,400,1,124,972
msd_radix_sort,nearly_sorted,400,2,129,972
msd_radix_sort,nearly_sorted,400,3,123,972
msd_radix_sort,nearly_sorted,400,4,112,972
msd_radix_sort,nearly_sorted,400,5,111,972
msd_radix_sort,nearly_sorted,400,6,119,972
msd_radix_sort,nearly_sorted,400,7,117,972
msd_radix_sort,nearly_sorted,400,8,118,972
msd_radix_sort,nearly_sorted,400,9,113,972
msd_radix_sort,nearly_sorted,400,10,111,972
msd_radix_sort_with_quicksort,nearly_sorted,400,1,36,3195
msd_radix_sort_with_quicksort,nearly_sorted,400,2,33,3195
msd_radix_sort_with_quicksort,nearly_sorted,400,3,36,3195
msd_radix_sort_with_quicksort,nearly_sorted,400,4,37,3195
msd_radix_sort_with_quicksort,nearly_sorted,400,5,37,3195
msd_radix_sort_with_quicksort,nearly_sorted,400,6,27,3195
msd_radix_sort_with_quicksort,nearly_sorted,400,7,24,3195
msd_radix_sort_with_quicksort,nearly_sorted,400,8,26,3195
msd_radix_sort_with_quicksort,nearly_sorted,400,9,23,3195
msd_radix_sort_with_quicksort,nearly_sorted,400,10,26,3195
standard_quicksort,nearly_sorted,500,1,48,60581
standard_quicksort,nearly_sorted,500,2,51,60581
standard_quicksort,nearly_sorted,500,3,51,60581
standard_quicksort,nearly_sorted,500,4,52,60581
standard_quicksort,nearly_sorted,500,5,48,60581
standard_quicksort,nearly_sorted,500,6,43,60581
standard_quicksort,nearly_sorted,500,7,48,60581
standard_quicksort,nearly_sorted,500,8,48,60581
standard_quicksort,nearly_sorted,500,9,47,60581
standard_quicksort,nearly_sorted,500,10,47,60581
standard_mergesort,nearly_sorted,500,1,118,4295
standard_mergesort,nearly_sorted,500,2,102,4295
standard_mergesort,nearly_sorted,500,3,87,4295
standard_mergesort,nearly_sorted,500,4,84,4295
standard_mergesort,nearly_sorted,500,5,98,4295
standard_mergesort,nearly_sorted,500,6,81,4295
standard_mergesort,nearly_sorted,500,7,78,4295
standard_mergesort,nearly_sorted,500,8,78,4295
standard_mergesort,nearly_sorted,500,9,75,4295
standard_mergesort,nearly_sorted,500,10,79,4295
ternary_string_quicksort,nearly_sorted,500,1,20,6007
ternary_string_quicksort,nearly_sorted,500,2,14,6007
ternary_string_quicksort,nearly_sorted,500,3,13,6007
ternary_string_quicksort,nearly_sorted,500,4,11,6007
ternary_string_quicksort,nearly_sorted,500,5,11,6007
ternary_string_quicksort,nearly_sorted,500,6,11,6007
ternary_string_quicksort,nearly_sorted,500,7,11,6007
ternary_string_quicksort,nearly_sorted,500,8,13,6007
ternary_string_quicksort,nearly_sorted,500,9,13,6007
ternary_string_quicksort,nearly_sorted,500,10,11,6007
lcp_mergesort,nearly_sorted,500,1,198,2097
lcp_mergesort,nearly_sorted,500,2,181,2097
lcp_mergesort,nearly_sorted,500,3,180,2097
lcp_mergesort,nearly_sorted,500,4,181,2097
lcp_mergesort,nearly_sorted,500,5,180,2097
lcp_mergesort,nearly_sorted,500,6,173,2097
lcp_mergesort,nearly_sorted,500,7,170,2097
lcp_mergesort,nearly_sorted,500,8,174,2097
lcp_mergesort,nearly_sorted,500,9,175,2097
lcp_mergesort,nearly_sorted,500,10,163,2097
msd_radix_sort,nearly_sorted,500,1,151,1207
msd_radix_sort,nearly_sorted,500,2,154,1207
msd_radix_sort,nearly_sorted,500,3,146,1207
msd_radix_sort,nearly_sorted,500,4,144,1207
msd_radix_sort,nearly_sorted,500,5,141,1207
msd_radix_sort,nearly_sorted,500,6,150,1207
msd_radix_sort,nearly_sorted,500,7,146,1207
msd_radix_sort,nearly_sorted,500,8,140,1207
msd_radix_sort,nearly_sorted,500,9,141,1207
msd_radix_sort,nearly_sorted,500,10,138,1207
msd_radix_sort_with_quicksort,nearly_sorted,500,1,47,4006
msd_radix_sort_with_quicksort,nearly_sorted,500,2,46,4006
msd_radix_sort_with_quicksort,nearly_sorted,500,3,41,4006
msd_radix_sort_with_quicksort,nearly_sorted,500,4,37,4006
msd_radix_sort_with_quicksort,nearly_sorted,500,5,35,4006
msd_radix_sort_with_quicksort,nearly_sorted,500,6,39,4006
msd_radix_sort_with_quicksort,nearly_sorted,500,7,42,4006
msd_radix_sort_with_quicksort,nearly_sorted,500,8,39,4006
msd_radix_sort_with_quicksort,nearly_sorted,500,9,33,4006
msd_radix_sort_with_quicksort,nearly_sorted,500,10,34,4006
standard_quicksort,nearly_sorted,600,1,62,76215
standard_quicksort,nearly_sorted,600,2,64,76215
standard_quicksort,nearly_sorted,600,3,58,76215
standard_quicksort,nearly_sorted,600,4,61,76215
standard_quicksort,nearly_sorted,600,5,65,76215
standard_quicksort,nearly_sorted,600,6,60,76215
standard_quicksort,nearly_sorted,600,7,64,76215
standard_quicksort,nearly_sorted,600,8,60,76215
standard_quicksort,nearly_sorted,600,9,59,76215
standard_quicksort,nearly_sorted,600,10,59,76215
standard_mergesort,nearly_sorted,600,1,153,5073
standard_mergesort,nearly_sorted,600,2,136,5073
standard_mergesort,nearly_sorted,600,3,125,5073
standard_mergesort,nearly_sorted,600,4,121,5073
standard_mergesort,nearly_sorted,600,5,124,5073
standard_mergesort,nearly_sorted,600,6,112,5073
standard_mergesort,nearly_sorted,600,7,109,5073
standard_mergesort,nearly_sorted,600,8,103,5073
standard_mergesort,nearly_sorted,600,9,97,5073
standard_mergesort,nearly_sorted,600,10,106,5073
ternary_string_quicksort,nearly_sorted,600,1,24,7576
ternary_string_quicksort,nearly_sorted,600,2,18,7576
ternary_string_quicksort,nearly_sorted,600,3,16,7576
ternary_string_quicksort,nearly_sorted,600,4,24,7576
ternary_string_quicksort,nearly_sorted,600,5,15,7576
ternary_string_quicksort,nearly_sorted,600,6,15,7576
ternary_string_quicksort,nearly_sorted,600,7,16,7576
ternary_string_quicksort,nearly_sorted,600,8,15,7576
ternary_string_quicksort,nearly_sorted,600,9,15,7576
ternary_string_quicksort,nearly_sorted,600,10,15,7576
lcp_mergesort,nearly_sorted,600,1,236,2454
lcp_mergesort,nearly_sorted,600,2,230,2454
lcp_mergesort,nearly_sorted,600,3,231,2454
lcp_mergesort,nearly_sorted,600,4,229,2454
lcp_mergesort,nearly_sorted,600,5,220,2454
lcp_mergesort,nearly_sorted,600,6,213,2454
lcp_mergesort,nearly_sorted,600,7,232,2454
lcp_mergesort,nearly_sorted,600,8,214,2454
lcp_mergesort,nearly_sorted,600,9,214,2454
lcp_mergesort,nearly_sorted,600,10,212,2454
msd_radix_sort,nearly_sorted,600,1,195,1446
msd_radix_sort,nearly_sorted,600,2,184,1446
msd_radix_sort,nearly_sorted,600,3,172,1446
msd_radix_sort,nearly_sorted,600,4,169,1446
msd_radix_sort,nearly_sorted,600,5,175,1446
msd_radix_sort,nearly_sorted,600,6,182,1446
msd_radix_sort,nearly_sorted,600,7,163,1446
msd_radix_sort,nearly_sorted,600,8,165,1446
msd_radix_sort,nearly_sorted,600,9,169,1446
msd_radix_sort,nearly_sorted,600,10,172,1446
msd_radix_sort_with_quicksort,nearly_sorted,600,1,64,4805
msd_radix_sort_with_quicksort,nearly_sorted,600,2,53,4805
msd_radix_sort_with_quicksort,nearly_sorted,600,3,52,4805
msd_radix_sort_with_quicksort,nearly_sorted,600,4,45,4805
msd_radix_sort_with_quicksort,nearly_sorted,600,5,48,4805
msd_radix_sort_with_quicksort,nearly_sorted,600,6,42,4805
msd_radix_sort_with_quicksort,nearly_sorted,600,7,48,4805
msd_radix_sort_with_quicksort,nearly_sorted,600,8,45,4805
msd_radix_sort_with_quicksort,nearly_sorted,600,9,42,4805
msd_radix_sort_with_quicksort,nearly_sorted,600,10,41,4805
standard_quicksort,nearly_sorted,700,1,80,103372
standard_quicksort,nearly_sorted,700,2,90,103372
standard_quicksort,nearly_sorted,700,3,81,103372
standard_quicksort,nearly_sorted,700,4,84,103372
standard_quicksort,nearly_sorted,700,5,84,103372
standard_quicksort,nearly_sorted,700,6,86,103372
standard_quicksort,nearly_sorted,700,7,73,103372
standard_quicksort,nearly_sorted,700,8,73,103372
standard_quicksort,nearly_sorted,700,9,73,103372
standard_quicksort,nearly_sorted,700,10,73,103372
standard_mergesort,nearly_sorted,700,1,170,5945
standard_mergesort,nearly_sorted,700,2,147,5945
standard_mergesort,nearly_sorted,700,3,137,5945
standard_mergesort,nearly_sorted,700,4,132,5945
standard_mergesort,nearly_sorted,700,5,125,5945
standard_mergesort,nearly_sorted,700,6,132,5945
standard_mergesort,nearly_sorted,700,7,122,5945
standard_mergesort,nearly_sorted,700,8,123,5945
standard_mergesort,nearly_sorted,700,9,118,5945
standard_mergesort,nearly_sorted,700,10,117,5945
ternary_string_quicksort,nearly_sorted,700,1,28,8894
ternary_string_quicksort,nearly_sorted,700,2,20,8894
ternary_string_quicksort,nearly_sorted,700,3,18,8894
ternary_string_quicksort,nearly_sorted,700,4,17,8894
ternary_string_quicksort,nearly_sorted,700,5,17,8894
ternary_string_quicksort,nearly_sorted,700,6,17,8894
ternary_string_quicksort,nearly_sorted,700,7,18,8894
ternary_string_quicksort,nearly_sorted,700,8,17,8894
ternary_string_quicksort,nearly_sorted,700,9,17,8894
ternary_string_quicksort,nearly_sorted,700,10,17,8894
lcp_mergesort,nearly_sorted,700,1,284,2872
lcp_mergesort,nearly_sorted,700,2,280,2872
lcp_mergesort,nearly_sorted,700,3,283,2872
lcp_mergesort,nearly_sorted,700,4,273,2872
lcp_mergesort,nearly_sorted,700,5,275,2872
lcp_mergesort,nearly_sorted,700,6,288,2872
lcp_mergesort,nearly_sorted,700,7,273,2872
lcp_mergesort,nearly_sorted,700,8,270,2872
lcp_mergesort,nearly_sorted,700,9,276,2872
lcp_mergesort,nearly_sorted,700,10,263,2872
msd_radix_sort,nearly_sorted,700,1,217,1687
msd_radix_sort,nearly_sorted,700,2,205,1687
msd_radix_sort,nearly_sorted,700,3,213,1687
msd_radix_sort,nearly_sorted,700,4,198,1687
msd_radix_sort,nearly_sorted,700,5,204,1687
msd_radix_sort,nearly_sorted,700,6,197,1687
msd_radix_sort,nearly_sorted,700,7,204,1687
msd_radix_sort,nearly_sorted,700,8,189,1687
msd_radix_sort,nearly_sorted,700,9,197,1687
msd_radix_sort,nearly_sorted,700,10,195,1687
msd_radix_sort_with_quicksort,nearly_sorted,700,1,70,5570
msd_radix_sort_with_quicksort,nearly_sorted,700,2,66,5570
msd_radix_sort_with_quicksort,nearly_sorted,700,3,58,5570
msd_radix_sort_with_quicksort,nearly_sorted,700,4,56,5570
msd_radix_sort_with_quicksort,nearly_sorted,700,5,51,5570
msd_radix_sort_with_quicksort,nearly_sorted,700,6,54,5570
msd_radix_sort_with_quicksort,nearly_sorted,700,7,49,5570
msd_radix_sort_with_quicksort,nearly_sorted,700,8,53,5570
msd_radix_sort_with_quicksort,nearly_sorted,700,9,53,5570
msd_radix_sort_with_quicksort,nearly_sorted,700,10,54,5570
standard_quicksort,nearly_sorted,800,1,118,118345
standard_quicksort,nearly_sorted,800,2,99,118345
standard_quicksort,nearly_sorted,800,3,98,118345
standard_quicksort,nearly_sorted,800,4,97,118345
standard_quicksort,nearly_sorted,800,5,92,118345
standard_quicksort,nearly_sorted,800,6,86,118345
standard_quicksort,nearly_sorted,800,7,96,118345
standard_quicksort,nearly_sorted,800,8,85,118345
standard_quicksort,nearly_sorted,800,9,96,118345
standard_quicksort,nearly_sorted,800,10,86,118345
standard_mergesort,nearly_sorted,800,1,205,6801
standard_mergesort,nearly_sorted,800,2,184,6801
standard_mergesort,nearly_sorted,800,3,173,6801
standard_mergesort,nearly_sorted,800,4,166,6801
standard_mergesort,nearly_sorted,800,5,153,6801
standard_mergesort,nearly_sorted,800,6,149,6801
standard_mergesort,nearly_sorted,800,7,144,6801
standard_mergesort,nearly_sorted,800,8,143,6801
standard_mergesort,nearly_sorted,800,9,150,6801
standard_mergesort,nearly_sorted,800,10,150,6801
ternary_string_quicksort,nearly_sorted,800,1,32,10301
ternary_string_quicksort,nearly_sorted,800,2,24,10301
ternary_string_quicksort,nearly_sorted,800,3,22,10301
ternary_string_quicksort,nearly_sorted,800,4,21,10301
ternary_string_quicksort,nearly_sorted,800,5,21,10301
ternary_string_quicksort,nearly_sorted,800,6,21,10301
ternary_string_quicksort,nearly_sorted,800,7,20,10301
ternary_string_quicksort,nearly_sorted,800,8,21,10301
ternary_string_quicksort,nearly_sorted,800,9,21,10301
ternary_string_quicksort,nearly_sorted,800,10,20,10301
lcp_mergesort,nearly_sorted,800,1,350,3191
lcp_mergesort,nearly_sorted,800,2,320,3191
lcp_mergesort,nearly_sorted,800,3,322,3191
lcp_mergesort,nearly_sorted,800,4,321,3191
lcp_mergesort,nearly_sorted,800,5,320,3191
lcp_mergesort,nearly_sorted,800,6,327,3191
lcp_mergesort,nearly_sorted,800,7,314,3191
lcp_mergesort,nearly_sorted,800,8,311,3191
lcp_mergesort,nearly_sorted,800,9,327,3191
lcp_mergesort,nearly_sorted,800,10,315,3191
msd_radix_sort,nearly_sorted,800,1,243,1922
msd_radix_sort,nearly_sorted,800,2,241,1922
msd_radix_sort,nearly_sorted,800,3,223,1922
msd_radix_sort,nearly_sorted,800,4,229,1922
msd_radix_sort,nearly_sorted,800,5,225,1922
msd_radix_sort,nearly_sorted,800,6,213,1922
msd_radix_sort,nearly_sorted,800,7,214,1922
msd_radix_sort,nearly_sorted,800,8,217,1922
msd_radix_sort,nearly_sorted,800,9,230,1922
msd_radix_sort,nearly_sorted,800,10,222,1922
msd_radix_sort_with_quicksort,nearly_sorted,800,1,73,6387
msd_radix_sort_with_quicksort,nearly_sorted,800,2,68,6387
msd_radix_sort_with_quicksort,nearly_sorted,800,3,66,6387
msd_radix_sort_with_quicksort,nearly_sorted,800,4,60,6387
msd_radix_sort_with_quicksort,nearly_sorted,800,5,62,6387
msd_radix_sort_with_quicksort,nearly_sorted,800,6,67,6387
msd_radix_sort_with_quicksort,nearly_sorted,800,7,60,6387
msd_radix_sort_with_quicksort,nearly_sorted,800,8,62,6387
msd_radix_sort_with_quicksort,nearly_sorted,800,9,62,6387
msd_radix_sort_with_quicksort,nearly_sorted,800,10,59,6387
standard_quicksort,nearly_sorted,900,1,97,121869
standard_quicksort,nearly_sorted,900,2,103,121869
standard_quicksort,nearly_sorted,900,3,102,121869
standard_quicksort,nearly_sorted,900,4,105,121869
standard_quicksort,nearly_sorted,900,5,100,121869
standard_quicksort,nearly_sorted,900,6,90,121869
standard_quicksort,nearly_sorted,900,7,90,121869
standard_quicksort,nearly_sorted,900,8,96,121869
standard_quicksort,nearly_sorted,900,9,90,121869
standard_quicksort,nearly_sorted,900,10,94,121869
standard_mergesort,nearly_sorted,900,1,242,7943
standard_mergesort,nearly_sorted,900,2,212,7943
standard_mergesort,nearly_sorted,900,3,195,7943
standard_mergesort,nearly_sorted,900,4,197,7943
standard_mergesort,nearly_sorted,900,5,185,7943
standard_mergesort,nearly_sorted,900,6,188,7943
standard_mergesort,nearly_sorted,900,7,175,7943
standard_mergesort,nearly_sorted,900,8,212,7943
standard_mergesort,nearly_sorted,900,9,197,7943
standard_mergesort,nearly_sorted,900,10,186,7943
ternary_string_quicksort,nearly_sorted,900,1,37,12038
ternary_string_quicksort,nearly_sorted,900,2,28,12038
ternary_string_quicksort,nearly_sorted,900,3,26,12038
ternary_string_quicksort,nearly_sorted,900,4,23,12038
ternary_string_quicksort,nearly_sorted,900,5,24,12038
ternary_string_quicksort,nearly_sorted,900,6,23,12038
ternary_string_quicksort,nearly_sorted,900,7,24,12038
ternary_string_quicksort,nearly_sorted,900,8,24,12038
ternary_string_quicksort,nearly_sorted,900,9,23,12038
ternary_string_quicksort,nearly_sorted,900,10,23,12038
lcp_mergesort,nearly_sorted,900,1,384,3691
lcp_mergesort,nearly_sorted,900,2,377,3691
lcp_mergesort,nearly_sorted,900,3,358,3691
lcp_mergesort,nearly_sorted,900,4,363,3691
lcp_mergesort,nearly_sorted,900,5,357,3691
lcp_mergesort,nearly_sorted,900,6,368,3691
lcp_mergesort,nearly_sorted,900,7,366,3691
lcp_mergesort,nearly_sorted,900,8,362,3691
lcp_mergesort,nearly_sorted,900,9,370,3691
lcp_mergesort,nearly_sorted,900,10,364,3691
msd_radix_sort,nearly_sorted,900,1,281,2166
msd_radix_sort,nearly_sorted,900,2,265,2166
msd_radix_sort,nearly_sorted,900,3,261,2166
msd_radix_sort,nearly_sorted,900,4,257,2166
msd_radix_sort,nearly_sorted,900,5,265,2166
msd_radix_sort,nearly_sorted,900,6,255,2166
msd_radix_sort,nearly_sorted,900,7,255,2166
msd_radix_sort,nearly_sorted,900,8,254,2166
msd_radix_sort,nearly_sorted,900,9,249,2166
msd_radix_sort,nearly_sorted,900,10,254,2166
msd_radix_sort_with_quicksort,nearly_sorted,900,1,83,7189
msd_radix_sort_with_quicksort,nearly_sorted,900,2,80,7189
msd_radix_sort_with_quicksort,nearly_sorted,900,3,75,7189
msd_radix_sort_with_quicksort,nearly_sorted,900,4,70,7189
msd_radix_sort_with_quicksort,nearly_sorted,900,5,71,7189
msd_radix_sort_with_quicksort,nearly_sorted,900,6,70,7189
msd_radix_sort_with_quicksort,nearly_sorted,900,7,71,7189
msd_radix_sort_with_quicksort,nearly_sorted,900,8,65,7189
msd_radix_sort_with_quicksort,nearly_sorted,900,9,67,7189
msd_radix_sort_with_quicksort,nearly_sorted,900,10,68,7189
standard_quicksort,nearly_sorted,1000,1,100,123664
standard_quicksort,nearly_sorted,1000,2,106,123664
standard_quicksort,nearly_sorted,1000,3,104,123664
standard_quicksort,nearly_sorted,1000,4,96,123664
standard_quicksort,nearly_sorted,1000,5,104,123664
standard_quicksort,nearly_sorted,1000,6,103,123664
standard_quicksort,nearly_sorted,1000,7,94,123664
standard_quicksort,nearly_sorted,1000,8,93,123664
standard_quicksort,nearly_sorted,1000,9,93,123664
standard_quicksort,nearly_sorted,1000,10,93,123664
standard_mergesort,nearly_sorted,1000,1,245,8959
standard_mergesort,nearly_sorted,1000,2,255,8959
standard_mergesort,nearly_sorted,1000,3,227,8959
standard_mergesort,nearly_sorted,1000,4,227,8959
standard_mergesort,nearly_sorted,1000,5,229,8959
standard_mergesort,nearly_sorted,1000,6,207,8959
standard_mergesort,nearly_sorted,1000,7,213,8959
standard_mergesort,nearly_sorted,1000,8,206,8959
standard_mergesort,nearly_sorted,1000,9,217,8959
standard_mergesort,nearly_sorted,1000,10,207,8959
ternary_string_quicksort,nearly_sorted,1000,1,41,13367
ternary_string_quicksort,nearly_sorted,1000,2,37,13367
ternary_string_quicksort,nearly_sorted,1000,3,28,13367
ternary_string_quicksort,nearly_sorted,1000,4,27,13367
ternary_string_quicksort,nearly_sorted,1000,5,26,13367
ternary_string_quicksort,nearly_sorted,1000,6,27,13367
ternary_string_quicksort,nearly_sorted,1000,7,27,13367
ternary_string_quicksort,nearly_sorted,1000,8,34,13367
ternary_string_quicksort,nearly_sorted,1000,9,27,13367
ternary_string_quicksort,nearly_sorted,1000,10,27,13367
lcp_mergesort,nearly_sorted,1000,1,419,4110
lcp_mergesort,nearly_sorted,1000,2,423,4110
lcp_mergesort,nearly_sorted,1000,3,413,4110
lcp_mergesort,nearly_sorted,1000,4,411,4110
lcp_mergesort,nearly_sorted,1000,5,402,4110
lcp_mergesort,nearly_sorted,1000,6,410,4110
lcp_mergesort,nearly_sorted,1000,7,400,4110
lcp_mergesort,nearly_sorted,1000,8,413,4110
lcp_mergesort,nearly_sorted,1000,9,430,4110
lcp_mergesort,nearly_sorted,1000,10,406,4110
msd_radix_sort,nearly_sorted,1000,1,307,2410
msd_radix_sort,nearly_sorted,1000,2,289,2410
msd_radix_sort,nearly_sorted,1000,3,295,2410
msd_radix_sort,nearly_sorted,1000,4,288,2410
msd_radix_sort,nearly_sorted,1000,5,287,2410
msd_radix_sort,nearly_sorted,1000,6,295,2410
msd_radix_sort,nearly_sorted,1000,7,276,2410
msd_radix_sort,nearly_sorted,1000,8,275,2410
msd_radix_sort,nearly_sorted,1000,9,292,2410
msd_radix_sort,nearly_sorted,1000,10,275,2410
msd_radix_sort_with_quicksort,nearly_sorted,1000,1,98,8023
msd_radix_sort_with_quicksort,nearly_sorted,1000,2,91,8023
msd_radix_sort_with_quicksort,nearly_sorted,1000,3,87,8023
msd_radix_sort_with_quicksort,nearly_sorted,1000,4,81,8023
msd_radix_sort_with_quicksort,nearly_sorted,1000,5,83,8023
msd_radix_sort_with_quicksort,nearly_sorted,1000,6,77,8023
msd_radix_sort_with_quicksort,nearly_sorted,1000,7,70,8023
msd_radix_sort_with_quicksort,nearly_sorted,1000,8,83,8023
msd_radix_sort_with_quicksort,nearly_sorted,1000,9,72,8023
msd_radix_sort_with_quicksort,nearly_sorted,1000,10,79,8023
standard_quicksort,nearly_sorted,1100,1,118,142866
standard_quicksort,nearly_sorted,1100,2,119,142866
standard_quicksort,nearly_sorted,1100,3,113,142866
standard_quicksort,nearly_sorted,1100,4,111,142866
standard_quicksort,nearly_sorted,1100,5,111,142866
standard_quicksort,nearly_sorted,1100,6,112,142866
standard_quicksort,nearly_sorted,1100,7,110,142866
standard_quicksort,nearly_sorted,1100,8,106,142866
standard_quicksort,nearly_sorted,1100,9,115,142866
standard_quicksort,nearly_sorted,1100,10,115,142866
standard_mergesort,nearly_sorted,1100,1,275,9849
standard_mergesort,nearly_sorted,1100,2,258,9849
standard_mergesort,nearly_sorted,1100,3,249,9849
standard_mergesort,nearly_sorted,1100,4,233,9849
standard_mergesort,nearly_sorted,1100,5,248,9849
standard_mergesort,nearly_sorted,1100,6,251,9849
standard_mergesort,nearly_sorted,1100,7,232,9849
standard_mergesort,nearly_sorted,1100,8,287,9849
standard_mergesort,nearly_sorted,1100,9,268,9849
standard_mergesort,nearly_sorted,1100,10,248,9849
ternary_string_quicksort,nearly_sorted,1100,1,53,15079
ternary_string_quicksort,nearly_sorted,1100,2,39,15079
ternary_string_quicksort,nearly_sorted,1100,3,37,15079
ternary_string_quicksort,nearly_sorted,1100,4,37,15079
ternary_string_quicksort,nearly_sorted,1100,5,30,15079
ternary_string_quicksort,nearly_sorted,1100,6,37,15079
ternary_string_quicksort,nearly_sorted,1100,7,29,15079
ternary_string_quicksort,nearly_sorted,1100,8,37,15079
ternary_string_quicksort,nearly_sorted,1100,9,37,15079
ternary_string_quicksort,nearly_sorted,1100,10,37,15079
lcp_mergesort,nearly_sorted,1100,1,499,4511
lcp_mergesort,nearly_sorted,1100,2,479,4511
lcp_mergesort,nearly_sorted,1100,3,493,4511
lcp_mergesort,nearly_sorted,1100,4,471,4511
lcp_mergesort,nearly_sorted,1100,5,483,4511
lcp_mergesort,nearly_sorted,1100,6,470,4511
lcp_mergesort,nearly_sorted,1100,7,472,4511
lcp_mergesort,nearly_sorted,1100,8,476,4511
lcp_mergesort,nearly_sorted,1100,9,477,4511
lcp_mergesort,nearly_sorted,1100,10,479,4511
msd_radix_sort,nearly_sorted,1100,1,339,2648
msd_radix_sort,nearly_sorted,1100,2,319,2648
msd_radix_sort,nearly_sorted,1100,3,327,2648
msd_radix_sort,nearly_sorted,1100,4,305,2648
msd_radix_sort,nearly_sorted,1100,5,318,2648
msd_radix_sort,nearly_sorted,1100,6,315,2648
msd_radix_sort,nearly_sorted,1100,7,303,2648
msd_radix_sort,nearly_sorted,1100,8,314,2648
msd_radix_sort,nearly_sorted,1100,9,309,2648
msd_radix_sort,nearly_sorted,1100,10,313,2648
msd_radix_sort_with_quicksort,nearly_sorted,1100,1,99,8801
msd_radix_sort_with_quicksort,nearly_sorted,1100,2,103,8801
msd_radix_sort_with_quicksort,nearly_sorted,1100,3,94,8801
msd_radix_sort_with_quicksort,nearly_sorted,1100,4,92,8801
msd_radix_sort_with_quicksort,nearly_sorted,1100,5,91,8801
msd_radix_sort_with_quicksort,nearly_sorted,1100,6,90,8801
msd_radix_sort_with_quicksort,nearly_sorted,1100,7,86,8801
msd_radix_sort_with_quicksort,nearly_sorted,1100,8,89,8801
msd_radix_sort_with_quicksort,nearly_sorted,1100,9,87,8801
msd_radix_sort_with_quicksort,nearly_sorted,1100,10,84,8801
standard_quicksort,nearly_sorted,1200,1,135,158360
standard_quicksort,nearly_sorted,1200,2,123,158360
standard_quicksort,nearly_sorted,1200,3,122,158360
standard_quicksort,nearly_sorted,1200,4,127,158360
standard_quicksort,nearly_sorted,1200,5,125,158360
standard_quicksort,nearly_sorted,1200,6,130,158360
standard_quicksort,nearly_sorted,1200,7,130,158360
standard_quicksort,nearly_sorted,1200,8,138,158360
standard_quicksort,nearly_sorted,1200,9,129,158360
standard_quicksort,nearly_sorted,1200,10,121,158360
standard_mergesort,nearly_sorted,1200,1,301,10706
standard_mergesort,nearly_sorted,1200,2,292,10706
standard_mergesort,nearly_sorted,1200,3,269,10706
standard_mergesort,nearly_sorted,1200,4,274,10706
standard_mergesort,nearly_sorted,1200,5,282,10706
standard_mergesort,nearly_sorted,1200,6,263,10706
standard_mergesort,nearly_sorted,1200,7,270,10706
standard_mergesort,nearly_sorted,1200,8,277,10706
standard_mergesort,nearly_sorted,1200,9,264,10706
standard_mergesort,nearly_sorted,1200,10,261,10706
ternary_string_quicksort,nearly_sorted,1200,1,60,16700
ternary_string_quicksort,nearly_sorted,1200,2,41,16700
ternary_string_quicksort,nearly_sorted,1200,3,41,16700
ternary_string_quicksort,nearly_sorted,1200,4,40,16700
ternary_string_quicksort,nearly_sorted,1200,5,37,16700
ternary_string_quicksort,nearly_sorted,1200,6,35,16700
ternary_string_quicksort,nearly_sorted,1200,7,33,16700
ternary_string_quicksort,nearly_sorted,1200,8,33,16700
ternary_string_quicksort,nearly_sorted,1200,9,33,16700
ternary_string_quicksort,nearly_sorted,1200,10,39,16700
lcp_mergesort,nearly_sorted,1200,1,559,4836
lcp_mergesort,nearly_sorted,1200,2,530,4836
lcp_mergesort,nearly_sorted,1200,3,518,4836
lcp_mergesort,nearly_sorted,1200,4,530,4836
lcp_mergesort,nearly_sorted,1200,5,512,4836
lcp_mergesort,nearly_sorted,1200,6,535,4836
lcp_mergesort,nearly_sorted,1200,7,521,4836
lcp_mergesort,nearly_sorted,1200,8,512,4836
lcp_mergesort,nearly_sorted,1200,9,538,4836
lcp_mergesort,nearly_sorted,1200,10,555,4836
msd_radix_sort,nearly_sorted,1200,1,369,2897
msd_radix_sort,nearly_sorted,1200,2,356,2897
msd_radix_sort,nearly_sorted,1200,3,358,2897
msd_radix_sort,nearly_sorted,1200,4,346,2897
msd_radix_sort,nearly_sorted,1200,5,344,2897
msd_radix_sort,nearly_sorted,1200,6,343,2897
msd_radix_sort,nearly_sorted,1200,7,341,2897
msd_radix_sort,nearly_sorted,1200,8,359,2897
msd_radix_sort,nearly_sorted,1200,9,334,2897
msd_radix_sort,nearly_sorted,1200,10,347,2897
msd_radix_sort_with_quicksort,nearly_sorted,1200,1,115,9637
msd_radix_sort_with_quicksort,nearly_sorted,1200,2,99,9637
msd_radix_sort_with_quicksort,nearly_sorted,1200,3,106,9637
msd_radix_sort_with_quicksort,nearly_sorted,1200,4,99,9637
msd_radix_sort_with_quicksort,nearly_sorted,1200,5,98,9637
msd_radix_sort_with_quicksort,nearly_sorted,1200,6,92,9637
msd_radix_sort_with_quicksort,nearly_sorted,1200,7,91,9637
msd_radix_sort_with_quicksort,nearly_sorted,1200,8,90,9637
msd_radix_sort_with_quicksort,nearly_sorted,1200,9,90,9637
msd_radix_sort_with_quicksort,nearly_sorted,1200,10,90,9637
standard_quicksort,nearly_sorted,1300,1,160,182050
standard_quicksort,nearly_sorted,1300,2,143,182050
standard_quicksort,nearly_sorted,1300,3,146,182050
standard_quicksort,nearly_sorted,1300,4,146,182050
standard_quicksort,nearly_sorted,1300,5,137,182050
standard_quicksort,nearly_sorted,1300,6,137,182050
standard_quicksort,nearly_sorted,1300,7,138,182050
standard_quicksort,nearly_sorted,1300,8,136,182050
standard_quicksort,nearly_sorted,1300,9,136,182050
standard_quicksort,nearly_sorted,1300,10,144,182050
standard_mergesort,nearly_sorted,1300,1,334,11558
standard_mergesort,nearly_sorted,1300,2,301,11558
standard_mergesort,nearly_sorted,1300,3,296,11558
standard_mergesort,nearly_sorted,1300,4,287,11558
standard_mergesort,nearly_sorted,1300,5,282,11558
standard_mergesort,nearly_sorted,1300,6,295,11558
standard_mergesort,nearly_sorted,1300,7,284,11558
standard_mergesort,nearly_sorted,1300,8,282,11558
standard_mergesort,nearly_sorted,1300,9,282,11558
standard_mergesort,nearly_sorted,1300,10,271,11558
ternary_string_quicksort,nearly_sorted,1300,1,60,18216
ternary_string_quicksort,nearly_sorted,1300,2,49,18216
ternary_string_quicksort,nearly_sorted,1300,3,49,18216
ternary_string_quicksort,nearly_sorted,1300,4,43,18216
ternary_string_quicksort,nearly_sorted,1300,5,42,18216
ternary_string_quicksort,nearly_sorted,1300,6,41,18216
ternary_string_quicksort,nearly_sorted,1300,7,36,18216
ternary_string_quicksort,nearly_sorted,1300,8,35,18216
ternary_string_quicksort,nearly_sorted,1300,9,36,18216
ternary_string_quicksort,nearly_sorted,1300,10,41,18216
lcp_mergesort,nearly_sorted,1300,1,600,5231
lcp_mergesort,nearly_sorted,1300,2,584,5231
lcp_mergesort,nearly_sorted,1300,3,569,5231
lcp_mergesort,nearly_sorted,1300,4,595,5231
lcp_mergesort,nearly_sorted,1300,5,582,5231
lcp_mergesort,nearly_sorted,1300,6,590,5231
lcp_mergesort,nearly_sorted,1300,7,575,5231
lcp_mergesort,nearly_sorted,1300,8,561,5231
lcp_mergesort,nearly_sorted,1300,9,588,5231
lcp_mergesort,nearly_sorted,1300,10,576,5231
msd_radix_sort,nearly_sorted,1300,1,388,3134
msd_radix_sort,nearly_sorted,1300,2,388,3134
msd_radix_sort,nearly_sorted,1300,3,370,3134
msd_radix_sort,nearly_sorted,1300,4,370,3134
msd_radix_sort,nearly_sorted,1300,5,369,3134
msd_radix_sort,nearly_sorted,1300,6,370,3134
msd_radix_sort,nearly_sorted,1300,7,371,3134
msd_radix_sort,nearly_sorted,1300,8,366,3134
msd_radix_sort,nearly_sorted,1300,9,370,3134
msd_radix_sort,nearly_sorted,1300,10,363,3134
msd_radix_sort_with_quicksort,nearly_sorted,1300,1,134,10430
msd_radix_sort_with_quicksort,nearly_sorted,1300,2,108,10430
msd_radix_sort_with_quicksort,nearly_sorted,1300,3,116,10430
msd_radix_sort_with_quicksort,nearly_sorted,1300,4,115,10430
msd_radix_sort_with_quicksort,nearly_sorted,1300,5,104,10430
msd_radix_sort_with_quicksort,nearly_sorted,1300,6,110,10430
msd_radix_sort_with_quicksort,nearly_sorted,1300,7,103,10430
msd_radix_sort_with_quicksort,nearly_sorted,1300,8,106,10430
msd_radix_sort_with_quicksort,nearly_sorted,1300,9,105,10430
msd_radix_sort_with_quicksort,nearly_sorted,1300,10,102,10430
standard_quicksort,nearly_sorted,1400,1,170,200489
standard_quicksort,nearly_sorted,1400,2,157,200489
standard_quicksort,nearly_sorted,1400,3,161,200489
standard_quicksort,nearly_sorted,1400,4,151,200489
standard_quicksort,nearly_sorted,1400,5,162,200489
standard_quicksort,nearly_sorted,1400,6,160,200489
standard_quicksort,nearly_sorted,1400,7,155,200489
standard_quicksort,nearly_sorted,1400,8,160,200489
standard_quicksort,nearly_sorted,1400,9,150,200489
standard_quicksort,nearly_sorted,1400,10,156,200489
standard_mergesort,nearly_sorted,1400,1,352,12465
standard_mergesort,nearly_sorted,1400,2,331,12465
standard_mergesort,nearly_sorted,1400,3,353,12465
standard_mergesort,nearly_sorted,1400,4,313,12465
standard_mergesort,nearly_sorted,1400,5,328,12465
standard_mergesort,nearly_sorted,1400,6,319,12465
standard_mergesort,nearly_sorted,1400,7,319,12465
standard_mergesort,nearly_sorted,1400,8,313,12465
standard_mergesort,nearly_sorted,1400,9,309,12465
standard_mergesort,nearly_sorted,1400,10,331,12465
ternary_string_quicksort,nearly_sorted,1400,1,61,20008
ternary_string_quicksort,nearly_sorted,1400,2,49,20008
ternary_string_quicksort,nearly_sorted,1400,3,43,20008
ternary_string_quicksort,nearly_sorted,1400,4,41,20008
ternary_string_quicksort,nearly_sorted,1400,5,41,20008
ternary_string_quicksort,nearly_sorted,1400,6,40,20008
ternary_string_quicksort,nearly_sorted,1400,7,40,20008
ternary_string_quicksort,nearly_sorted,1400,8,39,20008
ternary_string_quicksort,nearly_sorted,1400,9,40,20008
ternary_string_quicksort,nearly_sorted,1400,10,39,20008
lcp_mergesort,nearly_sorted,1400,1,658,5639
lcp_mergesort,nearly_sorted,1400,2,612,5639
lcp_mergesort,nearly_sorted,1400,3,628,5639
lcp_mergesort,nearly_sorted,1400,4,628,5639
lcp_mergesort,nearly_sorted,1400,5,626,5639
lcp_mergesort,nearly_sorted,1400,6,629,5639
lcp_mergesort,nearly_sorted,1400,7,620,5639
lcp_mergesort,nearly_sorted,1400,8,614,5639
lcp_mergesort,nearly_sorted,1400,9,620,5639
lcp_mergesort,nearly_sorted,1400,10,623,5639
msd_radix_sort,nearly_sorted,1400,1,471,3374
msd_radix_sort,nearly_sorted,1400,2,468,3374
msd_radix_sort,nearly_sorted,1400,3,415,3374
msd_radix_sort,nearly_sorted,1400,4,398,3374
msd_radix_sort,nearly_sorted,1400,5,400,3374
msd_radix_sort,nearly_sorted,1400,6,396,3374
msd_radix_sort,nearly_sorted,1400,7,401,3374
msd_radix_sort,nearly_sorted,1400,8,403,3374
msd_radix_sort,nearly_sorted,1400,9,398,3374
msd_radix_sort,nearly_sorted,1400,10,390,3374
msd_radix_sort_with_quicksort,nearly_sorted,1400,1,135,11206
msd_radix_sort_with_quicksort,nearly_sorted,1400,2,118,11206
msd_radix_sort_with_quicksort,nearly_sorted,1400,3,115,11206
msd_radix_sort_with_quicksort,nearly_sorted,1400,4,110,11206
msd_radix_sort_with_quicksort,nearly_sorted,1400,5,110,11206
msd_radix_sort_with_quicksort,nearly_sorted,1400,6,113,11206
msd_radix_sort_with_quicksort,nearly_sorted,1400,7,113,11206
msd_radix_sort_with_quicksort,nearly_sorted,1400,8,105,11206
msd_radix_sort_with_quicksort,nearly_sorted,1400,9,110,11206
msd_radix_sort_with_quicksort,nearly_sorted,1400,10,109,11206
standard_quicksort,nearly_sorted,1500,1,192,227293
standard_quicksort,nearly_sorted,1500,2,186,227293
standard_quicksort,nearly_sorted,1500,3,181,227293
standard_quicksort,nearly_sorted,1500,4,172,227293
standard_quicksort,nearly_sorted,1500,5,170,227293
standard_quicksort,nearly_sorted,1500,6,181,227293
standard_quicksort,nearly_sorted,1500,7,172,227293
standard_quicksort,nearly_sorted,1500,8,170,227293
standard_quicksort,nearly_sorted,1500,9,172,227293
standard_quicksort,nearly_sorted,1500,10,180,227293
standard_mergesort,nearly_sorted,1500,1,387,13579
standard_mergesort,nearly_sorted,1500,2,373,13579
standard_mergesort,nearly_sorted,1500,3,339,13579
standard_mergesort,nearly_sorted,1500,4,346,13579
standard_mergesort,nearly_sorted,1500,5,340,13579
standard_mergesort,nearly_sorted,1500,6,341,13579
standard_mergesort,nearly_sorted,1500,7,353,13579
standard_mergesort,nearly_sorted,1500,8,330,13579
standard_mergesort,nearly_sorted,1500,9,346,13579
standard_mergesort,nearly_sorted,1500,10,344,13579
ternary_string_quicksort,nearly_sorted,1500,1,65,21511
ternary_string_quicksort,nearly_sorted,1500,2,59,21511
ternary_string_quicksort,nearly_sorted,1500,3,53,21511
ternary_string_quicksort,nearly_sorted,1500,4,52,21511
ternary_string_quicksort,nearly_sorted,1500,5,49,21511
ternary_string_quicksort,nearly_sorted,1500,6,43,21511
ternary_string_quicksort,nearly_sorted,1500,7,48,21511
ternary_string_quicksort,nearly_sorted,1500,8,48,21511
ternary_string_quicksort,nearly_sorted,1500,9,47,21511
ternary_string_quicksort,nearly_sorted,1500,10,47,21511
lcp_mergesort,nearly_sorted,1500,1,704,6068
lcp_mergesort,nearly_sorted,1500,2,668,6068
lcp_mergesort,nearly_sorted,1500,3,681,6068
lcp_mergesort,nearly_sorted,1500,4,655,6068
lcp_mergesort,nearly_sorted,1500,5,670,6068
lcp_mergesort,nearly_sorted,1500,6,660,6068
lcp_mergesort,nearly_sorted,1500,7,671,6068
lcp_mergesort,nearly_sorted,1500,8,657,6068
lcp_mergesort,nearly_sorted,1500,9,663,6068
lcp_mergesort,nearly_sorted,1500,10,660,6068
msd_radix_sort,nearly_sorted,1500,1,438,3616
msd_radix_sort,nearly_sorted,1500,2,439,3616
msd_radix_sort,nearly_sorted,1500,3,425,3616
msd_radix_sort,nearly_sorted,1500,4,441,3616
msd_radix_sort,nearly_sorted,1500,5,427,3616
msd_radix_sort,nearly_sorted,1500,6,433,3616
msd_radix_sort,nearly_sorted,1500,7,427,3616
msd_radix_sort,nearly_sorted,1500,8,417,3616
msd_radix_sort,nearly_sorted,1500,9,434,3616
msd_radix_sort,nearly_sorted,1500,10,425,3616
msd_radix_sort_with_quicksort,nearly_sorted,1500,1,132,11985
msd_radix_sort_with_quicksort,nearly_sorted,1500,2,131,11985
msd_radix_sort_with_quicksort,nearly_sorted,1500,3,117,11985
msd_radix_sort_with_quicksort,nearly_sorted,1500,4,115,11985
msd_radix_sort_with_quicksort,nearly_sorted,1500,5,117,11985
msd_radix_sort_with_quicksort,nearly_sorted,1500,6,119,11985
msd_radix_sort_with_quicksort,nearly_sorted,1500,7,130,11985
msd_radix_sort_with_quicksort,nearly_sorted,1500,8,111,11985
msd_radix_sort_with_quicksort,nearly_sorted,1500,9,113,11985
msd_radix_sort_with_quicksort,nearly_sorted,1500,10,118,11985
standard_quicksort,nearly_sorted,1600,1,201,232079
standard_quicksort,nearly_sorted,1600,2,185,232079
standard_quicksort,nearly_sorted,1600,3,186,232079
standard_quicksort,nearly_sorted,1600,4,186,232079
standard_quicksort,nearly_sorted,1600,5,191,232079
standard_quicksort,nearly_sorted,1600,6,185,232079
standard_quicksort,nearly_sorted,1600,7,181,232079
standard_quicksort,nearly_sorted,1600,8,178,232079
standard_quicksort,nearly_sorted,1600,9,186,232079
standard_quicksort,nearly_sorted,1600,10,175,232079
standard_mergesort,nearly_sorted,1600,1,396,14422
standard_mergesort,nearly_sorted,1600,2,402,14422
standard_mergesort,nearly_sorted,1600,3,366,14422
standard_mergesort,nearly_sorted,1600,4,371,14422
standard_mergesort,nearly_sorted,1600,5,363,14422
standard_mergesort,nearly_sorted,1600,6,371,14422
standard_mergesort,nearly_sorted,1600,7,373,14422
standard_mergesort,nearly_sorted,1600,8,381,14422
standard_mergesort,nearly_sorted,1600,9,364,14422
standard_mergesort,nearly_sorted,1600,10,372,14422
ternary_string_quicksort,nearly_sorted,1600,1,74,23020
ternary_string_quicksort,nearly_sorted,1600,2,58,23020
ternary_string_quicksort,nearly_sorted,1600,3,56,23020
ternary_string_quicksort,nearly_sorted,1600,4,53,23020
ternary_string_quicksort,nearly_sorted,1600,5,53,23020
ternary_string_quicksort,nearly_sorted,1600,6,56,23020
ternary_string_quicksort,nearly_sorted,1600,7,55,23020
ternary_string_quicksort,nearly_sorted,1600,8,47,23020
ternary_string_quicksort,nearly_sorted,1600,9,51,23020
ternary_string_quicksort,nearly_sorted,1600,10,51,23020
lcp_mergesort,nearly_sorted,1600,1,733,6380
lcp_mergesort,nearly_sorted,1600,2,739,6380
lcp_mergesort,nearly_sorted,1600,3,711,6380
lcp_mergesort,nearly_sorted,1600,4,781,6380
lcp_mergesort,nearly_sorted,1600,5,734,6380
lcp_mergesort,nearly_sorted,1600,6,723,6380
lcp_mergesort,nearly_sorted,1600,7,714,6380
lcp_mergesort,nearly_sorted,1600,8,720,6380
lcp_mergesort,nearly_sorted,1600,9,718,6380
lcp_mergesort,nearly_sorted,1600,10,723,6380
msd_radix_sort,nearly_sorted,1600,1,463,3849
msd_radix_sort,nearly_sorted,1600,2,455,3849
msd_radix_sort,nearly_sorted,1600,3,470,3849
msd_radix_sort,nearly_sorted,1600,4,454,3849
msd_radix_sort,nearly_sorted,1600,5,448,3849
msd_radix_sort,nearly_sorted,1600,6,483,3849
msd_radix_sort,nearly_sorted,1600,7,486,3849
msd_radix_sort,nearly_sorted,1600,8,459,3849
msd_radix_sort,nearly_sorted,1600,9,455,3849
msd_radix_sort,nearly_sorted,1600,10,463,3849
msd_radix_sort_with_quicksort,nearly_sorted,1600,1,150,12766
msd_radix_sort_with_quicksort,nearly_sorted,1600,2,142,12766
msd_radix_sort_with_quicksort,nearly_sorted,1600,3,146,12766
msd_radix_sort_with_quicksort,nearly_sorted,1600,4,128,12766
msd_radix_sort_with_quicksort,nearly_sorted,1600,5,130,12766
msd_radix_sort_with_quicksort,nearly_sorted,1600,6,119,12766
msd_radix_sort_with_quicksort,nearly_sorted,1600,7,127,12766
msd_radix_sort_with_quicksort,nearly_sorted,1600,8,136,12766
msd_radix_sort_with_quicksort,nearly_sorted,1600,9,118,12766
msd_radix_sort_with_quicksort,nearly_sorted,1600,10,122,12766
standard_quicksort,nearly_sorted,1700,1,203,238734
standard_quicksort,nearly_sorted,1700,2,188,238734
standard_quicksort,nearly_sorted,1700,3,184,238734
standard_quicksort,nearly_sorted,1700,4,193,238734
standard_quicksort,nearly_sorted,1700,5,185,238734
standard_quicksort,nearly_sorted,1700,6,182,238734
standard_quicksort,nearly_sorted,1700,7,191,238734
standard_quicksort,nearly_sorted,1700,8,189,238734
standard_quicksort,nearly_sorted,1700,9,191,238734
standard_quicksort,nearly_sorted,1700,10,191,238734
standard_mergesort,nearly_sorted,1700,1,428,15430
standard_mergesort,nearly_sorted,1700,2,421,15430
standard_mergesort,nearly_sorted,1700,3,413,15430
standard_mergesort,nearly_sorted,1700,4,397,15430
standard_mergesort,nearly_sorted,1700,5,411,15430
standard_mergesort,nearly_sorted,1700,6,392,15430
standard_mergesort,nearly_sorted,1700,7,403,15430
standard_mergesort,nearly_sorted,1700,8,392,15430
standard_mergesort,nearly_sorted,1700,9,403,15430
standard_mergesort,nearly_sorted,1700,10,402,15430
ternary_string_quicksort,nearly_sorted,1700,1,78,24551
ternary_string_quicksort,nearly_sorted,1700,2,66,24551
ternary_string_quicksort,nearly_sorted,1700,3,55,24551
ternary_string_quicksort,nearly_sorted,1700,4,53,24551
ternary_string_quicksort,nearly_sorted,1700,5,52,24551
ternary_string_quicksort,nearly_sorted,1700,6,58,24551
ternary_string_quicksort,nearly_sorted,1700,7,49,24551
ternary_string_quicksort,nearly_sorted,1700,8,54,24551
ternary_string_quicksort,nearly_sorted,1700,9,54,24551
ternary_string_quicksort,nearly_sorted,1700,10,58,24551
lcp_mergesort,nearly_sorted,1700,1,783,6812
lcp_mergesort,nearly_sorted,1700,2,784,6812
lcp_mergesort,nearly_sorted,1700,3,810,6812
lcp_mergesort,nearly_sorted,1700,4,794,6812
lcp_mergesort,nearly_sorted,1700,5,781,6812
lcp_mergesort,nearly_sorted,1700,6,775,6812
lcp_mergesort,nearly_sorted,1700,7,777,6812
lcp_mergesort,nearly_sorted,1700,8,784,6812
lcp_mergesort,nearly_sorted,1700,9,777,6812
lcp_mergesort,nearly_sorted,1700,10,771,6812
msd_radix_sort,nearly_sorted,1700,1,504,4083
msd_radix_sort,nearly_sorted,1700,2,477,4083
msd_radix_sort,nearly_sorted,1700,3,476,4083
msd_radix_sort,nearly_sorted,1700,4,489,4083
msd_radix_sort,nearly_sorted,1700,5,492,4083
msd_radix_sort,nearly_sorted,1700,6,484,4083
msd_radix_sort,nearly_sorted,1700,7,479,4083
msd_radix_sort,nearly_sorted,1700,8,479,4083
msd_radix_sort,nearly_sorted,1700,9,483,4083
msd_radix_sort,nearly_sorted,1700,10,478,4083
msd_radix_sort_with_quicksort,nearly_sorted,1700,1,166,13541
msd_radix_sort_with_quicksort,nearly_sorted,1700,2,153,13541
msd_radix_sort_with_quicksort,nearly_sorted,1700,3,141,13541
msd_radix_sort_with_quicksort,nearly_sorted,1700,4,142,13541
msd_radix_sort_with_quicksort,nearly_sorted,1700,5,141,13541
msd_radix_sort_with_quicksort,nearly_sorted,1700,6,149,13541
msd_radix_sort_with_quicksort,nearly_sorted,1700,7,134,13541
msd_radix_sort_with_quicksort,nearly_sorted,1700,8,135,13541
msd_radix_sort_with_quicksort,nearly_sorted,1700,9,144,13541
msd_radix_sort_with_quicksort,nearly_sorted,1700,10,138,13541
standard_quicksort,nearly_sorted,1800,1,191,239872
standard_quicksort,nearly_sorted,1800,2,193,239872
standard_quicksort,nearly_sorted,1800,3,195,239872
standard_quicksort,nearly_sorted,1800,4,192,239872
standard_quicksort,nearly_sorted,1800,5,193,239872
standard_quicksort,nearly_sorted,1800,6,192,239872
standard_quicksort,nearly_sorted,1800,7,187,239872
standard_quicksort,nearly_sorted,1800,8,185,239872
standard_quicksort,nearly_sorted,1800,9,184,239872
standard_quicksort,nearly_sorted,1800,10,200,239872
standard_mergesort,nearly_sorted,1800,1,466,16480
standard_mergesort,nearly_sorted,1800,2,446,16480
standard_mergesort,nearly_sorted,1800,3,420,16480
standard_mergesort,nearly_sorted,1800,4,432,16480
standard_mergesort,nearly_sorted,1800,5,426,16480
standard_mergesort,nearly_sorted,1800,6,432,16480
standard_mergesort,nearly_sorted,1800,7,420,16480
standard_mergesort,nearly_sorted,1800,8,427,16480
standard_mergesort,nearly_sorted,1800,9,440,16480
standard_mergesort,nearly_sorted,1800,10,451,16480
ternary_string_quicksort,nearly_sorted,1800,1,87,26373
ternary_string_quicksort,nearly_sorted,1800,2,71,26373
ternary_string_quicksort,nearly_sorted,1800,3,64,26373
ternary_string_quicksort,nearly_sorted,1800,4,61,26373
ternary_string_quicksort,nearly_sorted,1800,5,59,26373
ternary_string_quicksort,nearly_sorted,1800,6,59,26373
ternary_string_quicksort,nearly_sorted,1800,7,58,26373
ternary_string_quicksort,nearly_sorted,1800,8,58,26373
ternary_string_quicksort,nearly_sorted,1800,9,53,26373
ternary_string_quicksort,nearly_sorted,1800,10,56,26373
lcp_mergesort,nearly_sorted,1800,1,870,7316
lcp_mergesort,nearly_sorted,1800,2,835,7316
lcp_mergesort,nearly_sorted,1800,3,825,7316
lcp_mergesort,nearly_sorted,1800,4,817,7316
lcp_mergesort,nearly_sorted,1800,5,835,7316
lcp_mergesort,nearly_sorted,1800,6,822,7316
lcp_mergesort,nearly_sorted,1800,7,821,7316
lcp_mergesort,nearly_sorted,1800,8,831,7316
lcp_mergesort,nearly_sorted,1800,9,820,7316
lcp_mergesort,nearly_sorted,1800,10,839,7316
msd_radix_sort,nearly_sorted,1800,1,527,4326
msd_radix_sort,nearly_sorted,1800,2,505,4326
msd_radix_sort,nearly_sorted,1800,3,506,4326
msd_radix_sort,nearly_sorted,1800,4,505,4326
msd_radix_sort,nearly_sorted,1800,5,529,4326
msd_radix_sort,nearly_sorted,1800,6,512,4326
msd_radix_sort,nearly_sorted,1800,7,504,4326
msd_radix_sort,nearly_sorted,1800,8,522,4326
msd_radix_sort,nearly_sorted,1800,9,516,4326
msd_radix_sort,nearly_sorted,1800,10,497,4326
msd_radix_sort_with_quicksort,nearly_sorted,1800,1,179,14292
msd_radix_sort_with_quicksort,nearly_sorted,1800,2,159,14292
msd_radix_sort_with_quicksort,nearly_sorted,1800,3,154,14292
msd_radix_sort_with_quicksort,nearly_sorted,1800,4,140,14292
msd_radix_sort_with_quicksort,nearly_sorted,1800,5,165,14292
msd_radix_sort_with_quicksort,nearly_sorted,1800,6,138,14292
msd_radix_sort_with_quicksort,nearly_sorted,1800,7,146,14292
msd_radix_sort_with_quicksort,nearly_sorted,1800,8,135,14292
msd_radix_sort_with_quicksort,nearly_sorted,1800,9,147,14292
msd_radix_sort_with_quicksort,nearly_sorted,1800,10,140,14292
standard_quicksort,nearly_sorted,1900,1,193,242927
standard_quicksort,nearly_sorted,1900,2,200,242927
standard_quicksort,nearly_sorted,1900,3,188,242927
standard_quicksort,nearly_sorted,1900,4,188,242927
standard_quicksort,nearly_sorted,1900,5,187,242927
standard_quicksort,nearly_sorted,1900,6,199,242927
standard_quicksort,nearly_sorted,1900,7,197,242927
standard_quicksort,nearly_sorted,1900,8,197,242927
standard_quicksort,nearly_sorted,1900,9,198,242927
standard_quicksort,nearly_sorted,1900,10,187,242927
standard_mergesort,nearly_sorted,1900,1,479,17481
standard_mergesort,nearly_sorted,1900,2,458,17481
standard_mergesort,nearly_sorted,1900,3,449,17481
standard_mergesort,nearly_sorted,1900,4,451,17481
standard_mergesort,nearly_sorted,1900,5,471,17481
standard_mergesort,nearly_sorted,1900,6,441,17481
standard_mergesort,nearly_sorted,1900,7,446,17481
standard_mergesort,nearly_sorted,1900,8,442,17481
standard_mergesort,nearly_sorted,1900,9,466,17481
standard_mergesort,nearly_sorted,1900,10,436,17481
ternary_string_quicksort,nearly_sorted,1900,1,84,28351
ternary_string_quicksort,nearly_sorted,1900,2,72,28351
ternary_string_quicksort,nearly_sorted,1900,3,66,28351
ternary_string_quicksort,nearly_sorted,1900,4,62,28351
ternary_string_quicksort,nearly_sorted,1900,5,61,28351
ternary_string_quicksort,nearly_sorted,1900,6,60,28351
ternary_string_quicksort,nearly_sorted,1900,7,62,28351
ternary_string_quicksort,nearly_sorted,1900,8,64,28351
ternary_string_quicksort,nearly_sorted,1900,9,62,28351
ternary_string_quicksort,nearly_sorted,1900,10,61,28351
lcp_mergesort,nearly_sorted,1900,1,893,7662
lcp_mergesort,nearly_sorted,1900,2,889,7662
lcp_mergesort,nearly_sorted,1900,3,889,7662
lcp_mergesort,nearly_sorted,1900,4,893,7662
lcp_mergesort,nearly_sorted,1900,5,873,7662
lcp_mergesort,nearly_sorted,1900,6,891,7662
lcp_mergesort,nearly_sorted,1900,7,878,7662
lcp_mergesort,nearly_sorted,1900,8,878,7662
lcp_mergesort,nearly_sorted,1900,9,878,7662
lcp_mergesort,nearly_sorted,1900,10,873,7662
msd_radix_sort,nearly_sorted,1900,1,554,4579
msd_radix_sort,nearly_sorted,1900,2,536,4579
msd_radix_sort,nearly_sorted,1900,3,554,4579
msd_radix_sort,nearly_sorted,1900,4,573,4579
msd_radix_sort,nearly_sorted,1900,5,528,4579
msd_radix_sort,nearly_sorted,1900,6,546,4579
msd_radix_sort,nearly_sorted,1900,7,537,4579
msd_radix_sort,nearly_sorted,1900,8,548,4579
msd_radix_sort,nearly_sorted,1900,9,563,4579
msd_radix_sort,nearly_sorted,1900,10,548,4579
msd_radix_sort_with_quicksort,nearly_sorted,1900,1,175,15146
msd_radix_sort_with_quicksort,nearly_sorted,1900,2,154,15146
msd_radix_sort_with_quicksort,nearly_sorted,1900,3,173,15146
msd_radix_sort_with_quicksort,nearly_sorted,1900,4,166,15146
msd_radix_sort_with_quicksort,nearly_sorted,1900,5,147,15146
msd_radix_sort_with_quicksort,nearly_sorted,1900,6,160,15146
msd_radix_sort_with_quicksort,nearly_sorted,1900,7,143,15146
msd_radix_sort_with_quicksort,nearly_sorted,1900,8,142,15146
msd_radix_sort_with_quicksort,nearly_sorted,1900,9,154,15146
msd_radix_sort_with_quicksort,nearly_sorted,1900,10,150,15146
standard_quicksort,nearly_sorted,2000,1,207,242058
standard_quicksort,nearly_sorted,2000,2,194,242058
standard_quicksort,nearly_sorted,2000,3,189,242058
standard_quicksort,nearly_sorted,2000,4,199,242058
standard_quicksort,nearly_sorted,2000,5,200,242058
standard_quicksort,nearly_sorted,2000,6,199,242058
standard_quicksort,nearly_sorted,2000,7,200,242058
standard_quicksort,nearly_sorted,2000,8,189,242058
standard_quicksort,nearly_sorted,2000,9,191,242058
standard_quicksort,nearly_sorted,2000,10,201,242058
standard_mergesort,nearly_sorted,2000,1,498,18578
standard_mergesort,nearly_sorted,2000,2,509,18578
standard_mergesort,nearly_sorted,2000,3,470,18578
standard_mergesort,nearly_sorted,2000,4,458,18578
standard_mergesort,nearly_sorted,2000,5,480,18578
standard_mergesort,nearly_sorted,2000,6,457,18578
standard_mergesort,nearly_sorted,2000,7,499,18578
standard_mergesort,nearly_sorted,2000,8,463,18578
standard_mergesort,nearly_sorted,2000,9,486,18578
standard_mergesort,nearly_sorted,2000,10,474,18578
ternary_string_quicksort,nearly_sorted,2000,1,97,29504
ternary_string_quicksort,nearly_sorted,2000,2,84,29504
ternary_string_quicksort,nearly_sorted,2000,3,73,29504
ternary_string_quicksort,nearly_sorted,2000,4,70,29504
ternary_string_quicksort,nearly_sorted,2000,5,65,29504
ternary_string_quicksort,nearly_sorted,2000,6,61,29504
ternary_string_quicksort,nearly_sorted,2000,7,61,29504
ternary_string_quicksort,nearly_sorted,2000,8,60,29504
ternary_string_quicksort,nearly_sorted,2000,9,60,29504
ternary_string_quicksort,nearly_sorted,2000,10,62,29504
lcp_mergesort,nearly_sorted,2000,1,987,8131
lcp_mergesort,nearly_sorted,2000,2,936,8131
lcp_mergesort,nearly_sorted,2000,3,948,8131
lcp_mergesort,nearly_sorted,2000,4,950,8131
lcp_mergesort,nearly_sorted,2000,5,935,8131
lcp_mergesort,nearly_sorted,2000,6,947,8131
lcp_mergesort,nearly_sorted,2000,7,937,8131
lcp_mergesort,nearly_sorted,2000,8,928,8131
lcp_mergesort,nearly_sorted,2000,9,943,8131
lcp_mergesort,nearly_sorted,2000,10,930,8131
msd_radix_sort,nearly_sorted,2000,1,593,4822
msd_radix_sort,nearly_sorted,2000,2,556,4822
msd_radix_sort,nearly_sorted,2000,3,575,4822
msd_radix_sort,nearly_sorted,2000,4,573,4822
msd_radix_sort,nearly_sorted,2000,5,561,4822
msd_radix_sort,nearly_sorted,2000,6,566,4822
msd_radix_sort,nearly_sorted,2000,7,579,4822
msd_radix_sort,nearly_sorted,2000,8,565,4822
msd_radix_sort,nearly_sorted,2000,9,554,4822
msd_radix_sort,nearly_sorted,2000,10,594,4822
msd_radix_sort_with_quicksort,nearly_sorted,2000,1,186,15902
msd_radix_sort_with_quicksort,nearly_sorted,2000,2,162,15902
msd_radix_sort_with_quicksort,nearly_sorted,2000,3,166,15902
msd_radix_sort_with_quicksort,nearly_sorted,2000,4,166,15902
msd_radix_sort_with_quicksort,nearly_sorted,2000,5,157,15902
msd_radix_sort_with_quicksort,nearly_sorted,2000,6,170,15902
msd_radix_sort_with_quicksort,nearly_sorted,2000,7,160,15902
msd_radix_sort_with_quicksort,nearly_sorted,2000,8,154,15902
msd_radix_sort_with_quicksort,nearly_sorted,2000,9,149,15902
msd_radix_sort_with_quicksort,nearly_sorted,2000,10,160,15902
standard_quicksort,nearly_sorted,2100,1,217,264985
standard_quicksort,nearly_sorted,2100,2,220,264985
standard_quicksort,nearly_sorted,2100,3,211,264985
standard_quicksort,nearly_sorted,2100,4,207,264985
standard_quicksort,nearly_sorted,2100,5,208,264985
standard_quicksort,nearly_sorted,2100,6,206,264985
standard_quicksort,nearly_sorted,2100,7,206,264985
standard_quicksort,nearly_sorted,2100,8,214,264985
standard_quicksort,nearly_sorted,2100,9,218,264985
standard_quicksort,nearly_sorted,2100,10,217,264985
standard_mergesort,nearly_sorted,2100,1,563,19738
standard_mergesort,nearly_sorted,2100,2,510,19738
standard_mergesort,nearly_sorted,2100,3,521,19738
standard_mergesort,nearly_sorted,2100,4,509,19738
standard_mergesort,nearly_sorted,2100,5,490,19738
standard_mergesort,nearly_sorted,2100,6,505,19738
standard_mergesort,nearly_sorted,2100,7,497,19738
standard_mergesort,nearly_sorted,2100,8,490,19738
standard_mergesort,nearly_sorted,2100,9,499,19738
standard_mergesort,nearly_sorted,2100,10,510,19738
ternary_string_quicksort,nearly_sorted,2100,1,93,31479
ternary_string_quicksort,nearly_sorted,2100,2,79,31479
ternary_string_quicksort,nearly_sorted,2100,3,74,31479
ternary_string_quicksort,nearly_sorted,2100,4,70,31479
ternary_string_quicksort,nearly_sorted,2100,5,67,31479
ternary_string_quicksort,nearly_sorted,2100,6,75,31479
ternary_string_quicksort,nearly_sorted,2100,7,71,31479
ternary_string_quicksort,nearly_sorted,2100,8,70,31479
ternary_string_quicksort,nearly_sorted,2100,9,68,31479
ternary_string_quicksort,nearly_sorted,2100,10,68,31479
lcp_mergesort,nearly_sorted,2100,1,1003,8659
lcp_mergesort,nearly_sorted,2100,2,1038,8659
lcp_mergesort,nearly_sorted,2100,3,1009,8659
lcp_mergesort,nearly_sorted,2100,4,996,8659
lcp_mergesort,nearly_sorted,2100,5,1009,8659
lcp_mergesort,nearly_sorted,2100,6,992,8659
lcp_mergesort,nearly_sorted,2100,7,1001,8659
lcp_mergesort,nearly_sorted,2100,8,992,8659
lcp_mergesort,nearly_sorted,2100,9,988,8659
lcp_mergesort,nearly_sorted,2100,10,1006,8659
msd_radix_sort,nearly_sorted,2100,1,601,5063
msd_radix_sort,nearly_sorted,2100,2,611,5063
msd_radix_sort,nearly_sorted,2100,3,595,5063
msd_radix_sort,nearly_sorted,2100,4,588,5063
msd_radix_sort,nearly_sorted,2100,5,599,5063
msd_radix_sort,nearly_sorted,2100,6,595,5063
msd_radix_sort,nearly_sorted,2100,7,595,5063
msd_radix_sort,nearly_sorted,2100,8,592,5063
msd_radix_sort,nearly_sorted,2100,9,599,5063
msd_radix_sort,nearly_sorted,2100,10,603,5063
msd_radix_sort_with_quicksort,nearly_sorted,2100,1,206,16699
msd_radix_sort_with_quicksort,nearly_sorted,2100,2,170,16699
msd_radix_sort_with_quicksort,nearly_sorted,2100,3,176,16699
msd_radix_sort_with_quicksort,nearly_sorted,2100,4,163,16699
msd_radix_sort_with_quicksort,nearly_sorted,2100,5,197,16699
msd_radix_sort_with_quicksort,nearly_sorted,2100,6,186,16699
msd_radix_sort_with_quicksort,nearly_sorted,2100,7,169,16699
msd_radix_sort_with_quicksort,nearly_sorted,2100,8,168,16699
msd_radix_sort_with_quicksort,nearly_sorted,2100,9,182,16699
msd_radix_sort_with_quicksort,nearly_sorted,2100,10,167,16699
standard_quicksort,nearly_sorted,2200,1,229,282645
standard_quicksort,nearly_sorted,2200,2,261,282645
standard_quicksort,nearly_sorted,2200,3,232,282645
standard_quicksort,nearly_sorted,2200,4,231,282645
standard_quicksort,nearly_sorted,2200,5,224,282645
standard_quicksort,nearly_sorted,2200,6,230,282645
standard_quicksort,nearly_sorted,2200,7,230,282645
standard_quicksort,nearly_sorted,2200,8,232,282645
standard_quicksort,nearly_sorted,2200,9,223,282645
standard_quicksort,nearly_sorted,2200,10,220,282645
standard_mergesort,nearly_sorted,2200,1,562,20487
standard_mergesort,nearly_sorted,2200,2,559,20487
standard_mergesort,nearly_sorted,2200,3,591,20487
standard_mergesort,nearly_sorted,2200,4,527,20487
standard_mergesort,nearly_sorted,2200,5,538,20487
standard_mergesort,nearly_sorted,2200,6,540,20487
standard_mergesort,nearly_sorted,2200,7,516,20487
standard_mergesort,nearly_sorted,2200,8,531,20487
standard_mergesort,nearly_sorted,2200,9,523,20487
standard_mergesort,nearly_sorted,2200,10,515,20487
ternary_string_quicksort,nearly_sorted,2200,1,100,33068
ternary_string_quicksort,nearly_sorted,2200,2,102,33068
ternary_string_quicksort,nearly_sorted,2200,3,87,33068
ternary_string_quicksort,nearly_sorted,2200,4,73,33068
ternary_string_quicksort,nearly_sorted,2200,5,72,33068
ternary_string_quicksort,nearly_sorted,2200,6,75,33068
ternary_string_quicksort,nearly_sorted,2200,7,83,33068
ternary_string_quicksort,nearly_sorted,2200,8,73,33068
ternary_string_quicksort,nearly_sorted,2200,9,73,33068
ternary_string_quicksort,nearly_sorted,2200,10,73,33068
lcp_mergesort,nearly_sorted,2200,1,1067,8881
lcp_mergesort,nearly_sorted,2200,2,1082,8881
lcp_mergesort,nearly_sorted,2200,3,1042,8881
lcp_mergesort,nearly_sorted,2200,4,1041,8881
lcp_mergesort,nearly_sorted,2200,5,1041,8881
lcp_mergesort,nearly_sorted,2200,6,1077,8881
lcp_mergesort,nearly_sorted,2200,7,1066,8881
lcp_mergesort,nearly_sorted,2200,8,1048,8881
lcp_mergesort,nearly_sorted,2200,9,1063,8881
lcp_mergesort,nearly_sorted,2200,10,1063,8881
msd_radix_sort,nearly_sorted,2200,1,644,5312
msd_radix_sort,nearly_sorted,2200,2,625,5312
msd_radix_sort,nearly_sorted,2200,3,618,5312
msd_radix_sort,nearly_sorted,2200,4,632,5312
msd_radix_sort,nearly_sorted,2200,5,635,5312
msd_radix_sort,nearly_sorted,2200,6,631,5312
msd_radix_sort,nearly_sorted,2200,7,612,5312
msd_radix_sort,nearly_sorted,2200,8,631,5312
msd_radix_sort,nearly_sorted,2200,9,641,5312
msd_radix_sort,nearly_sorted,2200,10,637,5312
msd_radix_sort_with_quicksort,nearly_sorted,2200,1,193,17519
msd_radix_sort_with_quicksort,nearly_sorted,2200,2,185,17519
msd_radix_sort_with_quicksort,nearly_sorted,2200,3,191,17519
msd_radix_sort_with_quicksort,nearly_sorted,2200,4,182,17519
msd_radix_sort_with_quicksort,nearly_sorted,2200,5,182,17519
msd_radix_sort_with_quicksort,nearly_sorted,2200,6,185,17519
msd_radix_sort_with_quicksort,nearly_sorted,2200,7,178,17519
msd_radix_sort_with_quicksort,nearly_sorted,2200,8,169,17519
msd_radix_sort_with_quicksort,nearly_sorted,2200,9,176,17519
msd_radix_sort_with_quicksort,nearly_sorted,2200,10,167,17519
standard_quicksort,nearly_sorted,2300,1,245,307197
standard_quicksort,nearly_sorted,2300,2,246,307197
standard_quicksort,nearly_sorted,2300,3,238,307197
standard_quicksort,nearly_sorted,2300,4,242,307197
standard_quicksort,nearly_sorted,2300,5,259,307197
standard_quicksort,nearly_sorted,2300,6,246,307197
standard_quicksort,nearly_sorted,2300,7,246,307197
standard_quicksort,nearly_sorted,2300,8,237,307197
standard_quicksort,nearly_sorted,2300,9,238,307197
standard_quicksort,nearly_sorted,2300,10,239,307197
standard_mergesort,nearly_sorted,2300,1,590,21456
standard_mergesort,nearly_sorted,2300,2,579,21456
standard_mergesort,nearly_sorted,2300,3,572,21456
standard_mergesort,nearly_sorted,2300,4,543,21456
standard_mergesort,nearly_sorted,2300,5,571,21456
standard_mergesort,nearly_sorted,2300,6,559,21456
standard_mergesort,nearly_sorted,2300,7,546,21456
standard_mergesort,nearly_sorted,2300,8,571,21456
standard_mergesort,nearly_sorted,2300,9,560,21456
standard_mergesort,nearly_sorted,2300,10,549,21456
ternary_string_quicksort,nearly_sorted,2300,1,103,35168
ternary_string_quicksort,nearly_sorted,2300,2,98,35168
ternary_string_quicksort,nearly_sorted,2300,3,91,35168
ternary_string_quicksort,nearly_sorted,2300,4,89,35168
ternary_string_quicksort,nearly_sorted,2300,5,77,35168
ternary_string_quicksort,nearly_sorted,2300,6,75,35168
ternary_string_quicksort,nearly_sorted,2300,7,75,35168
ternary_string_quicksort,nearly_sorted,2300,8,78,35168
ternary_string_quicksort,nearly_sorted,2300,9,84,35168
ternary_string_quicksort,nearly_sorted,2300,10,73,35168
lcp_mergesort,nearly_sorted,2300,1,1108,9363
lcp_mergesort,nearly_sorted,2300,2,1093,9363
lcp_mergesort,nearly_sorted,2300,3,1093,9363
lcp_mergesort,nearly_sorted,2300,4,1087,9363
lcp_mergesort,nearly_sorted,2300,5,1099,9363
lcp_mergesort,nearly_sorted,2300,6,1081,9363
lcp_mergesort,nearly_sorted,2300,7,1129,9363
lcp_mergesort,nearly_sorted,2300,8,1106,9363
lcp_mergesort,nearly_sorted,2300,9,1194,9363
lcp_mergesort,nearly_sorted,2300,10,1101,9363
msd_radix_sort,nearly_sorted,2300,1,666,5541
msd_radix_sort,nearly_sorted,2300,2,643,5541
msd_radix_sort,nearly_sorted,2300,3,673,5541
msd_radix_sort,nearly_sorted,2300,4,660,5541
msd_radix_sort,nearly_sorted,2300,5,666,5541
msd_radix_sort,nearly_sorted,2300,6,657,5541
msd_radix_sort,nearly_sorted,2300,7,650,5541
msd_radix_sort,nearly_sorted,2300,8,645,5541
msd_radix_sort,nearly_sorted,2300,9,657,5541
msd_radix_sort,nearly_sorted,2300,10,654,5541
msd_radix_sort_with_quicksort,nearly_sorted,2300,1,204,18272
msd_radix_sort_with_quicksort,nearly_sorted,2300,2,230,18272
msd_radix_sort_with_quicksort,nearly_sorted,2300,3,193,18272
msd_radix_sort_with_quicksort,nearly_sorted,2300,4,194,18272
msd_radix_sort_with_quicksort,nearly_sorted,2300,5,194,18272
msd_radix_sort_with_quicksort,nearly_sorted,2300,6,191,18272
msd_radix_sort_with_quicksort,nearly_sorted,2300,7,192,18272
msd_radix_sort_with_quicksort,nearly_sorted,2300,8,211,18272
msd_radix_sort_with_quicksort,nearly_sorted,2300,9,184,18272
msd_radix_sort_with_quicksort,nearly_sorted,2300,10,176,18272
standard_quicksort,nearly_sorted,2400,1,271,313949
standard_quicksort,nearly_sorted,2400,2,254,313949
standard_quicksort,nearly_sorted,2400,3,255,313949
standard_quicksort,nearly_sorted,2400,4,264,313949
standard_quicksort,nearly_sorted,2400,5,256,313949
standard_quicksort,nearly_sorted,2400,6,259,313949
standard_quicksort,nearly_sorted,2400,7,250,313949
standard_quicksort,nearly_sorted,2400,8,256,313949
standard_quicksort,nearly_sorted,2400,9,255,313949
standard_quicksort,nearly_sorted,2400,10,246,313949
standard_mergesort,nearly_sorted,2400,1,628,22126
standard_mergesort,nearly_sorted,2400,2,604,22126
standard_mergesort,nearly_sorted,2400,3,585,22126
standard_mergesort,nearly_sorted,2400,4,610,22126
standard_mergesort,nearly_sorted,2400,5,618,22126
standard_mergesort,nearly_sorted,2400,6,612,22126
standard_mergesort,nearly_sorted,2400,7,622,22126
standard_mergesort,nearly_sorted,2400,8,603,22126
standard_mergesort,nearly_sorted,2400,9,590,22126
standard_mergesort,nearly_sorted,2400,10,586,22126
ternary_string_quicksort,nearly_sorted,2400,1,116,36820
ternary_string_quicksort,nearly_sorted,2400,2,99,36820
ternary_string_quicksort,nearly_sorted,2400,3,97,36820
ternary_string_quicksort,nearly_sorted,2400,4,93,36820
ternary_string_quicksort,nearly_sorted,2400,5,86,36820
ternary_string_quicksort,nearly_sorted,2400,6,90,36820
ternary_string_quicksort,nearly_sorted,2400,7,87,36820
ternary_string_quicksort,nearly_sorted,2400,8,83,36820
ternary_string_quicksort,nearly_sorted,2400,9,81,36820
ternary_string_quicksort,nearly_sorted,2400,10,86,36820
lcp_mergesort,nearly_sorted,2400,1,1504,9559
lcp_mergesort,nearly_sorted,2400,2,1607,9559
lcp_mergesort,nearly_sorted,2400,3,1656,9559
lcp_mergesort,nearly_sorted,2400,4,1260,9559
lcp_mergesort,nearly_sorted,2400,5,1170,9559
lcp_mergesort,nearly_sorted,2400,6,1155,9559
lcp_mergesort,nearly_sorted,2400,7,1182,9559
lcp_mergesort,nearly_sorted,2400,8,1207,9559
lcp_mergesort,nearly_sorted,2400,9,1152,9559
lcp_mergesort,nearly_sorted,2400,10,1155,9559
msd_radix_sort,nearly_sorted,2400,1,687,5788
msd_radix_sort,nearly_sorted,2400,2,682,5788
msd_radix_sort,nearly_sorted,2400,3,683,5788
msd_radix_sort,nearly_sorted,2400,4,708,5788
msd_radix_sort,nearly_sorted,2400,5,688,5788
msd_radix_sort,nearly_sorted,2400,6,702,5788
msd_radix_sort,nearly_sorted,2400,7,688,5788
msd_radix_sort,nearly_sorted,2400,8,680,5788
msd_radix_sort,nearly_sorted,2400,9,695,5788
msd_radix_sort,nearly_sorted,2400,10,695,5788
msd_radix_sort_with_quicksort,nearly_sorted,2400,1,216,19108
msd_radix_sort_with_quicksort,nearly_sorted,2400,2,204,19108
msd_radix_sort_with_quicksort,nearly_sorted,2400,3,197,19108
msd_radix_sort_with_quicksort,nearly_sorted,2400,4,193,19108
msd_radix_sort_with_quicksort,nearly_sorted,2400,5,188,19108
msd_radix_sort_with_quicksort,nearly_sorted,2400,6,185,19108
msd_radix_sort_with_quicksort,nearly_sorted,2400,7,194,19108
msd_radix_sort_with_quicksort,nearly_sorted,2400,8,181,19108
msd_radix_sort_with_quicksort,nearly_sorted,2400,9,180,19108
msd_radix_sort_with_quicksort,nearly_sorted,2400,10,184,19108
standard_quicksort,nearly_sorted,2500,1,351,346588
standard_quicksort,nearly_sorted,2500,2,268,346588
standard_quicksort,nearly_sorted,2500,3,275,346588
standard_quicksort,nearly_sorted,2500,4,265,346588
standard_quicksort,nearly_sorted,2500,5,289,346588
standard_quicksort,nearly_sorted,2500,6,265,346588
standard_quicksort,nearly_sorted,2500,7,267,346588
standard_quicksort,nearly_sorted,2500,8,278,346588
standard_quicksort,nearly_sorted,2500,9,264,346588
standard_quicksort,nearly_sorted,2500,10,289,346588
standard_mergesort,nearly_sorted,2500,1,629,23250
standard_mergesort,nearly_sorted,2500,2,618,23250
standard_mergesort,nearly_sorted,2500,3,613,23250
standard_mergesort,nearly_sorted,2500,4,632,23250
standard_mergesort,nearly_sorted,2500,5,601,23250
standard_mergesort,nearly_sorted,2500,6,604,23250
standard_mergesort,nearly_sorted,2500,7,606,23250
standard_mergesort,nearly_sorted,2500,8,614,23250
standard_mergesort,nearly_sorted,2500,9,614,23250
standard_mergesort,nearly_sorted,2500,10,609,23250
ternary_string_quicksort,nearly_sorted,2500,1,130,38483
ternary_string_quicksort,nearly_sorted,2500,2,109,38483
ternary_string_quicksort,nearly_sorted,2500,3,96,38483
ternary_string_quicksort,nearly_sorted,2500,4,97,38483
ternary_string_quicksort,nearly_sorted,2500,5,96,38483
ternary_string_quicksort,nearly_sorted,2500,6,89,38483
ternary_string_quicksort,nearly_sorted,2500,7,92,38483
ternary_string_quicksort,nearly_sorted,2500,8,91,38483
ternary_string_quicksort,nearly_sorted,2500,9,80,38483
ternary_string_quicksort,nearly_sorted,2500,10,93,38483
lcp_mergesort,nearly_sorted,2500,1,1200,10026
lcp_mergesort,nearly_sorted,2500,2,1190,10026
lcp_mergesort,nearly_sorted,2500,3,1191,10026
lcp_mergesort,nearly_sorted,2500,4,1224,10026
lcp_mergesort,nearly_sorted,2500,5,1215,10026
lcp_mergesort,nearly_sorted,2500,6,1196,10026
lcp_mergesort,nearly_sorted,2500,7,1222,10026
lcp_mergesort,nearly_sorted,2500,8,1199,10026
lcp_mergesort,nearly_sorted,2500,9,1199,10026
lcp_mergesort,nearly_sorted,2500,10,1239,10026
msd_radix_sort,nearly_sorted,2500,1,764,6030
msd_radix_sort,nearly_sorted,2500,2,728,6030
msd_radix_sort,nearly_sorted,2500,3,709,6030
msd_radix_sort,nearly_sorted,2500,4,709,6030
msd_radix_sort,nearly_sorted,2500,5,713,6030
msd_radix_sort,nearly_sorted,2500,6,717,6030
msd_radix_sort,nearly_sorted,2500,7,706,6030
msd_radix_sort,nearly_sorted,2500,8,727,6030
msd_radix_sort,nearly_sorted,2500,9,719,6030
msd_radix_sort,nearly_sorted,2500,10,746,6030
msd_radix_sort_with_quicksort,nearly_sorted,2500,1,225,19896
msd_radix_sort_with_quicksort,nearly_sorted,2500,2,203,19896
msd_radix_sort_with_quicksort,nearly_sorted,2500,3,235,19896
msd_radix_sort_with_quicksort,nearly_sorted,2500,4,208,19896
msd_radix_sort_with_quicksort,nearly_sorted,2500,5,216,19896
msd_radix_sort_with_quicksort,nearly_sorted,2500,6,201,19896
msd_radix_sort_with_quicksort,nearly_sorted,2500,7,204,19896
msd_radix_sort_with_quicksort,nearly_sorted,2500,8,213,19896
msd_radix_sort_with_quicksort,nearly_sorted,2500,9,203,19896
msd_radix_sort_with_quicksort,nearly_sorted,2500,10,239,19896
standard_quicksort,nearly_sorted,2600,1,288,365384
standard_quicksort,nearly_sorted,2600,2,283,365384
standard_quicksort,nearly_sorted,2600,3,289,365384
standard_quicksort,nearly_sorted,2600,4,289,365384
standard_quicksort,nearly_sorted,2600,5,303,365384
standard_quicksort,nearly_sorted,2600,6,284,365384
standard_quicksort,nearly_sorted,2600,7,301,365384
standard_quicksort,nearly_sorted,2600,8,284,365384
standard_quicksort,nearly_sorted,2600,9,289,365384
standard_quicksort,nearly_sorted,2600,10,286,365384
standard_mergesort,nearly_sorted,2600,1,737,24162
standard_mergesort,nearly_sorted,2600,2,667,24162
standard_mergesort,nearly_sorted,2600,3,681,24162
standard_mergesort,nearly_sorted,2600,4,673,24162
standard_mergesort,nearly_sorted,2600,5,670,24162
standard_mergesort,nearly_sorted,2600,6,673,24162
standard_mergesort,nearly_sorted,2600,7,652,24162
standard_mergesort,nearly_sorted,2600,8,642,24162
standard_mergesort,nearly_sorted,2600,9,658,24162
standard_mergesort,nearly_sorted,2600,10,662,24162
ternary_string_quicksort,nearly_sorted,2600,1,117,40144
ternary_string_quicksort,nearly_sorted,2600,2,116,40144
ternary_string_quicksort,nearly_sorted,2600,3,100,40144
ternary_string_quicksort,nearly_sorted,2600,4,100,40144
ternary_string_quicksort,nearly_sorted,2600,5,99,40144
ternary_string_quicksort,nearly_sorted,2600,6,93,40144
ternary_string_quicksort,nearly_sorted,2600,7,96,40144
ternary_string_quicksort,nearly_sorted,2600,8,96,40144
ternary_string_quicksort,nearly_sorted,2600,9,103,40144
ternary_string_quicksort,nearly_sorted,2600,10,100,40144
lcp_mergesort,nearly_sorted,2600,1,1242,10358
lcp_mergesort,nearly_sorted,2600,2,1224,10358
lcp_mergesort,nearly_sorted,2600,3,1245,10358
lcp_mergesort,nearly_sorted,2600,4,1226,10358
lcp_mergesort,nearly_sorted,2600,5,1261,10358
lcp_mergesort,nearly_sorted,2600,6,1241,10358
lcp_mergesort,nearly_sorted,2600,7,1233,10358
lcp_mergesort,nearly_sorted,2600,8,1246,10358
lcp_mergesort,nearly_sorted,2600,9,1233,10358
lcp_mergesort,nearly_sorted,2600,10,1234,10358
msd_radix_sort,nearly_sorted,2600,1,759,6289
msd_radix_sort,nearly_sorted,2600,2,769,6289
msd_radix_sort,nearly_sorted,2600,3,753,6289
msd_radix_sort,nearly_sorted,2600,4,743,6289
msd_radix_sort,nearly_sorted,2600,5,753,6289
msd_radix_sort,nearly_sorted,2600,6,762,6289
msd_radix_sort,nearly_sorted,2600,7,741,6289
msd_radix_sort,nearly_sorted,2600,8,738,6289
msd_radix_sort,nearly_sorted,2600,9,736,6289
msd_radix_sort,nearly_sorted,2600,10,750,6289
msd_radix_sort_with_quicksort,nearly_sorted,2600,1,276,20750
msd_radix_sort_with_quicksort,nearly_sorted,2600,2,218,20750
msd_radix_sort_with_quicksort,nearly_sorted,2600,3,214,20750
msd_radix_sort_with_quicksort,nearly_sorted,2600,4,205,20750
msd_radix_sort_with_quicksort,nearly_sorted,2600,5,210,20750
msd_radix_sort_with_quicksort,nearly_sorted,2600,6,212,20750
msd_radix_sort_with_quicksort,nearly_sorted,2600,7,203,20750
msd_radix_sort_with_quicksort,nearly_sorted,2600,8,203,20750
msd_radix_sort_with_quicksort,nearly_sorted,2600,9,206,20750
msd_radix_sort_with_quicksort,nearly_sorted,2600,10,205,20750
standard_quicksort,nearly_sorted,2700,1,319,387328
standard_quicksort,nearly_sorted,2700,2,303,387328
standard_quicksort,nearly_sorted,2700,3,315,387328
standard_quicksort,nearly_sorted,2700,4,302,387328
standard_quicksort,nearly_sorted,2700,5,296,387328
standard_quicksort,nearly_sorted,2700,6,297,387328
standard_quicksort,nearly_sorted,2700,7,297,387328
standard_quicksort,nearly_sorted,2700,8,311,387328
standard_quicksort,nearly_sorted,2700,9,299,387328
standard_quicksort,nearly_sorted,2700,10,319,387328
standard_mergesort,nearly_sorted,2700,1,694,25179
standard_mergesort,nearly_sorted,2700,2,673,25179
standard_mergesort,nearly_sorted,2700,3,674,25179
standard_mergesort,nearly_sorted,2700,4,676,25179
standard_mergesort,nearly_sorted,2700,5,681,25179
standard_mergesort,nearly_sorted,2700,6,690,25179
standard_mergesort,nearly_sorted,2700,7,674,25179
standard_mergesort,nearly_sorted,2700,8,663,25179
standard_mergesort,nearly_sorted,2700,9,732,25179
standard_mergesort,nearly_sorted,2700,10,762,25179
ternary_string_quicksort,nearly_sorted,2700,1,131,41820
ternary_string_quicksort,nearly_sorted,2700,2,106,41820
ternary_string_quicksort,nearly_sorted,2700,3,109,41820
ternary_string_quicksort,nearly_sorted,2700,4,96,41820
ternary_string_quicksort,nearly_sorted,2700,5,100,41820
ternary_string_quicksort,nearly_sorted,2700,6,102,41820
ternary_string_quicksort,nearly_sorted,2700,7,91,41820
ternary_string_quicksort,nearly_sorted,2700,8,98,41820
ternary_string_quicksort,nearly_sorted,2700,9,98,41820
ternary_string_quicksort,nearly_sorted,2700,10,92,41820
lcp_mergesort,nearly_sorted,2700,1,1298,10808
lcp_mergesort,nearly_sorted,2700,2,1305,10808
lcp_mergesort,nearly_sorted,2700,3,1291,10808
lcp_mergesort,nearly_sorted,2700,4,1322,10808
lcp_mergesort,nearly_sorted,2700,5,1303,10808
lcp_mergesort,nearly_sorted,2700,6,1282,10808
lcp_mergesort,nearly_sorted,2700,7,1298,10808
lcp_mergesort,nearly_sorted,2700,8,1296,10808
lcp_mergesort,nearly_sorted,2700,9,1276,10808
lcp_mergesort,nearly_sorted,2700,10,1283,10808
msd_radix_sort,nearly_sorted,2700,1,813,6523
msd_radix_sort,nearly_sorted,2700,2,777,6523
msd_radix_sort,nearly_sorted,2700,3,774,6523
msd_radix_sort,nearly_sorted,2700,4,776,6523
msd_radix_sort,nearly_sorted,2700,5,783,6523
msd_radix_sort,nearly_sorted,2700,6,782,6523
msd_radix_sort,nearly_sorted,2700,7,766,6523
msd_radix_sort,nearly_sorted,2700,8,787,6523
msd_radix_sort,nearly_sorted,2700,9,762,6523
msd_radix_sort,nearly_sorted,2700,10,777,6523
msd_radix_sort_with_quicksort,nearly_sorted,2700,1,251,21593
msd_radix_sort_with_quicksort,nearly_sorted,2700,2,223,21593
msd_radix_sort_with_quicksort,nearly_sorted,2700,3,220,21593
msd_radix_sort_with_quicksort,nearly_sorted,2700,4,214,21593
msd_radix_sort_with_quicksort,nearly_sorted,2700,5,218,21593
msd_radix_sort_with_quicksort,nearly_sorted,2700,6,206,21593
msd_radix_sort_with_quicksort,nearly_sorted,2700,7,210,21593
msd_radix_sort_with_quicksort,nearly_sorted,2700,8,216,21593
msd_radix_sort_with_quicksort,nearly_sorted,2700,9,216,21593
msd_radix_sort_with_quicksort,nearly_sorted,2700,10,204,21593
standard_quicksort,nearly_sorted,2800,1,328,407156
standard_quicksort,nearly_sorted,2800,2,341,407156
standard_quicksort,nearly_sorted,2800,3,321,407156
standard_quicksort,nearly_sorted,2800,4,314,407156
standard_quicksort,nearly_sorted,2800,5,327,407156
standard_quicksort,nearly_sorted,2800,6,316,407156
standard_quicksort,nearly_sorted,2800,7,337,407156
standard_quicksort,nearly_sorted,2800,8,315,407156
standard_quicksort,nearly_sorted,2800,9,324,407156
standard_quicksort,nearly_sorted,2800,10,322,407156
standard_mergesort,nearly_sorted,2800,1,723,26169
standard_mergesort,nearly_sorted,2800,2,705,26169
standard_mergesort,nearly_sorted,2800,3,724,26169
standard_mergesort,nearly_sorted,2800,4,705,26169
standard_mergesort,nearly_sorted,2800,5,689,26169
standard_mergesort,nearly_sorted,2800,6,688,26169
standard_mergesort,nearly_sorted,2800,7,701,26169
standard_mergesort,nearly_sorted,2800,8,727,26169
standard_mergesort,nearly_sorted,2800,9,696,26169
standard_mergesort,nearly_sorted,2800,10,702,26169
ternary_string_quicksort,nearly_sorted,2800,1,131,43827
ternary_string_quicksort,nearly_sorted,2800,2,122,43827
ternary_string_quicksort,nearly_sorted,2800,3,109,43827
ternary_string_quicksort,nearly_sorted,2800,4,111,43827
ternary_string_quicksort,nearly_sorted,2800,5,104,43827
ternary_string_quicksort,nearly_sorted,2800,6,106,43827
ternary_string_quicksort,nearly_sorted,2800,7,102,43827
ternary_string_quicksort,nearly_sorted,2800,8,93,43827
ternary_string_quicksort,nearly_sorted,2800,9,93,43827
ternary_string_quicksort,nearly_sorted,2800,10,93,43827
lcp_mergesort,nearly_sorted,2800,1,1359,11208
lcp_mergesort,nearly_sorted,2800,2,1327,11208
lcp_mergesort,nearly_sorted,2800,3,1408,11208
lcp_mergesort,nearly_sorted,2800,4,1329,11208
lcp_mergesort,nearly_sorted,2800,5,1343,11208
lcp_mergesort,nearly_sorted,2800,6,1332,11208
lcp_mergesort,nearly_sorted,2800,7,1352,11208
lcp_mergesort,nearly_sorted,2800,8,1390,11208
lcp_mergesort,nearly_sorted,2800,9,1396,11208
lcp_mergesort,nearly_sorted,2800,10,1341,11208
msd_radix_sort,nearly_sorted,2800,1,836,6769
msd_radix_sort,nearly_sorted,2800,2,815,6769
msd_radix_sort,nearly_sorted,2800,3,815,6769
msd_radix_sort,nearly_sorted,2800,4,809,6769
msd_radix_sort,nearly_sorted,2800,5,809,6769
msd_radix_sort,nearly_sorted,2800,6,801,6769
msd_radix_sort,nearly_sorted,2800,7,822,6769
msd_radix_sort,nearly_sorted,2800,8,812,6769
msd_radix_sort,nearly_sorted,2800,9,826,6769
msd_radix_sort,nearly_sorted,2800,10,873,6769
msd_radix_sort_with_quicksort,nearly_sorted,2800,1,262,22399
msd_radix_sort_with_quicksort,nearly_sorted,2800,2,239,22399
msd_radix_sort_with_quicksort,nearly_sorted,2800,3,242,22399
msd_radix_sort_with_quicksort,nearly_sorted,2800,4,222,22399
msd_radix_sort_with_quicksort,nearly_sorted,2800,5,232,22399
msd_radix_sort_with_quicksort,nearly_sorted,2800,6,288,22399
msd_radix_sort_with_quicksort,nearly_sorted,2800,7,314,22399
msd_radix_sort_with_quicksort,nearly_sorted,2800,8,230,22399
msd_radix_sort_with_quicksort,nearly_sorted,2800,9,229,22399
msd_radix_sort_with_quicksort,nearly_sorted,2800,10,255,22399
standard_quicksort,nearly_sorted,2900,1,385,427821
standard_quicksort,nearly_sorted,2900,2,465,427821
standard_quicksort,nearly_sorted,2900,3,370,427821
standard_quicksort,nearly_sorted,2900,4,340,427821
standard_quicksort,nearly_sorted,2900,5,341,427821
standard_quicksort,nearly_sorted,2900,6,360,427821
standard_quicksort,nearly_sorted,2900,7,346,427821
standard_quicksort,nearly_sorted,2900,8,328,427821
standard_quicksort,nearly_sorted,2900,9,338,427821
standard_quicksort,nearly_sorted,2900,10,338,427821
standard_mergesort,nearly_sorted,2900,1,788,27237
standard_mergesort,nearly_sorted,2900,2,764,27237
standard_mergesort,nearly_sorted,2900,3,772,27237
standard_mergesort,nearly_sorted,2900,4,745,27237
standard_mergesort,nearly_sorted,2900,5,737,27237
standard_mergesort,nearly_sorted,2900,6,733,27237
standard_mergesort,nearly_sorted,2900,7,728,27237
standard_mergesort,nearly_sorted,2900,8,707,27237
standard_mergesort,nearly_sorted,2900,9,706,27237
standard_mergesort,nearly_sorted,2900,10,726,27237
ternary_string_quicksort,nearly_sorted,2900,1,132,45607
ternary_string_quicksort,nearly_sorted,2900,2,128,45607
ternary_string_quicksort,nearly_sorted,2900,3,112,45607
ternary_string_quicksort,nearly_sorted,2900,4,108,45607
ternary_string_quicksort,nearly_sorted,2900,5,104,45607
ternary_string_quicksort,nearly_sorted,2900,6,112,45607
ternary_string_quicksort,nearly_sorted,2900,7,118,45607
ternary_string_quicksort,nearly_sorted,2900,8,113,45607
ternary_string_quicksort,nearly_sorted,2900,9,118,45607
ternary_string_quicksort,nearly_sorted,2900,10,103,45607
lcp_mergesort,nearly_sorted,2900,1,1432,11648
lcp_mergesort,nearly_sorted,2900,2,1404,11648
lcp_mergesort,nearly_sorted,2900,3,1411,11648
lcp_mergesort,nearly_sorted,2900,4,1416,11648
lcp_mergesort,nearly_sorted,2900,5,1413,11648
lcp_mergesort,nearly_sorted,2900,6,1384,11648
lcp_mergesort,nearly_sorted,2900,7,1397,11648
lcp_mergesort,nearly_sorted,2900,8,1385,11648
lcp_mergesort,nearly_sorted,2900,9,1396,11648
lcp_mergesort,nearly_sorted,2900,10,1392,11648
msd_radix_sort,nearly_sorted,2900,1,835,7018
msd_radix_sort,nearly_sorted,2900,2,817,7018
msd_radix_sort,nearly_sorted,2900,3,826,7018
msd_radix_sort,nearly_sorted,2900,4,834,7018
msd_radix_sort,nearly_sorted,2900,5,834,7018
msd_radix_sort,nearly_sorted,2900,6,809,7018
msd_radix_sort,nearly_sorted,2900,7,817,7018
msd_radix_sort,nearly_sorted,2900,8,812,7018
msd_radix_sort,nearly_sorted,2900,9,828,7018
msd_radix_sort,nearly_sorted,2900,10,828,7018
msd_radix_sort_with_quicksort,nearly_sorted,2900,1,243,23184
msd_radix_sort_with_quicksort,nearly_sorted,2900,2,233,23184
msd_radix_sort_with_quicksort,nearly_sorted,2900,3,235,23184
msd_radix_sort_with_quicksort,nearly_sorted,2900,4,227,23184
msd_radix_sort_with_quicksort,nearly_sorted,2900,5,236,23184
msd_radix_sort_with_quicksort,nearly_sorted,2900,6,220,23184
msd_radix_sort_with_quicksort,nearly_sorted,2900,7,219,23184
msd_radix_sort_with_quicksort,nearly_sorted,2900,8,226,23184
msd_radix_sort_with_quicksort,nearly_sorted,2900,9,226,23184
msd_radix_sort_with_quicksort,nearly_sorted,2900,10,249,23184
standard_quicksort,nearly_sorted,3000,1,364,456156
standard_quicksort,nearly_sorted,3000,2,388,456156
standard_quicksort,nearly_sorted,3000,3,388,456156
standard_quicksort,nearly_sorted,3000,4,359,456156
standard_quicksort,nearly_sorted,3000,5,378,456156
standard_quicksort,nearly_sorted,3000,6,359,456156
standard_quicksort,nearly_sorted,3000,7,356,456156
standard_quicksort,nearly_sorted,3000,8,356,456156
standard_quicksort,nearly_sorted,3000,9,357,456156
standard_quicksort,nearly_sorted,3000,10,349,456156
standard_mergesort,nearly_sorted,3000,1,905,28443
standard_mergesort,nearly_sorted,3000,2,781,28443
standard_mergesort,nearly_sorted,3000,3,777,28443
standard_mergesort,nearly_sorted,3000,4,744,28443
standard_mergesort,nearly_sorted,3000,5,769,28443
standard_mergesort,nearly_sorted,3000,6,776,28443
standard_mergesort,nearly_sorted,3000,7,752,28443
standard_mergesort,nearly_sorted,3000,8,762,28443
standard_mergesort,nearly_sorted,3000,9,747,28443
standard_mergesort,nearly_sorted,3000,10,763,28443
ternary_string_quicksort,nearly_sorted,3000,1,135,47099
ternary_string_quicksort,nearly_sorted,3000,2,122,47099
ternary_string_quicksort,nearly_sorted,3000,3,124,47099
ternary_string_quicksort,nearly_sorted,3000,4,115,47099
ternary_string_quicksort,nearly_sorted,3000,5,117,47099
ternary_string_quicksort,nearly_sorted,3000,6,128,47099
ternary_string_quicksort,nearly_sorted,3000,7,105,47099
ternary_string_quicksort,nearly_sorted,3000,8,112,47099
ternary_string_quicksort,nearly_sorted,3000,9,102,47099
ternary_string_quicksort,nearly_sorted,3000,10,113,47099
lcp_mergesort,nearly_sorted,3000,1,1460,12080
lcp_mergesort,nearly_sorted,3000,2,1450,12080
lcp_mergesort,nearly_sorted,3000,3,1425,12080
lcp_mergesort,nearly_sorted,3000,4,1434,12080
lcp_mergesort,nearly_sorted,3000,5,1434,12080
lcp_mergesort,nearly_sorted,3000,6,1481,12080
lcp_mergesort,nearly_sorted,3000,7,1468,12080
lcp_mergesort,nearly_sorted,3000,8,1466,12080
lcp_mergesort,nearly_sorted,3000,9,1465,12080
lcp_mergesort,nearly_sorted,3000,10,1446,12080
msd_radix_sort,nearly_sorted,3000,1,872,7259
msd_radix_sort,nearly_sorted,3000,2,869,7259
msd_radix_sort,nearly_sorted,3000,3,895,7259
msd_radix_sort,nearly_sorted,3000,4,860,7259
msd_radix_sort,nearly_sorted,3000,5,857,7259
msd_radix_sort,nearly_sorted,3000,6,847,7259
msd_radix_sort,nearly_sorted,3000,7,857,7259
msd_radix_sort,nearly_sorted,3000,8,861,7259
msd_radix_sort,nearly_sorted,3000,9,847,7259
msd_radix_sort,nearly_sorted,3000,10,872,7259
msd_radix_sort_with_quicksort,nearly_sorted,3000,1,277,24030
msd_radix_sort_with_quicksort,nearly_sorted,3000,2,245,24030
msd_radix_sort_with_quicksort,nearly_sorted,3000,3,252,24030
msd_radix_sort_with_quicksort,nearly_sorted,3000,4,236,24030
msd_radix_sort_with_quicksort,nearly_sorted,3000,5,238,24030
msd_radix_sort_with_quicksort,nearly_sorted,3000,6,238,24030
msd_radix_sort_with_quicksort,nearly_sorted,3000,7,230,24030
msd_radix_sort_with_quicksort,nearly_sorted,3000,8,243,24030
msd_radix_sort_with_quicksort,nearly_sorted,3000,9,227,24030
msd_radix_sort_with_quicksort,nearly_sorted,3000,10,259,24030
standard_quicksort,common_prefix,100,1,33,54151
standard_quicksort,common_prefix,100,2,37,54151
standard_quicksort,common_prefix,100,3,37,54151
standard_quicksort,common_prefix,100,4,36,54151
standard_quicksort,common_prefix,100,5,37,54151
standard_quicksort,common_prefix,100,6,37,54151
standard_quicksort,common_prefix,100,7,37,54151
standard_quicksort,common_prefix,100,8,36,54151
standard_quicksort,common_prefix,100,9,37,54151
standard_quicksort,common_prefix,100,10,37,54151
standard_mergesort,common_prefix,100,1,39,32747
standard_mergesort,common_prefix,100,2,39,32747
standard_mergesort,common_prefix,100,3,32,32747
standard_mergesort,common_prefix,100,4,36,32747
standard_mergesort,common_prefix,100,5,37,32747
standard_mergesort,common_prefix,100,6,37,32747
standard_mergesort,common_prefix,100,7,29,32747
standard_mergesort,common_prefix,100,8,30,32747
standard_mergesort,common_prefix,100,9,41,32747
standard_mergesort,common_prefix,100,10,30,32747
ternary_string_quicksort,common_prefix,100,1,17,13018
ternary_string_quicksort,common_prefix,100,2,9,13018
ternary_string_quicksort,common_prefix,100,3,9,13018
ternary_string_quicksort,common_prefix,100,4,8,13018
ternary_string_quicksort,common_prefix,100,5,8,13018
ternary_string_quicksort,common_prefix,100,6,8,13018
ternary_string_quicksort,common_prefix,100,7,8,13018
ternary_string_quicksort,common_prefix,100,8,8,13018
ternary_string_quicksort,common_prefix,100,9,8,13018
ternary_string_quicksort,common_prefix,100,10,8,13018
lcp_mergesort,common_prefix,100,1,39,6438
lcp_mergesort,common_prefix,100,2,34,6438
lcp_mergesort,common_prefix,100,3,30,6438
lcp_mergesort,common_prefix,100,4,28,6438
lcp_mergesort,common_prefix,100,5,27,6438
lcp_mergesort,common_prefix,100,6,28,6438
lcp_mergesort,common_prefix,100,7,28,6438
lcp_mergesort,common_prefix,100,8,27,6438
lcp_mergesort,common_prefix,100,9,27,6438
lcp_mergesort,common_prefix,100,10,27,6438
msd_radix_sort,common_prefix,100,1,433,6179
msd_radix_sort,common_prefix,100,2,377,6179
msd_radix_sort,common_prefix,100,3,373,6179
msd_radix_sort,common_prefix,100,4,403,6179
msd_radix_sort,common_prefix,100,5,407,6179
msd_radix_sort,common_prefix,100,6,392,6179
msd_radix_sort,common_prefix,100,7,353,6179
msd_radix_sort,common_prefix,100,8,370,6179
msd_radix_sort,common_prefix,100,9,357,6179
msd_radix_sort,common_prefix,100,10,354,6179
msd_radix_sort_with_quicksort,common_prefix,100,1,347,6261
msd_radix_sort_with_quicksort,common_prefix,100,2,325,6261
msd_radix_sort_with_quicksort,common_prefix,100,3,333,6261
msd_radix_sort_with_quicksort,common_prefix,100,4,333,6261
msd_radix_sort_with_quicksort,common_prefix,100,5,325,6261
msd_radix_sort_with_quicksort,common_prefix,100,6,341,6261
msd_radix_sort_with_quicksort,common_prefix,100,7,368,6261
msd_radix_sort_with_quicksort,common_prefix,100,8,352,6261
msd_radix_sort_with_quicksort,common_prefix,100,9,332,6261
msd_radix_sort_with_quicksort,common_prefix,100,10,331,6261
standard_quicksort,common_prefix,200,1,85,148083
standard_quicksort,common_prefix,200,2,99,148083
standard_quicksort,common_prefix,200,3,89,148083
standard_quicksort,common_prefix,200,4,92,148083
standard_quicksort,common_prefix,200,5,92,148083
standard_quicksort,common_prefix,200,6,84,148083
standard_quicksort,common_prefix,200,7,93,148083
standard_quicksort,common_prefix,200,8,87,148083
standard_quicksort,common_prefix,200,9,92,148083
standard_quicksort,common_prefix,200,10,93,148083
standard_mergesort,common_prefix,200,1,84,77966
standard_mergesort,common_prefix,200,2,106,77966
standard_mergesort,common_prefix,200,3,78,77966
standard_mergesort,common_prefix,200,4,84,77966
standard_mergesort,common_prefix,200,5,71,77966
standard_mergesort,common_prefix,200,6,71,77966
standard_mergesort,common_prefix,200,7,72,77966
standard_mergesort,common_prefix,200,8,70,77966
standard_mergesort,common_prefix,200,9,71,77966
standard_mergesort,common_prefix,200,10,71,77966
ternary_string_quicksort,common_prefix,200,1,23,26967
ternary_string_quicksort,common_prefix,200,2,20,26967
ternary_string_quicksort,common_prefix,200,3,16,26967
ternary_string_quicksort,common_prefix,200,4,16,26967
ternary_string_quicksort,common_prefix,200,5,16,26967
ternary_string_quicksort,common_prefix,200,6,16,26967
ternary_string_quicksort,common_prefix,200,7,16,26967
ternary_string_quicksort,common_prefix,200,8,16,26967
ternary_string_quicksort,common_prefix,200,9,16,26967
ternary_string_quicksort,common_prefix,200,10,16,26967
lcp_mergesort,common_prefix,200,1,94,13094
lcp_mergesort,common_prefix,200,2,75,13094
lcp_mergesort,common_prefix,200,3,68,13094
lcp_mergesort,common_prefix,200,4,66,13094
lcp_mergesort,common_prefix,200,5,60,13094
lcp_mergesort,common_prefix,200,6,64,13094
lcp_mergesort,common_prefix,200,7,64,13094
lcp_mergesort,common_prefix,200,8,66,13094
lcp_mergesort,common_prefix,200,9,65,13094
lcp_mergesort,common_prefix,200,10,59,13094
msd_radix_sort,common_prefix,200,1,825,12396
msd_radix_sort,common_prefix,200,2,662,12396
msd_radix_sort,common_prefix,200,3,629,12396
msd_radix_sort,common_prefix,200,4,600,12396
msd_radix_sort,common_prefix,200,5,636,12396
msd_radix_sort,common_prefix,200,6,625,12396
msd_radix_sort,common_prefix,200,7,599,12396
msd_radix_sort,common_prefix,200,8,594,12396
msd_radix_sort,common_prefix,200,9,641,12396
msd_radix_sort,common_prefix,200,10,661,12396
msd_radix_sort_with_quicksort,common_prefix,200,1,611,12725
msd_radix_sort_with_quicksort,common_prefix,200,2,561,12725
msd_radix_sort_with_quicksort,common_prefix,200,3,560,12725
msd_radix_sort_with_quicksort,common_prefix,200,4,543,12725
msd_radix_sort_with_quicksort,common_prefix,200,5,546,12725
msd_radix_sort_with_quicksort,common_prefix,200,6,565,12725
msd_radix_sort_with_quicksort,common_prefix,200,7,540,12725
msd_radix_sort_with_quicksort,common_prefix,200,8,643,12725
msd_radix_sort_with_quicksort,common_prefix,200,9,591,12725
msd_radix_sort_with_quicksort,common_prefix,200,10,565,12725
standard_quicksort,common_prefix,300,1,135,222349
standard_quicksort,common_prefix,300,2,138,222349
standard_quicksort,common_prefix,300,3,141,222349
standard_quicksort,common_prefix,300,4,132,222349
standard_quicksort,common_prefix,300,5,132,222349
standard_quicksort,common_prefix,300,6,127,222349
standard_quicksort,common_prefix,300,7,136,222349
standard_quicksort,common_prefix,300,8,127,222349
standard_quicksort,common_prefix,300,9,128,222349
standard_quicksort,common_prefix,300,10,127,222349
standard_mergesort,common_prefix,300,1,144,128078
standard_mergesort,common_prefix,300,2,136,128078
standard_mergesort,common_prefix,300,3,123,128078
standard_mergesort,common_prefix,300,4,140,128078
standard_mergesort,common_prefix,300,5,128,128078
standard_mergesort,common_prefix,300,6,127,128078
standard_mergesort,common_prefix,300,7,125,128078
standard_mergesort,common_prefix,300,8,121,128078
standard_mergesort,common_prefix,300,9,121,128078
standard_mergesort,common_prefix,300,10,117,128078
ternary_string_quicksort,common_prefix,300,1,35,40299
ternary_string_quicksort,common_prefix,300,2,27,40299
ternary_string_quicksort,common_prefix,300,3,24,40299
ternary_string_quicksort,common_prefix,300,4,23,40299
ternary_string_quicksort,common_prefix,300,5,24,40299
ternary_string_quicksort,common_prefix,300,6,23,40299
ternary_string_quicksort,common_prefix,300,7,23,40299
ternary_string_quicksort,common_prefix,300,8,24,40299
ternary_string_quicksort,common_prefix,300,9,23,40299
ternary_string_quicksort,common_prefix,300,10,23,40299
lcp_mergesort,common_prefix,300,1,149,19841
lcp_mergesort,common_prefix,300,2,138,19841
lcp_mergesort,common_prefix,300,3,119,19841
lcp_mergesort,common_prefix,300,4,123,19841
lcp_mergesort,common_prefix,300,5,137,19841
lcp_mergesort,common_prefix,300,6,122,19841
lcp_mergesort,common_prefix,300,7,112,19841
lcp_mergesort,common_prefix,300,8,105,19841
lcp_mergesort,common_prefix,300,9,115,19841
lcp_mergesort,common_prefix,300,10,112,19841
msd_radix_sort,common_prefix,300,1,1565,18609
msd_radix_sort,common_prefix,300,2,974,18609
msd_radix_sort,common_prefix,300,3,905,18609
msd_radix_sort,common_prefix,300,4,878,18609
msd_radix_sort,common_prefix,300,5,928,18609
msd_radix_sort,common_prefix,300,6,865,18609
msd_radix_sort,common_prefix,300,7,852,18609
msd_radix_sort,common_prefix,300,8,852,18609
msd_radix_sort,common_prefix,300,9,873,18609
msd_radix_sort,common_prefix,300,10,847,18609
msd_radix_sort_with_quicksort,common_prefix,300,1,772,19235
msd_radix_sort_with_quicksort,common_prefix,300,2,783,19235
msd_radix_sort_with_quicksort,common_prefix,300,3,893,19235
msd_radix_sort_with_quicksort,common_prefix,300,4,839,19235
msd_radix_sort_with_quicksort,common_prefix,300,5,812,19235
msd_radix_sort_with_quicksort,common_prefix,300,6,771,19235
msd_radix_sort_with_quicksort,common_prefix,300,7,840,19235
msd_radix_sort_with_quicksort,common_prefix,300,8,794,19235
msd_radix_sort_with_quicksort,common_prefix,300,9,796,19235
msd_radix_sort_with_quicksort,common_prefix,300,10,795,19235
standard_quicksort,common_prefix,400,1,185,319476
standard_quicksort,common_prefix,400,2,193,319476
standard_quicksort,common_prefix,400,3,193,319476
standard_quicksort,common_prefix,400,4,182,319476
standard_quicksort,common_prefix,400,5,182,319476
standard_quicksort,common_prefix,400,6,182,319476
standard_quicksort,common_prefix,400,7,181,319476
standard_quicksort,common_prefix,400,8,192,319476
standard_quicksort,common_prefix,400,9,188,319476
standard_quicksort,common_prefix,400,10,186,319476
standard_mergesort,common_prefix,400,1,200,180117
standard_mergesort,common_prefix,400,2,189,180117
standard_mergesort,common_prefix,400,3,199,180117
standard_mergesort,common_prefix,400,4,187,180117
standard_mergesort,common_prefix,400,5,185,180117
standard_mergesort,common_prefix,400,6,178,180117
standard_mergesort,common_prefix,400,7,174,180117
standard_mergesort,common_prefix,400,8,195,180117
standard_mergesort,common_prefix,400,9,181,180117
standard_mergesort,common_prefix,400,10,180,180117
ternary_string_quicksort,common_prefix,400,1,49,54122
ternary_string_quicksort,common_prefix,400,2,46,54122
ternary_string_quicksort,common_prefix,400,3,40,54122
ternary_string_quicksort,common_prefix,400,4,41,54122
ternary_string_quicksort,common_prefix,400,5,40,54122
ternary_string_quicksort,common_prefix,400,6,40,54122
ternary_string_quicksort,common_prefix,400,7,40,54122
ternary_string_quicksort,common_prefix,400,8,47,54122
ternary_string_quicksort,common_prefix,400,9,39,54122
ternary_string_quicksort,common_prefix,400,10,40,54122
lcp_mergesort,common_prefix,400,1,201,26570
lcp_mergesort,common_prefix,400,2,193,26570
lcp_mergesort,common_prefix,400,3,174,26570
lcp_mergesort,common_prefix,400,4,174,26570
lcp_mergesort,common_prefix,400,5,186,26570
lcp_mergesort,common_prefix,400,6,161,26570
lcp_mergesort,common_prefix,400,7,167,26570
lcp_mergesort,common_prefix,400,8,160,26570
lcp_mergesort,common_prefix,400,9,159,26570
lcp_mergesort,common_prefix,400,10,169,26570
msd_radix_sort,common_prefix,400,1,1620,24818
msd_radix_sort,common_prefix,400,2,1137,24818
msd_radix_sort,common_prefix,400,3,1099,24818
msd_radix_sort,common_prefix,400,4,1062,24818
msd_radix_sort,common_prefix,400,5,1055,24818
msd_radix_sort,common_prefix,400,6,1067,24818
msd_radix_sort,common_prefix,400,7,1110,24818
msd_radix_sort,common_prefix,400,8,1242,24818
msd_radix_sort,common_prefix,400,9,1226,24818
msd_radix_sort,common_prefix,400,10,1142,24818
msd_radix_sort_with_quicksort,common_prefix,400,1,1068,25921
msd_radix_sort_with_quicksort,common_prefix,400,2,1032,25921
msd_radix_sort_with_quicksort,common_prefix,400,3,993,25921
msd_radix_sort_with_quicksort,common_prefix,400,4,997,25921
msd_radix_sort_with_quicksort,common_prefix,400,5,1039,25921
msd_radix_sort_with_quicksort,common_prefix,400,6,1150,25921
msd_radix_sort_with_quicksort,common_prefix,400,7,993,25921
msd_radix_sort_with_quicksort,common_prefix,400,8,972,25921
msd_radix_sort_with_quicksort,common_prefix,400,9,1015,25921
msd_radix_sort_with_quicksort,common_prefix,400,10,994,25921
standard_quicksort,common_prefix,500,1,243,425529
standard_quicksort,common_prefix,500,2,251,425529
standard_quicksort,common_prefix,500,3,251,425529
standard_quicksort,common_prefix,500,4,259,425529
standard_quicksort,common_prefix,500,5,242,425529
standard_quicksort,common_prefix,500,6,241,425529
standard_quicksort,common_prefix,500,7,241,425529
standard_quicksort,common_prefix,500,8,249,425529
standard_quicksort,common_prefix,500,9,241,425529
standard_quicksort,common_prefix,500,10,241,425529
standard_mergesort,common_prefix,500,1,306,236134
standard_mergesort,common_prefix,500,2,255,236134
standard_mergesort,common_prefix,500,3,248,236134
standard_mergesort,common_prefix,500,4,254,236134
standard_mergesort,common_prefix,500,5,259,236134
standard_mergesort,common_prefix,500,6,238,236134
standard_mergesort,common_prefix,500,7,244,236134
standard_mergesort,common_prefix,500,8,242,236134
standard_mergesort,common_prefix,500,9,263,236134
standard_mergesort,common_prefix,500,10,250,236134
ternary_string_quicksort,common_prefix,500,1,61,67749
ternary_string_quicksort,common_prefix,500,2,49,67749
ternary_string_quicksort,common_prefix,500,3,42,67749
ternary_string_quicksort,common_prefix,500,4,46,67749
ternary_string_quicksort,common_prefix,500,5,46,67749
ternary_string_quicksort,common_prefix,500,6,45,67749
ternary_string_quicksort,common_prefix,500,7,51,67749
ternary_string_quicksort,common_prefix,500,8,41,67749
ternary_string_quicksort,common_prefix,500,9,45,67749
ternary_string_quicksort,common_prefix,500,10,46,67749
lcp_mergesort,common_prefix,500,1,256,33438
lcp_mergesort,common_prefix,500,2,238,33438
lcp_mergesort,common_prefix,500,3,258,33438
lcp_mergesort,common_prefix,500,4,237,33438
lcp_mergesort,common_prefix,500,5,225,33438
lcp_mergesort,common_prefix,500,6,230,33438
lcp_mergesort,common_prefix,500,7,257,33438
lcp_mergesort,common_prefix,500,8,229,33438
lcp_mergesort,common_prefix,500,9,237,33438
lcp_mergesort,common_prefix,500,10,232,33438
msd_radix_sort,common_prefix,500,1,2081,31040
msd_radix_sort,common_prefix,500,2,1384,31040
msd_radix_sort,common_prefix,500,3,1278,31040
msd_radix_sort,common_prefix,500,4,1336,31040
msd_radix_sort,common_prefix,500,5,1282,31040
msd_radix_sort,common_prefix,500,6,1417,31040
msd_radix_sort,common_prefix,500,7,1307,31040
msd_radix_sort,common_prefix,500,8,1308,31040
msd_radix_sort,common_prefix,500,9,1278,31040
msd_radix_sort,common_prefix,500,10,1282,31040
msd_radix_sort_with_quicksort,common_prefix,500,1,1202,32602
msd_radix_sort_with_quicksort,common_prefix,500,2,1176,32602
msd_radix_sort_with_quicksort,common_prefix,500,3,1168,32602
msd_radix_sort_with_quicksort,common_prefix,500,4,1233,32602
msd_radix_sort_with_quicksort,common_prefix,500,5,1218,32602
msd_radix_sort_with_quicksort,common_prefix,500,6,1159,32602
msd_radix_sort_with_quicksort,common_prefix,500,7,1203,32602
msd_radix_sort_with_quicksort,common_prefix,500,8,1149,32602
msd_radix_sort_with_quicksort,common_prefix,500,9,1157,32602
msd_radix_sort_with_quicksort,common_prefix,500,10,1169,32602
standard_quicksort,common_prefix,600,1,306,500016
standard_quicksort,common_prefix,600,2,296,500016
standard_quicksort,common_prefix,600,3,295,500016
standard_quicksort,common_prefix,600,4,305,500016
standard_quicksort,common_prefix,600,5,300,500016
standard_quicksort,common_prefix,600,6,286,500016
standard_quicksort,common_prefix,600,7,292,500016
standard_quicksort,common_prefix,600,8,305,500016
standard_quicksort,common_prefix,600,9,286,500016
standard_quicksort,common_prefix,600,10,290,500016
standard_mergesort,common_prefix,600,1,350,293362
standard_mergesort,common_prefix,600,2,315,293362
standard_mergesort,common_prefix,600,3,321,293362
standard_mergesort,common_prefix,600,4,314,293362
standard_mergesort,common_prefix,600,5,302,293362
standard_mergesort,common_prefix,600,6,333,293362
standard_mergesort,common_prefix,600,7,303,293362
standard_mergesort,common_prefix,600,8,300,293362
standard_mergesort,common_prefix,600,9,322,293362
standard_mergesort,common_prefix,600,10,302,293362
ternary_string_quicksort,common_prefix,600,1,84,80600
ternary_string_quicksort,common_prefix,600,2,64,80600
ternary_string_quicksort,common_prefix,600,3,53,80600
ternary_string_quicksort,common_prefix,600,4,56,80600
ternary_string_quicksort,common_prefix,600,5,56,80600
ternary_string_quicksort,common_prefix,600,6,66,80600
ternary_string_quicksort,common_prefix,600,7,54,80600
ternary_string_quicksort,common_prefix,600,8,55,80600
ternary_string_quicksort,common_prefix,600,9,54,80600
ternary_string_quicksort,common_prefix,600,10,54,80600
lcp_mergesort,common_prefix,600,1,320,40238
lcp_mergesort,common_prefix,600,2,313,40238
lcp_mergesort,common_prefix,600,3,301,40238
lcp_mergesort,common_prefix,600,4,299,40238
lcp_mergesort,common_prefix,600,5,296,40238
lcp_mergesort,common_prefix,600,6,296,40238
lcp_mergesort,common_prefix,600,7,294,40238
lcp_mergesort,common_prefix,600,8,303,40238
lcp_mergesort,common_prefix,600,9,294,40238
lcp_mergesort,common_prefix,600,10,293,40238
msd_radix_sort,common_prefix,600,1,5503,37255
msd_radix_sort,common_prefix,600,2,2013,37255
msd_radix_sort,common_prefix,600,3,1793,37255
msd_radix_sort,common_prefix,600,4,1863,37255
msd_radix_sort,common_prefix,600,5,1696,37255
msd_radix_sort,common_prefix,600,6,1746,37255
msd_radix_sort,common_prefix,600,7,1837,37255
msd_radix_sort,common_prefix,600,8,1872,37255
msd_radix_sort,common_prefix,600,9,1732,37255
msd_radix_sort,common_prefix,600,10,1738,37255
msd_radix_sort_with_quicksort,common_prefix,600,1,1785,39473
msd_radix_sort_with_quicksort,common_prefix,600,2,1793,39473
msd_radix_sort_with_quicksort,common_prefix,600,3,1733,39473
msd_radix_sort_with_quicksort,common_prefix,600,4,1810,39473
msd_radix_sort_with_quicksort,common_prefix,600,5,1935,39473
msd_radix_sort_with_quicksort,common_prefix,600,6,1735,39473
msd_radix_sort_with_quicksort,common_prefix,600,7,1607,39473
msd_radix_sort_with_quicksort,common_prefix,600,8,1635,39473
msd_radix_sort_with_quicksort,common_prefix,600,9,1605,39473
msd_radix_sort_with_quicksort,common_prefix,600,10,1571,39473
standard_quicksort,common_prefix,700,1,334,573849
standard_quicksort,common_prefix,700,2,335,573849
standard_quicksort,common_prefix,700,3,345,573849
standard_quicksort,common_prefix,700,4,335,573849
standard_quicksort,common_prefix,700,5,331,573849
standard_quicksort,common_prefix,700,6,340,573849
standard_quicksort,common_prefix,700,7,331,573849
standard_quicksort,common_prefix,700,8,334,573849
standard_quicksort,common_prefix,700,9,340,573849
standard_quicksort,common_prefix,700,10,339,573849
standard_mergesort,common_prefix,700,1,407,351698
standard_mergesort,common_prefix,700,2,385,351698
standard_mergesort,common_prefix,700,3,388,351698
standard_mergesort,common_prefix,700,4,377,351698
standard_mergesort,common_prefix,700,5,381,351698
standard_mergesort,common_prefix,700,6,372,351698
standard_mergesort,common_prefix,700,7,375,351698
standard_mergesort,common_prefix,700,8,394,351698
standard_mergesort,common_prefix,700,9,378,351698
standard_mergesort,common_prefix,700,10,397,351698
ternary_string_quicksort,common_prefix,700,1,87,95181
ternary_string_quicksort,common_prefix,700,2,74,95181
ternary_string_quicksort,common_prefix,700,3,61,95181
ternary_string_quicksort,common_prefix,700,4,64,95181
ternary_string_quicksort,common_prefix,700,5,62,95181
ternary_string_quicksort,common_prefix,700,6,62,95181
ternary_string_quicksort,common_prefix,700,7,62,95181
ternary_string_quicksort,common_prefix,700,8,62,95181
ternary_string_quicksort,common_prefix,700,9,62,95181
ternary_string_quicksort,common_prefix,700,10,58,95181
lcp_mergesort,common_prefix,700,1,375,47094
lcp_mergesort,common_prefix,700,2,372,47094
lcp_mergesort,common_prefix,700,3,357,47094
lcp_mergesort,common_prefix,700,4,351,47094
lcp_mergesort,common_prefix,700,5,360,47094
lcp_mergesort,common_prefix,700,6,345,47094
lcp_mergesort,common_prefix,700,7,356,47094
lcp_mergesort,common_prefix,700,8,350,47094
lcp_mergesort,common_prefix,700,9,347,47094
lcp_mergesort,common_prefix,700,10,358,47094
msd_radix_sort,common_prefix,700,1,3569,43469
msd_radix_sort,common_prefix,700,2,2134,43469
msd_radix_sort,common_prefix,700,3,2481,43469
msd_radix_sort,common_prefix,700,4,2057,43469
msd_radix_sort,common_prefix,700,5,2036,43469
msd_radix_sort,common_prefix,700,6,2136,43469
msd_radix_sort,common_prefix,700,7,2064,43469
msd_radix_sort,common_prefix,700,8,2002,43469
msd_radix_sort,common_prefix,700,9,2014,43469
msd_radix_sort,common_prefix,700,10,2008,43469
msd_radix_sort_with_quicksort,common_prefix,700,1,2467,46262
msd_radix_sort_with_quicksort,common_prefix,700,2,2215,46262
msd_radix_sort_with_quicksort,common_prefix,700,3,1876,46262
msd_radix_sort_with_quicksort,common_prefix,700,4,1853,46262
msd_radix_sort_with_quicksort,common_prefix,700,5,1904,46262
msd_radix_sort_with_quicksort,common_prefix,700,6,2057,46262
msd_radix_sort_with_quicksort,common_prefix,700,7,1923,46262
msd_radix_sort_with_quicksort,common_prefix,700,8,1853,46262
msd_radix_sort_with_quicksort,common_prefix,700,9,1848,46262
msd_radix_sort_with_quicksort,common_prefix,700,10,1818,46262
standard_quicksort,common_prefix,800,1,395,686671
standard_quicksort,common_prefix,800,2,428,686671
standard_quicksort,common_prefix,800,3,392,686671
standard_quicksort,common_prefix,800,4,406,686671
standard_quicksort,common_prefix,800,5,394,686671
standard_quicksort,common_prefix,800,6,408,686671
standard_quicksort,common_prefix,800,7,392,686671
standard_quicksort,common_prefix,800,8,400,686671
standard_quicksort,common_prefix,800,9,397,686671
standard_quicksort,common_prefix,800,10,391,686671
standard_mergesort,common_prefix,800,1,496,410599
standard_mergesort,common_prefix,800,2,452,410599
standard_mergesort,common_prefix,800,3,465,410599
standard_mergesort,common_prefix,800,4,449,410599
standard_mergesort,common_prefix,800,5,451,410599
standard_mergesort,common_prefix,800,6,459,410599
standard_mergesort,common_prefix,800,7,446,410599
standard_mergesort,common_prefix,800,8,451,410599
standard_mergesort,common_prefix,800,9,435,410599
standard_mergesort,common_prefix,800,10,454,410599
ternary_string_quicksort,common_prefix,800,1,105,110248
ternary_string_quicksort,common_prefix,800,2,98,110248
ternary_string_quicksort,common_prefix,800,3,80,110248
ternary_string_quicksort,common_prefix,800,4,83,110248
ternary_string_quicksort,common_prefix,800,5,84,110248
ternary_string_quicksort,common_prefix,800,6,75,110248
ternary_string_quicksort,common_prefix,800,7,71,110248
ternary_string_quicksort,common_prefix,800,8,85,110248
ternary_string_quicksort,common_prefix,800,9,84,110248
ternary_string_quicksort,common_prefix,800,10,70,110248
lcp_mergesort,common_prefix,800,1,429,53904
lcp_mergesort,common_prefix,800,2,432,53904
lcp_mergesort,common_prefix,800,3,413,53904
lcp_mergesort,common_prefix,800,4,428,53904
lcp_mergesort,common_prefix,800,5,402,53904
lcp_mergesort,common_prefix,800,6,414,53904
lcp_mergesort,common_prefix,800,7,408,53904
lcp_mergesort,common_prefix,800,8,425,53904
lcp_mergesort,common_prefix,800,9,401,53904
lcp_mergesort,common_prefix,800,10,397,53904
msd_radix_sort,common_prefix,800,1,3218,49694
msd_radix_sort,common_prefix,800,2,2626,49694
msd_radix_sort,common_prefix,800,3,2425,49694
msd_radix_sort,common_prefix,800,4,2225,49694
msd_radix_sort,common_prefix,800,5,2342,49694
msd_radix_sort,common_prefix,800,6,2389,49694
msd_radix_sort,common_prefix,800,7,2192,49694
msd_radix_sort,common_prefix,800,8,2246,49694
msd_radix_sort,common_prefix,800,9,2262,49694
msd_radix_sort,common_prefix,800,10,2284,49694
msd_radix_sort_with_quicksort,common_prefix,800,1,2565,52988
msd_radix_sort_with_quicksort,common_prefix,800,2,2401,52988
msd_radix_sort_with_quicksort,common_prefix,800,3,2310,52988
msd_radix_sort_with_quicksort,common_prefix,800,4,2266,52988
msd_radix_sort_with_quicksort,common_prefix,800,5,2188,52988
msd_radix_sort_with_quicksort,common_prefix,800,6,2129,52988
msd_radix_sort_with_quicksort,common_prefix,800,7,2204,52988
msd_radix_sort_with_quicksort,common_prefix,800,8,2127,52988
msd_radix_sort_with_quicksort,common_prefix,800,9,2244,52988
msd_radix_sort_with_quicksort,common_prefix,800,10,2069,52988
standard_quicksort,common_prefix,900,1,522,873746
standard_quicksort,common_prefix,900,2,491,873746
standard_quicksort,common_prefix,900,3,509,873746
standard_quicksort,common_prefix,900,4,491,873746
standard_quicksort,common_prefix,900,5,509,873746
standard_quicksort,common_prefix,900,6,490,873746
standard_quicksort,common_prefix,900,7,506,873746
standard_quicksort,common_prefix,900,8,489,873746
standard_quicksort,common_prefix,900,9,505,873746
standard_quicksort,common_prefix,900,10,498,873746
standard_mergesort,common_prefix,900,1,565,473260
standard_mergesort,common_prefix,900,2,542,473260
standard_mergesort,common_prefix,900,3,515,473260
standard_mergesort,common_prefix,900,4,538,473260
standard_mergesort,common_prefix,900,5,538,473260
standard_mergesort,common_prefix,900,6,530,473260
standard_mergesort,common_prefix,900,7,536,473260
standard_mergesort,common_prefix,900,8,498,473260
standard_mergesort,common_prefix,900,9,528,473260
standard_mergesort,common_prefix,900,10,510,473260
ternary_string_quicksort,common_prefix,900,1,122,123442
ternary_string_quicksort,common_prefix,900,2,98,123442
ternary_string_quicksort,common_prefix,900,3,91,123442
ternary_string_quicksort,common_prefix,900,4,87,123442
ternary_string_quicksort,common_prefix,900,5,80,123442
ternary_string_quicksort,common_prefix,900,6,75,123442
ternary_string_quicksort,common_prefix,900,7,85,123442
ternary_string_quicksort,common_prefix,900,8,85,123442
ternary_string_quicksort,common_prefix,900,9,86,123442
ternary_string_quicksort,common_prefix,900,10,78,123442
lcp_mergesort,common_prefix,900,1,486,60883
lcp_mergesort,common_prefix,900,2,502,60883
lcp_mergesort,common_prefix,900,3,473,60883
lcp_mergesort,common_prefix,900,4,489,60883
lcp_mergesort,common_prefix,900,5,487,60883
lcp_mergesort,common_prefix,900,6,476,60883
lcp_mergesort,common_prefix,900,7,486,60883
lcp_mergesort,common_prefix,900,8,472,60883
lcp_mergesort,common_prefix,900,9,493,60883
lcp_mergesort,common_prefix,900,10,477,60883
msd_radix_sort,common_prefix,900,1,3546,55915
msd_radix_sort,common_prefix,900,2,3314,55915
msd_radix_sort,common_prefix,900,3,3019,55915
msd_radix_sort,common_prefix,900,4,2737,55915
msd_radix_sort,common_prefix,900,5,2770,55915
msd_radix_sort,common_prefix,900,6,2589,55915
msd_radix_sort,common_prefix,900,7,2500,55915
msd_radix_sort,common_prefix,900,8,2678,55915
msd_radix_sort,common_prefix,900,9,2554,55915
msd_radix_sort,common_prefix,900,10,2508,55915
msd_radix_sort_with_quicksort,common_prefix,900,1,3241,59955
msd_radix_sort_with_quicksort,common_prefix,900,2,2532,59955
msd_radix_sort_with_quicksort,common_prefix,900,3,2341,59955
msd_radix_sort_with_quicksort,common_prefix,900,4,2598,59955
msd_radix_sort_with_quicksort,common_prefix,900,5,2056,59955
msd_radix_sort_with_quicksort,common_prefix,900,6,2354,59955
msd_radix_sort_with_quicksort,common_prefix,900,7,2423,59955
msd_radix_sort_with_quicksort,common_prefix,900,8,2326,59955
msd_radix_sort_with_quicksort,common_prefix,900,9,2870,59955
msd_radix_sort_with_quicksort,common_prefix,900,10,2572,59955
standard_quicksort,common_prefix,1000,1,529,891542
standard_quicksort,common_prefix,1000,2,515,891542
standard_quicksort,common_prefix,1000,3,534,891542
standard_quicksort,common_prefix,1000,4,515,891542
standard_quicksort,common_prefix,1000,5,535,891542
standard_quicksort,common_prefix,1000,6,510,891542
standard_quicksort,common_prefix,1000,7,519,891542
standard_quicksort,common_prefix,1000,8,521,891542
standard_quicksort,common_prefix,1000,9,516,891542
standard_quicksort,common_prefix,1000,10,537,891542
standard_mergesort,common_prefix,1000,1,619,534835
standard_mergesort,common_prefix,1000,2,579,534835
standard_mergesort,common_prefix,1000,3,607,534835
standard_mergesort,common_prefix,1000,4,591,534835
standard_mergesort,common_prefix,1000,5,598,534835
standard_mergesort,common_prefix,1000,6,612,534835
standard_mergesort,common_prefix,1000,7,579,534835
standard_mergesort,common_prefix,1000,8,569,534835
standard_mergesort,common_prefix,1000,9,586,534835
standard_mergesort,common_prefix,1000,10,595,534835
ternary_string_quicksort,common_prefix,1000,1,132,137384
ternary_string_quicksort,common_prefix,1000,2,112,137384
ternary_string_quicksort,common_prefix,1000,3,106,137384
ternary_string_quicksort,common_prefix,1000,4,100,137384
ternary_string_quicksort,common_prefix,1000,5,91,137384
ternary_string_quicksort,common_prefix,1000,6,90,137384
ternary_string_quicksort,common_prefix,1000,7,99,137384
ternary_string_quicksort,common_prefix,1000,8,98,137384
ternary_string_quicksort,common_prefix,1000,9,93,137384
ternary_string_quicksort,common_prefix,1000,10,98,137384
lcp_mergesort,common_prefix,1000,1,571,67784
lcp_mergesort,common_prefix,1000,2,531,67784
lcp_mergesort,common_prefix,1000,3,541,67784
lcp_mergesort,common_prefix,1000,4,537,67784
lcp_mergesort,common_prefix,1000,5,541,67784
lcp_mergesort,common_prefix,1000,6,565,67784
lcp_mergesort,common_prefix,1000,7,540,67784
lcp_mergesort,common_prefix,1000,8,550,67784
lcp_mergesort,common_prefix,1000,9,550,67784
lcp_mergesort,common_prefix,1000,10,529,67784
msd_radix_sort,common_prefix,1000,1,4545,62139
msd_radix_sort,common_prefix,1000,2,3685,62139
msd_radix_sort,common_prefix,1000,3,2944,62139
msd_radix_sort,common_prefix,1000,4,3340,62139
msd_radix_sort,common_prefix,1000,5,3199,62139
msd_radix_sort,common_prefix,1000,6,3322,62139
msd_radix_sort,common_prefix,1000,7,3131,62139
msd_radix_sort,common_prefix,1000,8,3027,62139
msd_radix_sort,common_prefix,1000,9,3027,62139
msd_radix_sort,common_prefix,1000,10,2864,62139
msd_radix_sort_with_quicksort,common_prefix,1000,1,3580,66698
msd_radix_sort_with_quicksort,common_prefix,1000,2,2827,66698
msd_radix_sort_with_quicksort,common_prefix,1000,3,2837,66698
msd_radix_sort_with_quicksort,common_prefix,1000,4,2777,66698
msd_radix_sort_with_quicksort,common_prefix,1000,5,2766,66698
msd_radix_sort_with_quicksort,common_prefix,1000,6,2818,66698
msd_radix_sort_with_quicksort,common_prefix,1000,7,3350,66698
msd_radix_sort_with_quicksort,common_prefix,1000,8,2748,66698
msd_radix_sort_with_quicksort,common_prefix,1000,9,3119,66698
msd_radix_sort_with_quicksort,common_prefix,1000,10,2620,66698
standard_quicksort,common_prefix,1100,1,591,1003060
standard_quicksort,common_prefix,1100,2,588,1003060
standard_quicksort,common_prefix,1100,3,573,1003060
standard_quicksort,common_prefix,1100,4,579,1003060
standard_quicksort,common_prefix,1100,5,572,1003060
standard_quicksort,common_prefix,1100,6,582,1003060
standard_quicksort,common_prefix,1100,7,587,1003060
standard_quicksort,common_prefix,1100,8,580,1003060
standard_quicksort,common_prefix,1100,9,593,1003060
standard_quicksort,common_prefix,1100,10,597,1003060
standard_mergesort,common_prefix,1100,1,701,596868
standard_mergesort,common_prefix,1100,2,636,596868
standard_mergesort,common_prefix,1100,3,644,596868
standard_mergesort,common_prefix,1100,4,683,596868
standard_mergesort,common_prefix,1100,5,671,596868
standard_mergesort,common_prefix,1100,6,647,596868
standard_mergesort,common_prefix,1100,7,645,596868
standard_mergesort,common_prefix,1100,8,648,596868
standard_mergesort,common_prefix,1100,9,628,596868
standard_mergesort,common_prefix,1100,10,661,596868
ternary_string_quicksort,common_prefix,1100,1,142,149462
ternary_string_quicksort,common_prefix,1100,2,122,149462
ternary_string_quicksort,common_prefix,1100,3,118,149462
ternary_string_quicksort,common_prefix,1100,4,105,149462
ternary_string_quicksort,common_prefix,1100,5,98,149462
ternary_string_quicksort,common_prefix,1100,6,102,149462
ternary_string_quicksort,common_prefix,1100,7,102,149462
ternary_string_quicksort,common_prefix,1100,8,100,149462
ternary_string_quicksort,common_prefix,1100,9,104,149462
ternary_string_quicksort,common_prefix,1100,10,100,149462
lcp_mergesort,common_prefix,1100,1,612,74665
lcp_mergesort,common_prefix,1100,2,619,74665
lcp_mergesort,common_prefix,1100,3,619,74665
lcp_mergesort,common_prefix,1100,4,595,74665
lcp_mergesort,common_prefix,1100,5,609,74665
lcp_mergesort,common_prefix,1100,6,618,74665
lcp_mergesort,common_prefix,1100,7,594,74665
lcp_mergesort,common_prefix,1100,8,603,74665
lcp_mergesort,common_prefix,1100,9,622,74665
lcp_mergesort,common_prefix,1100,10,613,74665
msd_radix_sort,common_prefix,1100,1,5160,68370
msd_radix_sort,common_prefix,1100,2,3619,68370
msd_radix_sort,common_prefix,1100,3,3721,68370
msd_radix_sort,common_prefix,1100,4,3509,68370
msd_radix_sort,common_prefix,1100,5,3486,68370
msd_radix_sort,common_prefix,1100,6,3296,68370
msd_radix_sort,common_prefix,1100,7,3270,68370
msd_radix_sort,common_prefix,1100,8,3287,68370
msd_radix_sort,common_prefix,1100,9,3496,68370
msd_radix_sort,common_prefix,1100,10,3385,68370
msd_radix_sort_with_quicksort,common_prefix,1100,1,3728,73736
msd_radix_sort_with_quicksort,common_prefix,1100,2,3541,73736
msd_radix_sort_with_quicksort,common_prefix,1100,3,3305,73736
msd_radix_sort_with_quicksort,common_prefix,1100,4,3109,73736
msd_radix_sort_with_quicksort,common_prefix,1100,5,3189,73736
msd_radix_sort_with_quicksort,common_prefix,1100,6,2998,73736
msd_radix_sort_with_quicksort,common_prefix,1100,7,3603,73736
msd_radix_sort_with_quicksort,common_prefix,1100,8,3350,73736
msd_radix_sort_with_quicksort,common_prefix,1100,9,3075,73736
msd_radix_sort_with_quicksort,common_prefix,1100,10,3060,73736
standard_quicksort,common_prefix,1200,1,628,1070137
standard_quicksort,common_prefix,1200,2,618,1070137
standard_quicksort,common_prefix,1200,3,626,1070137
standard_quicksort,common_prefix,1200,4,623,1070137
standard_quicksort,common_prefix,1200,5,622,1070137
standard_quicksort,common_prefix,1200,6,617,1070137
standard_quicksort,common_prefix,1200,7,644,1070137
standard_quicksort,common_prefix,1200,8,633,1070137
standard_quicksort,common_prefix,1200,9,613,1070137
standard_quicksort,common_prefix,1200,10,635,1070137
standard_mergesort,common_prefix,1200,1,771,662157
standard_mergesort,common_prefix,1200,2,737,662157
standard_mergesort,common_prefix,1200,3,768,662157
standard_mergesort,common_prefix,1200,4,699,662157
standard_mergesort,common_prefix,1200,5,715,662157
standard_mergesort,common_prefix,1200,6,734,662157
standard_mergesort,common_prefix,1200,7,721,662157
standard_mergesort,common_prefix,1200,8,708,662157
standard_mergesort,common_prefix,1200,9,703,662157
standard_mergesort,common_prefix,1200,10,724,662157
ternary_string_quicksort,common_prefix,1200,1,157,165263
ternary_string_quicksort,common_prefix,1200,2,150,165263
ternary_string_quicksort,common_prefix,1200,3,119,165263
ternary_string_quicksort,common_prefix,1200,4,112,165263
ternary_string_quicksort,common_prefix,1200,5,112,165263
ternary_string_quicksort,common_prefix,1200,6,108,165263
ternary_string_quicksort,common_prefix,1200,7,111,165263
ternary_string_quicksort,common_prefix,1200,8,123,165263
ternary_string_quicksort,common_prefix,1200,9,121,165263
ternary_string_quicksort,common_prefix,1200,10,115,165263
lcp_mergesort,common_prefix,1200,1,708,81605
lcp_mergesort,common_prefix,1200,2,702,81605
lcp_mergesort,common_prefix,1200,3,668,81605
lcp_mergesort,common_prefix,1200,4,680,81605
lcp_mergesort,common_prefix,1200,5,708,81605
lcp_mergesort,common_prefix,1200,6,706,81605
lcp_mergesort,common_prefix,1200,7,682,81605
lcp_mergesort,common_prefix,1200,8,667,81605
lcp_mergesort,common_prefix,1200,9,694,81605
lcp_mergesort,common_prefix,1200,10,688,81605
msd_radix_sort,common_prefix,1200,1,4554,74609
msd_radix_sort,common_prefix,1200,2,4422,74609
msd_radix_sort,common_prefix,1200,3,4072,74609
msd_radix_sort,common_prefix,1200,4,4057,74609
msd_radix_sort,common_prefix,1200,5,3709,74609
msd_radix_sort,common_prefix,1200,6,4172,74609
msd_radix_sort,common_prefix,1200,7,3694,74609
msd_radix_sort,common_prefix,1200,8,3731,74609
msd_radix_sort,common_prefix,1200,9,3991,74609
msd_radix_sort,common_prefix,1200,10,3585,74609
msd_radix_sort_with_quicksort,common_prefix,1200,1,3956,80510
msd_radix_sort_with_quicksort,common_prefix,1200,2,4850,80510
msd_radix_sort_with_quicksort,common_prefix,1200,3,3687,80510
msd_radix_sort_with_quicksort,common_prefix,1200,4,3533,80510
msd_radix_sort_with_quicksort,common_prefix,1200,5,3295,80510
msd_radix_sort_with_quicksort,common_prefix,1200,6,3706,80510
msd_radix_sort_with_quicksort,common_prefix,1200,7,3612,80510
msd_radix_sort_with_quicksort,common_prefix,1200,8,4113,80510
msd_radix_sort_with_quicksort,common_prefix,1200,9,3567,80510
msd_radix_sort_with_quicksort,common_prefix,1200,10,3698,80510
standard_quicksort,common_prefix,1300,1,715,1236227
standard_quicksort,common_prefix,1300,2,731,1236227
standard_quicksort,common_prefix,1300,3,711,1236227
standard_quicksort,common_prefix,1300,4,699,1236227
standard_quicksort,common_prefix,1300,5,726,1236227
standard_quicksort,common_prefix,1300,6,724,1236227
standard_quicksort,common_prefix,1300,7,718,1236227
standard_quicksort,common_prefix,1300,8,699,1236227
standard_quicksort,common_prefix,1300,9,705,1236227
standard_quicksort,common_prefix,1300,10,712,1236227
standard_mergesort,common_prefix,1300,1,866,725862
standard_mergesort,common_prefix,1300,2,782,725862
standard_mergesort,common_prefix,1300,3,789,725862
standard_mergesort,common_prefix,1300,4,797,725862
standard_mergesort,common_prefix,1300,5,779,725862
standard_mergesort,common_prefix,1300,6,785,725862
standard_mergesort,common_prefix,1300,7,785,725862
standard_mergesort,common_prefix,1300,8,794,725862
standard_mergesort,common_prefix,1300,9,833,725862
standard_mergesort,common_prefix,1300,10,797,725862
ternary_string_quicksort,common_prefix,1300,1,185,178342
ternary_string_quicksort,common_prefix,1300,2,169,178342
ternary_string_quicksort,common_prefix,1300,3,156,178342
ternary_string_quicksort,common_prefix,1300,4,138,178342
ternary_string_quicksort,common_prefix,1300,5,128,178342
ternary_string_quicksort,common_prefix,1300,6,125,178342
ternary_string_quicksort,common_prefix,1300,7,115,178342
ternary_string_quicksort,common_prefix,1300,8,132,178342
ternary_string_quicksort,common_prefix,1300,9,119,178342
ternary_string_quicksort,common_prefix,1300,10,123,178342
lcp_mergesort,common_prefix,1300,1,778,88500
lcp_mergesort,common_prefix,1300,2,755,88500
lcp_mergesort,common_prefix,1300,3,736,88500
lcp_mergesort,common_prefix,1300,4,726,88500
lcp_mergesort,common_prefix,1300,5,749,88500
lcp_mergesort,common_prefix,1300,6,755,88500
lcp_mergesort,common_prefix,1300,7,746,88500
lcp_mergesort,common_prefix,1300,8,746,88500
lcp_mergesort,common_prefix,1300,9,725,88500
lcp_mergesort,common_prefix,1300,10,744,88500
msd_radix_sort,common_prefix,1300,1,5008,80853
msd_radix_sort,common_prefix,1300,2,4323,80853
msd_radix_sort,common_prefix,1300,3,4064,80853
msd_radix_sort,common_prefix,1300,4,4030,80853
msd_radix_sort,common_prefix,1300,5,4238,80853
msd_radix_sort,common_prefix,1300,6,4385,80853
msd_radix_sort,common_prefix,1300,7,6066,80853
msd_radix_sort,common_prefix,1300,8,4241,80853
msd_radix_sort,common_prefix,1300,9,4085,80853
msd_radix_sort,common_prefix,1300,10,4237,80853
msd_radix_sort_with_quicksort,common_prefix,1300,1,7000,87532
msd_radix_sort_with_quicksort,common_prefix,1300,2,4225,87532
msd_radix_sort_with_quicksort,common_prefix,1300,3,4291,87532
msd_radix_sort_with_quicksort,common_prefix,1300,4,4105,87532
msd_radix_sort_with_quicksort,common_prefix,1300,5,4187,87532
msd_radix_sort_with_quicksort,common_prefix,1300,6,4453,87532
msd_radix_sort_with_quicksort,common_prefix,1300,7,4066,87532
msd_radix_sort_with_quicksort,common_prefix,1300,8,3922,87532
msd_radix_sort_with_quicksort,common_prefix,1300,9,4038,87532
msd_radix_sort_with_quicksort,common_prefix,1300,10,4183,87532
standard_quicksort,common_prefix,1400,1,771,1357328
standard_quicksort,common_prefix,1400,2,768,1357328
standard_quicksort,common_prefix,1400,3,777,1357328
standard_quicksort,common_prefix,1400,4,2728,1357328
standard_quicksort,common_prefix,1400,5,836,1357328
standard_quicksort,common_prefix,1400,6,791,1357328
standard_quicksort,common_prefix,1400,7,798,1357328
standard_quicksort,common_prefix,1400,8,772,1357328
standard_quicksort,common_prefix,1400,9,768,1357328
standard_quicksort,common_prefix,1400,10,789,1357328
standard_mergesort,common_prefix,1400,1,959,790443
standard_mergesort,common_prefix,1400,2,980,790443
standard_mergesort,common_prefix,1400,3,941,790443
standard_mergesort,common_prefix,1400,4,854,790443
standard_mergesort,common_prefix,1400,5,841,790443
standard_mergesort,common_prefix,1400,6,867,790443
standard_mergesort,common_prefix,1400,7,883,790443
standard_mergesort,common_prefix,1400,8,858,790443
standard_mergesort,common_prefix,1400,9,859,790443
standard_mergesort,common_prefix,1400,10,891,790443
ternary_string_quicksort,common_prefix,1400,1,189,192658
ternary_string_quicksort,common_prefix,1400,2,167,192658
ternary_string_quicksort,common_prefix,1400,3,143,192658
ternary_string_quicksort,common_prefix,1400,4,135,192658
ternary_string_quicksort,common_prefix,1400,5,132,192658
ternary_string_quicksort,common_prefix,1400,6,140,192658
ternary_string_quicksort,common_prefix,1400,7,129,192658
ternary_string_quicksort,common_prefix,1400,8,131,192658
ternary_string_quicksort,common_prefix,1400,9,129,192658
ternary_string_quicksort,common_prefix,1400,10,132,192658
lcp_mergesort,common_prefix,1400,1,832,95468
lcp_mergesort,common_prefix,1400,2,816,95468
lcp_mergesort,common_prefix,1400,3,822,95468
lcp_mergesort,common_prefix,1400,4,809,95468
lcp_mergesort,common_prefix,1400,5,829,95468
lcp_mergesort,common_prefix,1400,6,822,95468
lcp_mergesort,common_prefix,1400,7,826,95468
lcp_mergesort,common_prefix,1400,8,828,95468
lcp_mergesort,common_prefix,1400,9,828,95468
lcp_mergesort,common_prefix,1400,10,819,95468
msd_radix_sort,common_prefix,1400,1,5634,87091
msd_radix_sort,common_prefix,1400,2,4952,87091
msd_radix_sort,common_prefix,1400,3,5306,87091
msd_radix_sort,common_prefix,1400,4,4616,87091
msd_radix_sort,common_prefix,1400,5,4607,87091
msd_radix_sort,common_prefix,1400,6,6419,87091
msd_radix_sort,common_prefix,1400,7,5063,87091
msd_radix_sort,common_prefix,1400,8,4602,87091
msd_radix_sort,common_prefix,1400,9,4662,87091
msd_radix_sort,common_prefix,1400,10,4785,87091
msd_radix_sort_with_quicksort,common_prefix,1400,1,6886,94763
msd_radix_sort_with_quicksort,common_prefix,1400,2,5843,94763
msd_radix_sort_with_quicksort,common_prefix,1400,3,4282,94763
msd_radix_sort_with_quicksort,common_prefix,1400,4,4348,94763
msd_radix_sort_with_quicksort,common_prefix,1400,5,4588,94763
msd_radix_sort_with_quicksort,common_prefix,1400,6,4337,94763
msd_radix_sort_with_quicksort,common_prefix,1400,7,4540,94763
msd_radix_sort_with_quicksort,common_prefix,1400,8,4169,94763
msd_radix_sort_with_quicksort,common_prefix,1400,9,4342,94763
msd_radix_sort_with_quicksort,common_prefix,1400,10,4284,94763
standard_quicksort,common_prefix,1500,1,772,1439109
standard_quicksort,common_prefix,1500,2,732,1439109
standard_quicksort,common_prefix,1500,3,737,1439109
standard_quicksort,common_prefix,1500,4,3161,1439109
standard_quicksort,common_prefix,1500,5,816,1439109
standard_quicksort,common_prefix,1500,6,731,1439109
standard_quicksort,common_prefix,1500,7,825,1439109
standard_quicksort,common_prefix,1500,8,826,1439109
standard_quicksort,common_prefix,1500,9,820,1439109
standard_quicksort,common_prefix,1500,10,829,1439109
standard_mergesort,common_prefix,1500,1,1060,857233
standard_mergesort,common_prefix,1500,2,985,857233
standard_mergesort,common_prefix,1500,3,929,857233
standard_mergesort,common_prefix,1500,4,934,857233
standard_mergesort,common_prefix,1500,5,928,857233
standard_mergesort,common_prefix,1500,6,933,857233
standard_mergesort,common_prefix,1500,7,934,857233
standard_mergesort,common_prefix,1500,8,942,857233
standard_mergesort,common_prefix,1500,9,914,857233
standard_mergesort,common_prefix,1500,10,916,857233
ternary_string_quicksort,common_prefix,1500,1,205,205328
ternary_string_quicksort,common_prefix,1500,2,184,205328
ternary_string_quicksort,common_prefix,1500,3,181,205328
ternary_string_quicksort,common_prefix,1500,4,155,205328
ternary_string_quicksort,common_prefix,1500,5,142,205328
ternary_string_quicksort,common_prefix,1500,6,141,205328
ternary_string_quicksort,common_prefix,1500,7,147,205328
ternary_string_quicksort,common_prefix,1500,8,147,205328
ternary_string_quicksort,common_prefix,1500,9,143,205328
ternary_string_quicksort,common_prefix,1500,10,140,205328
lcp_mergesort,common_prefix,1500,1,874,102453
lcp_mergesort,common_prefix,1500,2,889,102453
lcp_mergesort,common_prefix,1500,3,873,102453
lcp_mergesort,common_prefix,1500,4,870,102453
lcp_mergesort,common_prefix,1500,5,847,102453
lcp_mergesort,common_prefix,1500,6,891,102453
lcp_mergesort,common_prefix,1500,7,861,102453
lcp_mergesort,common_prefix,1500,8,866,102453
lcp_mergesort,common_prefix,1500,9,853,102453
lcp_mergesort,common_prefix,1500,10,888,102453
msd_radix_sort,common_prefix,1500,1,5804,93329
msd_radix_sort,common_prefix,1500,2,7521,93329
msd_radix_sort,common_prefix,1500,3,4990,93329
msd_radix_sort,common_prefix,1500,4,5063,93329
msd_radix_sort,common_prefix,1500,5,4922,93329
msd_radix_sort,common_prefix,1500,6,4872,93329
msd_radix_sort,common_prefix,1500,7,4897,93329
msd_radix_sort,common_prefix,1500,8,5856,93329
msd_radix_sort,common_prefix,1500,9,5819,93329
msd_radix_sort,common_prefix,1500,10,5343,93329
msd_radix_sort_with_quicksort,common_prefix,1500,1,5072,101598
msd_radix_sort_with_quicksort,common_prefix,1500,2,5648,101598
msd_radix_sort_with_quicksort,common_prefix,1500,3,4755,101598
msd_radix_sort_with_quicksort,common_prefix,1500,4,4637,101598
msd_radix_sort_with_quicksort,common_prefix,1500,5,4563,101598
msd_radix_sort_with_quicksort,common_prefix,1500,6,5688,101598
msd_radix_sort_with_quicksort,common_prefix,1500,7,4619,101598
msd_radix_sort_with_quicksort,common_prefix,1500,8,5692,101598
msd_radix_sort_with_quicksort,common_prefix,1500,9,5005,101598
msd_radix_sort_with_quicksort,common_prefix,1500,10,4806,101598
standard_quicksort,common_prefix,1600,1,763,1516530
standard_quicksort,common_prefix,1600,2,788,1516530
standard_quicksort,common_prefix,1600,3,3236,1516530
standard_quicksort,common_prefix,1600,4,823,1516530
standard_quicksort,common_prefix,1600,5,866,1516530
standard_quicksort,common_prefix,1600,6,880,1516530
standard_quicksort,common_prefix,1600,7,871,1516530
standard_quicksort,common_prefix,1600,8,884,1516530
standard_quicksort,common_prefix,1600,9,877,1516530
standard_quicksort,common_prefix,1600,10,880,1516530
standard_mergesort,common_prefix,1600,1,1176,919391
standard_mergesort,common_prefix,1600,2,1034,919391
standard_mergesort,common_prefix,1600,3,1037,919391
standard_mergesort,common_prefix,1600,4,993,919391
standard_mergesort,common_prefix,1600,5,993,919391
standard_mergesort,common_prefix,1600,6,1004,919391
standard_mergesort,common_prefix,1600,7,998,919391
standard_mergesort,common_prefix,1600,8,996,919391
standard_mergesort,common_prefix,1600,9,984,919391
standard_mergesort,common_prefix,1600,10,988,919391
ternary_string_quicksort,common_prefix,1600,1,208,221283
ternary_string_quicksort,common_prefix,1600,2,197,221283
ternary_string_quicksort,common_prefix,1600,3,198,221283
ternary_string_quicksort,common_prefix,1600,4,184,221283
ternary_string_quicksort,common_prefix,1600,5,163,221283
ternary_string_quicksort,common_prefix,1600,6,169,221283
ternary_string_quicksort,common_prefix,1600,7,185,221283
ternary_string_quicksort,common_prefix,1600,8,182,221283
ternary_string_quicksort,common_prefix,1600,9,167,221283
ternary_string_quicksort,common_prefix,1600,10,167,221283
lcp_mergesort,common_prefix,1600,1,962,109309
lcp_mergesort,common_prefix,1600,2,948,109309
lcp_mergesort,common_prefix,1600,3,933,109309
lcp_mergesort,common_prefix,1600,4,930,109309
lcp_mergesort,common_prefix,1600,5,921,109309
lcp_mergesort,common_prefix,1600,6,930,109309
lcp_mergesort,common_prefix,1600,7,920,109309
lcp_mergesort,common_prefix,1600,8,916,109309
lcp_mergesort,common_prefix,1600,9,928,109309
lcp_mergesort,common_prefix,1600,10,928,109309
msd_radix_sort,common_prefix,1600,1,7242,99558
msd_radix_sort,common_prefix,1600,2,5748,99558
msd_radix_sort,common_prefix,1600,3,5588,99558
msd_radix_sort,common_prefix,1600,4,5445,99558
msd_radix_sort,common_prefix,1600,5,5319,99558
msd_radix_sort,common_prefix,1600,6,5301,99558
msd_radix_sort,common_prefix,1600,7,5193,99558
msd_radix_sort,common_prefix,1600,8,5288,99558
msd_radix_sort,common_prefix,1600,9,5629,99558
msd_radix_sort,common_prefix,1600,10,5388,99558
msd_radix_sort_with_quicksort,common_prefix,1600,1,7554,108679
msd_radix_sort_with_quicksort,common_prefix,1600,2,5443,108679
msd_radix_sort_with_quicksort,common_prefix,1600,3,5472,108679
msd_radix_sort_with_quicksort,common_prefix,1600,4,6508,108679
msd_radix_sort_with_quicksort,common_prefix,1600,5,5574,108679
msd_radix_sort_with_quicksort,common_prefix,1600,6,5247,108679
msd_radix_sort_with_quicksort,common_prefix,1600,7,5195,108679
msd_radix_sort_with_quicksort,common_prefix,1600,8,5154,108679
msd_radix_sort_with_quicksort,common_prefix,1600,9,6967,108679
msd_radix_sort_with_quicksort,common_prefix,1600,10,4970,108679
standard_quicksort,common_prefix,1700,1,1030,1799121
standard_quicksort,common_prefix,1700,2,1025,1799121
standard_quicksort,common_prefix,1700,3,1016,1799121
standard_quicksort,common_prefix,1700,4,1020,1799121
standard_quicksort,common_prefix,1700,5,1026,1799121
standard_quicksort,common_prefix,1700,6,1016,1799121
standard_quicksort,common_prefix,1700,7,1018,1799121
standard_quicksort,common_prefix,1700,8,1024,1799121
standard_quicksort,common_prefix,1700,9,1024,1799121
standard_quicksort,common_prefix,1700,10,1016,1799121
standard_mergesort,common_prefix,1700,1,1232,990009
standard_mergesort,common_prefix,1700,2,1088,990009
standard_mergesort,common_prefix,1700,3,1079,990009
standard_mergesort,common_prefix,1700,4,1056,990009
standard_mergesort,common_prefix,1700,5,1056,990009
standard_mergesort,common_prefix,1700,6,1057,990009
standard_mergesort,common_prefix,1700,7,1056,990009
standard_mergesort,common_prefix,1700,8,1055,990009
standard_mergesort,common_prefix,1700,9,1055,990009
standard_mergesort,common_prefix,1700,10,1062,990009
ternary_string_quicksort,common_prefix,1700,1,237,235954
ternary_string_quicksort,common_prefix,1700,2,206,235954
ternary_string_quicksort,common_prefix,1700,3,187,235954
ternary_string_quicksort,common_prefix,1700,4,195,235954
ternary_string_quicksort,common_prefix,1700,5,187,235954
ternary_string_quicksort,common_prefix,1700,6,170,235954
ternary_string_quicksort,common_prefix,1700,7,165,235954
ternary_string_quicksort,common_prefix,1700,8,175,235954
ternary_string_quicksort,common_prefix,1700,9,172,235954
ternary_string_quicksort,common_prefix,1700,10,165,235954
lcp_mergesort,common_prefix,1700,1,1020,116376
lcp_mergesort,common_prefix,1700,2,1003,116376
lcp_mergesort,common_prefix,1700,3,985,116376
lcp_mergesort,common_prefix,1700,4,994,116376
lcp_mergesort,common_prefix,1700,5,1054,116376
lcp_mergesort,common_prefix,1700,6,1004,116376
lcp_mergesort,common_prefix,1700,7,997,116376
lcp_mergesort,common_prefix,1700,8,996,116376
lcp_mergesort,common_prefix,1700,9,987,116376
lcp_mergesort,common_prefix,1700,10,993,116376
msd_radix_sort,common_prefix,1700,1,6899,105807
msd_radix_sort,common_prefix,1700,2,5756,105807
msd_radix_sort,common_prefix,1700,3,5732,105807
msd_radix_sort,common_prefix,1700,4,5515,105807
msd_radix_sort,common_prefix,1700,5,5664,105807
msd_radix_sort,common_prefix,1700,6,5702,105807
msd_radix_sort,common_prefix,1700,7,5617,105807
msd_radix_sort,common_prefix,1700,8,5643,105807
msd_radix_sort,common_prefix,1700,9,5216,105807
msd_radix_sort,common_prefix,1700,10,4931,105807
msd_radix_sort_with_quicksort,common_prefix,1700,1,9562,115707
msd_radix_sort_with_quicksort,common_prefix,1700,2,5445,115707
msd_radix_sort_with_quicksort,common_prefix,1700,3,7288,115707
msd_radix_sort_with_quicksort,common_prefix,1700,4,5561,115707
msd_radix_sort_with_quicksort,common_prefix,1700,5,5374,115707
msd_radix_sort_with_quicksort,common_prefix,1700,6,6162,115707
msd_radix_sort_with_quicksort,common_prefix,1700,7,5782,115707
msd_radix_sort_with_quicksort,common_prefix,1700,8,5296,115707
msd_radix_sort_with_quicksort,common_prefix,1700,9,4735,115707
msd_radix_sort_with_quicksort,common_prefix,1700,10,4963,115707
standard_quicksort,common_prefix,1800,1,847,1679582
standard_quicksort,common_prefix,1800,2,864,1679582
standard_quicksort,common_prefix,1800,3,2918,1679582
standard_quicksort,common_prefix,1800,4,1001,1679582
standard_quicksort,common_prefix,1800,5,854,1679582
standard_quicksort,common_prefix,1800,6,977,1679582
standard_quicksort,common_prefix,1800,7,977,1679582
standard_quicksort,common_prefix,1800,8,980,1679582
standard_quicksort,common_prefix,1800,9,979,1679582
standard_quicksort,common_prefix,1800,10,978,1679582
standard_mergesort,common_prefix,1800,1,1257,1058470
standard_mergesort,common_prefix,1800,2,1175,1058470
standard_mergesort,common_prefix,1800,3,1132,1058470
standard_mergesort,common_prefix,1800,4,1126,1058470
standard_mergesort,common_prefix,1800,5,1120,1058470
standard_mergesort,common_prefix,1800,6,1127,1058470
standard_mergesort,common_prefix,1800,7,1106,1058470
standard_mergesort,common_prefix,1800,8,1126,1058470
standard_mergesort,common_prefix,1800,9,1151,1058470
standard_mergesort,common_prefix,1800,10,1195,1058470
ternary_string_quicksort,common_prefix,1800,1,257,246203
ternary_string_quicksort,common_prefix,1800,2,222,246203
ternary_string_quicksort,common_prefix,1800,3,212,246203
ternary_string_quicksort,common_prefix,1800,4,191,246203
ternary_string_quicksort,common_prefix,1800,5,185,246203
ternary_string_quicksort,common_prefix,1800,6,180,246203
ternary_string_quicksort,common_prefix,1800,7,192,246203
ternary_string_quicksort,common_prefix,1800,8,212,246203
ternary_string_quicksort,common_prefix,1800,9,194,246203
ternary_string_quicksort,common_prefix,1800,10,182,246203
lcp_mergesort,common_prefix,1800,1,1100,123446
lcp_mergesort,common_prefix,1800,2,1031,123446
lcp_mergesort,common_prefix,1800,3,1026,123446
lcp_mergesort,common_prefix,1800,4,1049,123446
lcp_mergesort,common_prefix,1800,5,1035,123446
lcp_mergesort,common_prefix,1800,6,1017,123446
lcp_mergesort,common_prefix,1800,7,1026,123446
lcp_mergesort,common_prefix,1800,8,1024,123446
lcp_mergesort,common_prefix,1800,9,1016,123446
lcp_mergesort,common_prefix,1800,10,1034,123446
msd_radix_sort,common_prefix,1800,1,8648,112063
msd_radix_sort,common_prefix,1800,2,6113,112063
msd_radix_sort,common_prefix,1800,3,6097,112063
msd_radix_sort,common_prefix,1800,4,6668,112063
msd_radix_sort,common_prefix,1800,5,8449,112063
msd_radix_sort,common_prefix,1800,6,6085,112063
msd_radix_sort,common_prefix,1800,7,6014,112063
msd_radix_sort,common_prefix,1800,8,5805,112063
msd_radix_sort,common_prefix,1800,9,5360,112063
msd_radix_sort,common_prefix,1800,10,5758,112063
msd_radix_sort_with_quicksort,common_prefix,1800,1,8101,122680
msd_radix_sort_with_quicksort,common_prefix,1800,2,5814,122680
msd_radix_sort_with_quicksort,common_prefix,1800,3,5699,122680
msd_radix_sort_with_quicksort,common_prefix,1800,4,5737,122680
msd_radix_sort_with_quicksort,common_prefix,1800,5,5823,122680
msd_radix_sort_with_quicksort,common_prefix,1800,6,5639,122680
msd_radix_sort_with_quicksort,common_prefix,1800,7,5603,122680
msd_radix_sort_with_quicksort,common_prefix,1800,8,6001,122680
msd_radix_sort_with_quicksort,common_prefix,1800,9,5170,122680
msd_radix_sort_with_quicksort,common_prefix,1800,10,4999,122680
standard_quicksort,common_prefix,1900,1,956,1863785
standard_quicksort,common_prefix,1900,2,949,1863785
standard_quicksort,common_prefix,1900,3,3457,1863785
standard_quicksort,common_prefix,1900,4,1011,1863785
standard_quicksort,common_prefix,1900,5,1075,1863785
standard_quicksort,common_prefix,1900,6,1077,1863785
standard_quicksort,common_prefix,1900,7,1066,1863785
standard_quicksort,common_prefix,1900,8,1091,1863785
standard_quicksort,common_prefix,1900,9,1079,1863785
standard_quicksort,common_prefix,1900,10,1080,1863785
standard_mergesort,common_prefix,1900,1,1347,1125585
standard_mergesort,common_prefix,1900,2,1232,1125585
standard_mergesort,common_prefix,1900,3,1199,1125585
standard_mergesort,common_prefix,1900,4,1175,1125585
standard_mergesort,common_prefix,1900,5,1185,1125585
standard_mergesort,common_prefix,1900,6,1240,1125585
standard_mergesort,common_prefix,1900,7,1261,1125585
standard_mergesort,common_prefix,1900,8,1185,1125585
standard_mergesort,common_prefix,1900,9,1184,1125585
standard_mergesort,common_prefix,1900,10,1226,1125585
ternary_string_quicksort,common_prefix,1900,1,248,260739
ternary_string_quicksort,common_prefix,1900,2,227,260739
ternary_string_quicksort,common_prefix,1900,3,233,260739
ternary_string_quicksort,common_prefix,1900,4,212,260739
ternary_string_quicksort,common_prefix,1900,5,206,260739
ternary_string_quicksort,common_prefix,1900,6,207,260739
ternary_string_quicksort,common_prefix,1900,7,189,260739
ternary_string_quicksort,common_prefix,1900,8,191,260739
ternary_string_quicksort,common_prefix,1900,9,192,260739
ternary_string_quicksort,common_prefix,1900,10,193,260739
lcp_mergesort,common_prefix,1900,1,1138,130429
lcp_mergesort,common_prefix,1900,2,1140,130429
lcp_mergesort,common_prefix,1900,3,1112,130429
lcp_mergesort,common_prefix,1900,4,1153,130429
lcp_mergesort,common_prefix,1900,5,1117,130429
lcp_mergesort,common_prefix,1900,6,1131,130429
lcp_mergesort,common_prefix,1900,7,1156,130429
lcp_mergesort,common_prefix,1900,8,1133,130429
lcp_mergesort,common_prefix,1900,9,1127,130429
lcp_mergesort,common_prefix,1900,10,1145,130429
msd_radix_sort,common_prefix,1900,1,9287,118300
msd_radix_sort,common_prefix,1900,2,6686,118300
msd_radix_sort,common_prefix,1900,3,8284,118300
msd_radix_sort,common_prefix,1900,4,6503,118300
msd_radix_sort,common_prefix,1900,5,6316,118300
msd_radix_sort,common_prefix,1900,6,6443,118300
msd_radix_sort,common_prefix,1900,7,6341,118300
msd_radix_sort,common_prefix,1900,8,6158,118300
msd_radix_sort,common_prefix,1900,9,6575,118300
msd_radix_sort,common_prefix,1900,10,6985,118300
msd_radix_sort_with_quicksort,common_prefix,1900,1,7318,129733
msd_radix_sort_with_quicksort,common_prefix,1900,2,6282,129733
msd_radix_sort_with_quicksort,common_prefix,1900,3,6048,129733
msd_radix_sort_with_quicksort,common_prefix,1900,4,6492,129733
msd_radix_sort_with_quicksort,common_prefix,1900,5,5974,129733
msd_radix_sort_with_quicksort,common_prefix,1900,6,6277,129733
msd_radix_sort_with_quicksort,common_prefix,1900,7,6164,129733
msd_radix_sort_with_quicksort,common_prefix,1900,8,5612,129733
msd_radix_sort_with_quicksort,common_prefix,1900,9,5643,129733
msd_radix_sort_with_quicksort,common_prefix,1900,10,5533,129733
standard_quicksort,common_prefix,2000,1,978,1908146
standard_quicksort,common_prefix,2000,2,966,1908146
standard_quicksort,common_prefix,2000,3,3631,1908146
standard_quicksort,common_prefix,2000,4,978,1908146
standard_quicksort,common_prefix,2000,5,1047,1908146
standard_quicksort,common_prefix,2000,6,1104,1908146
standard_quicksort,common_prefix,2000,7,1113,1908146
standard_quicksort,common_prefix,2000,8,1108,1908146
standard_quicksort,common_prefix,2000,9,1104,1908146
standard_quicksort,common_prefix,2000,10,1102,1908146
standard_mergesort,common_prefix,2000,1,1459,1192596
standard_mergesort,common_prefix,2000,2,1353,1192596
standard_mergesort,common_prefix,2000,3,1349,1192596
standard_mergesort,common_prefix,2000,4,1266,1192596
standard_mergesort,common_prefix,2000,5,1251,1192596
standard_mergesort,common_prefix,2000,6,1273,1192596
standard_mergesort,common_prefix,2000,7,1267,1192596
standard_mergesort,common_prefix,2000,8,1280,1192596
standard_mergesort,common_prefix,2000,9,1250,1192596
standard_mergesort,common_prefix,2000,10,1252,1192596
ternary_string_quicksort,common_prefix,2000,1,270,278133
ternary_string_quicksort,common_prefix,2000,2,248,278133
ternary_string_quicksort,common_prefix,2000,3,245,278133
ternary_string_quicksort,common_prefix,2000,4,221,278133
ternary_string_quicksort,common_prefix,2000,5,213,278133
ternary_string_quicksort,common_prefix,2000,6,218,278133
ternary_string_quicksort,common_prefix,2000,7,204,278133
ternary_string_quicksort,common_prefix,2000,8,207,278133
ternary_string_quicksort,common_prefix,2000,9,213,278133
ternary_string_quicksort,common_prefix,2000,10,205,278133
lcp_mergesort,common_prefix,2000,1,1213,137431
lcp_mergesort,common_prefix,2000,2,1202,137431
lcp_mergesort,common_prefix,2000,3,1200,137431
lcp_mergesort,common_prefix,2000,4,1185,137431
lcp_mergesort,common_prefix,2000,5,1189,137431
lcp_mergesort,common_prefix,2000,6,1199,137431
lcp_mergesort,common_prefix,2000,7,1197,137431
lcp_mergesort,common_prefix,2000,8,1213,137431
lcp_mergesort,common_prefix,2000,9,1233,137431
lcp_mergesort,common_prefix,2000,10,1196,137431
msd_radix_sort,common_prefix,2000,1,7880,124553
msd_radix_sort,common_prefix,2000,2,6724,124553
msd_radix_sort,common_prefix,2000,3,6813,124553
msd_radix_sort,common_prefix,2000,4,6827,124553
msd_radix_sort,common_prefix,2000,5,6607,124553
msd_radix_sort,common_prefix,2000,6,7008,124553
msd_radix_sort,common_prefix,2000,7,7214,124553
msd_radix_sort,common_prefix,2000,8,8301,124553
msd_radix_sort,common_prefix,2000,9,8732,124553
msd_radix_sort,common_prefix,2000,10,6836,124553
msd_radix_sort_with_quicksort,common_prefix,2000,1,6829,136945
msd_radix_sort_with_quicksort,common_prefix,2000,2,6580,136945
msd_radix_sort_with_quicksort,common_prefix,2000,3,6415,136945
msd_radix_sort_with_quicksort,common_prefix,2000,4,6753,136945
msd_radix_sort_with_quicksort,common_prefix,2000,5,6356,136945
msd_radix_sort_with_quicksort,common_prefix,2000,6,6581,136945
msd_radix_sort_with_quicksort,common_prefix,2000,7,6398,136945
msd_radix_sort_with_quicksort,common_prefix,2000,8,6447,136945
msd_radix_sort_with_quicksort,common_prefix,2000,9,6443,136945
msd_radix_sort_with_quicksort,common_prefix,2000,10,5610,136945
standard_quicksort,common_prefix,2100,1,1209,2381853
standard_quicksort,common_prefix,2100,2,3470,2381853
standard_quicksort,common_prefix,2100,3,1362,2381853
standard_quicksort,common_prefix,2100,4,1328,2381853
standard_quicksort,common_prefix,2100,5,1792,2381853
standard_quicksort,common_prefix,2100,6,1342,2381853
standard_quicksort,common_prefix,2100,7,1341,2381853
standard_quicksort,common_prefix,2100,8,1374,2381853
standard_quicksort,common_prefix,2100,9,1337,2381853
standard_quicksort,common_prefix,2100,10,1345,2381853
standard_mergesort,common_prefix,2100,1,1480,1260174
standard_mergesort,common_prefix,2100,2,1373,1260174
standard_mergesort,common_prefix,2100,3,1505,1260174
standard_mergesort,common_prefix,2100,4,1352,1260174
standard_mergesort,common_prefix,2100,5,1335,1260174
standard_mergesort,common_prefix,2100,6,1354,1260174
standard_mergesort,common_prefix,2100,7,1326,1260174
standard_mergesort,common_prefix,2100,8,1367,1260174
standard_mergesort,common_prefix,2100,9,1371,1260174
standard_mergesort,common_prefix,2100,10,1349,1260174
ternary_string_quicksort,common_prefix,2100,1,286,290014
ternary_string_quicksort,common_prefix,2100,2,290,290014
ternary_string_quicksort,common_prefix,2100,3,256,290014
ternary_string_quicksort,common_prefix,2100,4,258,290014
ternary_string_quicksort,common_prefix,2100,5,251,290014
ternary_string_quicksort,common_prefix,2100,6,278,290014
ternary_string_quicksort,common_prefix,2100,7,254,290014
ternary_string_quicksort,common_prefix,2100,8,283,290014
ternary_string_quicksort,common_prefix,2100,9,248,290014
ternary_string_quicksort,common_prefix,2100,10,251,290014
lcp_mergesort,common_prefix,2100,1,1280,144358
lcp_mergesort,common_prefix,2100,2,1280,144358
lcp_mergesort,common_prefix,2100,3,1245,144358
lcp_mergesort,common_prefix,2100,4,1250,144358
lcp_mergesort,common_prefix,2100,5,1286,144358
lcp_mergesort,common_prefix,2100,6,1245,144358
lcp_mergesort,common_prefix,2100,7,1275,144358
lcp_mergesort,common_prefix,2100,8,1289,144358
lcp_mergesort,common_prefix,2100,9,1239,144358
lcp_mergesort,common_prefix,2100,10,1228,144358
msd_radix_sort,common_prefix,2100,1,12545,130816
msd_radix_sort,common_prefix,2100,2,7651,130816
msd_radix_sort,common_prefix,2100,3,7111,130816
msd_radix_sort,common_prefix,2100,4,7211,130816
msd_radix_sort,common_prefix,2100,5,7119,130816
msd_radix_sort,common_prefix,2100,6,7293,130816
msd_radix_sort,common_prefix,2100,7,9516,130816
msd_radix_sort,common_prefix,2100,8,7045,130816
msd_radix_sort,common_prefix,2100,9,7222,130816
msd_radix_sort,common_prefix,2100,10,7704,130816
msd_radix_sort_with_quicksort,common_prefix,2100,1,7214,144540
msd_radix_sort_with_quicksort,common_prefix,2100,2,7270,144540
msd_radix_sort_with_quicksort,common_prefix,2100,3,6384,144540
msd_radix_sort_with_quicksort,common_prefix,2100,4,7175,144540
msd_radix_sort_with_quicksort,common_prefix,2100,5,7005,144540
msd_radix_sort_with_quicksort,common_prefix,2100,6,6816,144540
msd_radix_sort_with_quicksort,common_prefix,2100,7,6458,144540
msd_radix_sort_with_quicksort,common_prefix,2100,8,6274,144540
msd_radix_sort_with_quicksort,common_prefix,2100,9,6566,144540
msd_radix_sort_with_quicksort,common_prefix,2100,10,6579,144540
standard_quicksort,common_prefix,2200,1,1184,2295630
standard_quicksort,common_prefix,2200,2,3599,2295630
standard_quicksort,common_prefix,2200,3,1278,2295630
standard_quicksort,common_prefix,2200,4,1383,2295630
standard_quicksort,common_prefix,2200,5,1312,2295630
standard_quicksort,common_prefix,2200,6,1353,2295630
standard_quicksort,common_prefix,2200,7,1312,2295630
standard_quicksort,common_prefix,2200,8,1336,2295630
standard_quicksort,common_prefix,2200,9,1307,2295630
standard_quicksort,common_prefix,2200,10,1305,2295630
standard_mergesort,common_prefix,2200,1,1952,1330077
standard_mergesort,common_prefix,2200,2,1645,1330077
standard_mergesort,common_prefix,2200,3,1456,1330077
standard_mergesort,common_prefix,2200,4,1404,1330077
standard_mergesort,common_prefix,2200,5,1448,1330077
standard_mergesort,common_prefix,2200,6,1837,1330077
standard_mergesort,common_prefix,2200,7,1700,1330077
standard_mergesort,common_prefix,2200,8,1587,1330077
standard_mergesort,common_prefix,2200,9,1584,1330077
standard_mergesort,common_prefix,2200,10,1418,1330077
ternary_string_quicksort,common_prefix,2200,1,303,306333
ternary_string_quicksort,common_prefix,2200,2,280,306333
ternary_string_quicksort,common_prefix,2200,3,269,306333
ternary_string_quicksort,common_prefix,2200,4,269,306333
ternary_string_quicksort,common_prefix,2200,5,250,306333
ternary_string_quicksort,common_prefix,2200,6,248,306333
ternary_string_quicksort,common_prefix,2200,7,245,306333
ternary_string_quicksort,common_prefix,2200,8,250,306333
ternary_string_quicksort,common_prefix,2200,9,254,306333
ternary_string_quicksort,common_prefix,2200,10,233,306333
lcp_mergesort,common_prefix,2200,1,1318,151406
lcp_mergesort,common_prefix,2200,2,1411,151406
lcp_mergesort,common_prefix,2200,3,1359,151406
lcp_mergesort,common_prefix,2200,4,1371,151406
lcp_mergesort,common_prefix,2200,5,1368,151406
lcp_mergesort,common_prefix,2200,6,1347,151406
lcp_mergesort,common_prefix,2200,7,1309,151406
lcp_mergesort,common_prefix,2200,8,1309,151406
lcp_mergesort,common_prefix,2200,9,1318,151406
lcp_mergesort,common_prefix,2200,10,1327,151406
msd_radix_sort,common_prefix,2200,1,8844,137087
msd_radix_sort,common_prefix,2200,2,7623,137087
msd_radix_sort,common_prefix,2200,3,7623,137087
msd_radix_sort,common_prefix,2200,4,7938,137087
msd_radix_sort,common_prefix,2200,5,7699,137087
msd_radix_sort,common_prefix,2200,6,9194,137087
msd_radix_sort,common_prefix,2200,7,7273,137087
msd_radix_sort,common_prefix,2200,8,7437,137087
msd_radix_sort,common_prefix,2200,9,7623,137087
msd_radix_sort,common_prefix,2200,10,7549,137087
msd_radix_sort_with_quicksort,common_prefix,2200,1,7997,151416
msd_radix_sort_with_quicksort,common_prefix,2200,2,8156,151416
msd_radix_sort_with_quicksort,common_prefix,2200,3,8824,151416
msd_radix_sort_with_quicksort,common_prefix,2200,4,6933,151416
msd_radix_sort_with_quicksort,common_prefix,2200,5,7122,151416
msd_radix_sort_with_quicksort,common_prefix,2200,6,7607,151416
msd_radix_sort_with_quicksort,common_prefix,2200,7,6408,151416
msd_radix_sort_with_quicksort,common_prefix,2200,8,6566,151416
msd_radix_sort_with_quicksort,common_prefix,2200,9,7315,151416
msd_radix_sort_with_quicksort,common_prefix,2200,10,8295,151416
standard_quicksort,common_prefix,2300,1,1368,2344385
standard_quicksort,common_prefix,2300,2,3720,2344385
standard_quicksort,common_prefix,2300,3,1271,2344385
standard_quicksort,common_prefix,2300,4,1365,2344385
standard_quicksort,common_prefix,2300,5,1334,2344385
standard_quicksort,common_prefix,2300,6,1359,2344385
standard_quicksort,common_prefix,2300,7,1352,2344385
standard_quicksort,common_prefix,2300,8,1493,2344385
standard_quicksort,common_prefix,2300,9,1362,2344385
standard_quicksort,common_prefix,2300,10,1375,2344385
standard_mergesort,common_prefix,2300,1,1670,1402582
standard_mergesort,common_prefix,2300,2,1498,1402582
standard_mergesort,common_prefix,2300,3,1527,1402582
standard_mergesort,common_prefix,2300,4,1491,1402582
standard_mergesort,common_prefix,2300,5,2305,1402582
standard_mergesort,common_prefix,2300,6,1512,1402582
standard_mergesort,common_prefix,2300,7,1538,1402582
standard_mergesort,common_prefix,2300,8,1597,1402582
standard_mergesort,common_prefix,2300,9,1665,1402582
standard_mergesort,common_prefix,2300,10,1571,1402582
ternary_string_quicksort,common_prefix,2300,1,333,319574
ternary_string_quicksort,common_prefix,2300,2,309,319574
ternary_string_quicksort,common_prefix,2300,3,294,319574
ternary_string_quicksort,common_prefix,2300,4,292,319574
ternary_string_quicksort,common_prefix,2300,5,286,319574
ternary_string_quicksort,common_prefix,2300,6,296,319574
ternary_string_quicksort,common_prefix,2300,7,276,319574
ternary_string_quicksort,common_prefix,2300,8,282,319574
ternary_string_quicksort,common_prefix,2300,9,264,319574
ternary_string_quicksort,common_prefix,2300,10,257,319574
lcp_mergesort,common_prefix,2300,1,1418,158467
lcp_mergesort,common_prefix,2300,2,1371,158467
lcp_mergesort,common_prefix,2300,3,1362,158467
lcp_mergesort,common_prefix,2300,4,1366,158467
lcp_mergesort,common_prefix,2300,5,1375,158467
lcp_mergesort,common_prefix,2300,6,1400,158467
lcp_mergesort,common_prefix,2300,7,1410,158467
lcp_mergesort,common_prefix,2300,8,1421,158467
lcp_mergesort,common_prefix,2300,9,1410,158467
lcp_mergesort,common_prefix,2300,10,1421,158467
msd_radix_sort,common_prefix,2300,1,10771,143352
msd_radix_sort,common_prefix,2300,2,7959,143352
msd_radix_sort,common_prefix,2300,3,7438,143352
msd_radix_sort,common_prefix,2300,4,7739,143352
msd_radix_sort,common_prefix,2300,5,8212,143352
msd_radix_sort,common_prefix,2300,6,7584,143352
msd_radix_sort,common_prefix,2300,7,7503,143352
msd_radix_sort,common_prefix,2300,8,7708,143352
msd_radix_sort,common_prefix,2300,9,8180,143352
msd_radix_sort,common_prefix,2300,10,7702,143352
msd_radix_sort_with_quicksort,common_prefix,2300,1,9657,158464
msd_radix_sort_with_quicksort,common_prefix,2300,2,7116,158464
msd_radix_sort_with_quicksort,common_prefix,2300,3,7097,158464
msd_radix_sort_with_quicksort,common_prefix,2300,4,7101,158464
msd_radix_sort_with_quicksort,common_prefix,2300,5,7119,158464
msd_radix_sort_with_quicksort,common_prefix,2300,6,7049,158464
msd_radix_sort_with_quicksort,common_prefix,2300,7,7143,158464
msd_radix_sort_with_quicksort,common_prefix,2300,8,6497,158464
msd_radix_sort_with_quicksort,common_prefix,2300,9,6389,158464
msd_radix_sort_with_quicksort,common_prefix,2300,10,6399,158464
standard_quicksort,common_prefix,2400,1,1513,2350624
standard_quicksort,common_prefix,2400,2,3674,2350624
standard_quicksort,common_prefix,2400,3,1312,2350624
standard_quicksort,common_prefix,2400,4,1355,2350624
standard_quicksort,common_prefix,2400,5,1360,2350624
standard_quicksort,common_prefix,2400,6,1352,2350624
standard_quicksort,common_prefix,2400,7,1358,2350624
standard_quicksort,common_prefix,2400,8,1347,2350624
standard_quicksort,common_prefix,2400,9,1358,2350624
standard_quicksort,common_prefix,2400,10,1350,2350624
standard_mergesort,common_prefix,2400,1,1708,1472846
standard_mergesort,common_prefix,2400,2,1590,1472846
standard_mergesort,common_prefix,2400,3,1586,1472846
standard_mergesort,common_prefix,2400,4,1603,1472846
standard_mergesort,common_prefix,2400,5,1564,1472846
standard_mergesort,common_prefix,2400,6,1571,1472846
standard_mergesort,common_prefix,2400,7,1569,1472846
standard_mergesort,common_prefix,2400,8,1544,1472846
standard_mergesort,common_prefix,2400,9,1543,1472846
standard_mergesort,common_prefix,2400,10,1552,1472846
ternary_string_quicksort,common_prefix,2400,1,372,333131
ternary_string_quicksort,common_prefix,2400,2,311,333131
ternary_string_quicksort,common_prefix,2400,3,300,333131
ternary_string_quicksort,common_prefix,2400,4,312,333131
ternary_string_quicksort,common_prefix,2400,5,287,333131
ternary_string_quicksort,common_prefix,2400,6,296,333131
ternary_string_quicksort,common_prefix,2400,7,282,333131
ternary_string_quicksort,common_prefix,2400,8,273,333131
ternary_string_quicksort,common_prefix,2400,9,275,333131
ternary_string_quicksort,common_prefix,2400,10,263,333131
lcp_mergesort,common_prefix,2400,1,1462,165461
lcp_mergesort,common_prefix,2400,2,1445,165461
lcp_mergesort,common_prefix,2400,3,1496,165461
lcp_mergesort,common_prefix,2400,4,1431,165461
lcp_mergesort,common_prefix,2400,5,1421,165461
lcp_mergesort,common_prefix,2400,6,1430,165461
lcp_mergesort,common_prefix,2400,7,1429,165461
lcp_mergesort,common_prefix,2400,8,1426,165461
lcp_mergesort,common_prefix,2400,9,1437,165461
lcp_mergesort,common_prefix,2400,10,1424,165461
msd_radix_sort,common_prefix,2400,1,10087,149622
msd_radix_sort,common_prefix,2400,2,7939,149622
msd_radix_sort,common_prefix,2400,3,7888,149622
msd_radix_sort,common_prefix,2400,4,8147,149622
msd_radix_sort,common_prefix,2400,5,7889,149622
msd_radix_sort,common_prefix,2400,6,8350,149622
msd_radix_sort,common_prefix,2400,7,7945,149622
msd_radix_sort,common_prefix,2400,8,8572,149622
msd_radix_sort,common_prefix,2400,9,7790,149622
msd_radix_sort,common_prefix,2400,10,8186,149622
msd_radix_sort_with_quicksort,common_prefix,2400,1,7507,165298
msd_radix_sort_with_quicksort,common_prefix,2400,2,7425,165298
msd_radix_sort_with_quicksort,common_prefix,2400,3,7336,165298
msd_radix_sort_with_quicksort,common_prefix,2400,4,7243,165298
msd_radix_sort_with_quicksort,common_prefix,2400,5,7588,165298
msd_radix_sort_with_quicksort,common_prefix,2400,6,7240,165298
msd_radix_sort_with_quicksort,common_prefix,2400,7,6627,165298
msd_radix_sort_with_quicksort,common_prefix,2400,8,6566,165298
msd_radix_sort_with_quicksort,common_prefix,2400,9,6617,165298
msd_radix_sort_with_quicksort,common_prefix,2400,10,6674,165298
standard_quicksort,common_prefix,2500,1,1348,2704740
standard_quicksort,common_prefix,2500,2,3750,2704740
standard_quicksort,common_prefix,2500,3,1510,2704740
standard_quicksort,common_prefix,2500,4,1524,2704740
standard_quicksort,common_prefix,2500,5,1545,2704740
standard_quicksort,common_prefix,2500,6,1568,2704740
standard_quicksort,common_prefix,2500,7,1539,2704740
standard_quicksort,common_prefix,2500,8,1533,2704740
standard_quicksort,common_prefix,2500,9,1545,2704740
standard_quicksort,common_prefix,2500,10,1568,2704740
standard_mergesort,common_prefix,2500,1,1754,1541847
standard_mergesort,common_prefix,2500,2,1711,1541847
standard_mergesort,common_prefix,2500,3,1615,1541847
standard_mergesort,common_prefix,2500,4,1644,1541847
standard_mergesort,common_prefix,2500,5,1671,1541847
standard_mergesort,common_prefix,2500,6,1620,1541847
standard_mergesort,common_prefix,2500,7,1677,1541847
standard_mergesort,common_prefix,2500,8,1635,1541847
standard_mergesort,common_prefix,2500,9,1639,1541847
standard_mergesort,common_prefix,2500,10,1618,1541847
ternary_string_quicksort,common_prefix,2500,1,350,354623
ternary_string_quicksort,common_prefix,2500,2,352,354623
ternary_string_quicksort,common_prefix,2500,3,314,354623
ternary_string_quicksort,common_prefix,2500,4,313,354623
ternary_string_quicksort,common_prefix,2500,5,326,354623
ternary_string_quicksort,common_prefix,2500,6,299,354623
ternary_string_quicksort,common_prefix,2500,7,313,354623
ternary_string_quicksort,common_prefix,2500,8,293,354623
ternary_string_quicksort,common_prefix,2500,9,319,354623
ternary_string_quicksort,common_prefix,2500,10,293,354623
lcp_mergesort,common_prefix,2500,1,1548,172471
lcp_mergesort,common_prefix,2500,2,1556,172471
lcp_mergesort,common_prefix,2500,3,1527,172471
lcp_mergesort,common_prefix,2500,4,1552,172471
lcp_mergesort,common_prefix,2500,5,1532,172471
lcp_mergesort,common_prefix,2500,6,1510,172471
lcp_mergesort,common_prefix,2500,7,1515,172471
lcp_mergesort,common_prefix,2500,8,1527,172471
lcp_mergesort,common_prefix,2500,9,1512,172471
lcp_mergesort,common_prefix,2500,10,1519,172471
msd_radix_sort,common_prefix,2500,1,10839,155887
msd_radix_sort,common_prefix,2500,2,8410,155887
msd_radix_sort,common_prefix,2500,3,8140,155887
msd_radix_sort,common_prefix,2500,4,8390,155887
msd_radix_sort,common_prefix,2500,5,8206,155887
msd_radix_sort,common_prefix,2500,6,8098,155887
msd_radix_sort,common_prefix,2500,7,7985,155887
msd_radix_sort,common_prefix,2500,8,7387,155887
msd_radix_sort,common_prefix,2500,9,7588,155887
msd_radix_sort,common_prefix,2500,10,7213,155887
msd_radix_sort_with_quicksort,common_prefix,2500,1,9773,172613
msd_radix_sort_with_quicksort,common_prefix,2500,2,9059,172613
msd_radix_sort_with_quicksort,common_prefix,2500,3,7937,172613
msd_radix_sort_with_quicksort,common_prefix,2500,4,7724,172613
msd_radix_sort_with_quicksort,common_prefix,2500,5,7614,172613
msd_radix_sort_with_quicksort,common_prefix,2500,6,7609,172613
msd_radix_sort_with_quicksort,common_prefix,2500,7,6929,172613
msd_radix_sort_with_quicksort,common_prefix,2500,8,6767,172613
msd_radix_sort_with_quicksort,common_prefix,2500,9,7049,172613
msd_radix_sort_with_quicksort,common_prefix,2500,10,7179,172613
standard_quicksort,common_prefix,2600,1,1291,2576714
standard_quicksort,common_prefix,2600,2,3748,2576714
standard_quicksort,common_prefix,2600,3,1443,2576714
standard_quicksort,common_prefix,2600,4,1517,2576714
standard_quicksort,common_prefix,2600,5,1520,2576714
standard_quicksort,common_prefix,2600,6,1514,2576714
standard_quicksort,common_prefix,2600,7,1495,2576714
standard_quicksort,common_prefix,2600,8,1532,2576714
standard_quicksort,common_prefix,2600,9,1485,2576714
standard_quicksort,common_prefix,2600,10,1513,2576714
standard_mergesort,common_prefix,2600,1,1813,1611945
standard_mergesort,common_prefix,2600,2,1799,1611945
standard_mergesort,common_prefix,2600,3,1715,1611945
standard_mergesort,common_prefix,2600,4,1717,1611945
standard_mergesort,common_prefix,2600,5,1716,1611945
standard_mergesort,common_prefix,2600,6,1828,1611945
standard_mergesort,common_prefix,2600,7,1772,1611945
standard_mergesort,common_prefix,2600,8,1722,1611945
standard_mergesort,common_prefix,2600,9,1685,1611945
standard_mergesort,common_prefix,2600,10,1705,1611945
ternary_string_quicksort,common_prefix,2600,1,362,360688
ternary_string_quicksort,common_prefix,2600,2,345,360688
ternary_string_quicksort,common_prefix,2600,3,343,360688
ternary_string_quicksort,common_prefix,2600,4,316,360688
ternary_string_quicksort,common_prefix,2600,5,334,360688
ternary_string_quicksort,common_prefix,2600,6,309,360688
ternary_string_quicksort,common_prefix,2600,7,316,360688
ternary_string_quicksort,common_prefix,2600,8,330,360688
ternary_string_quicksort,common_prefix,2600,9,315,360688
ternary_string_quicksort,common_prefix,2600,10,318,360688
lcp_mergesort,common_prefix,2600,1,2066,179444
lcp_mergesort,common_prefix,2600,2,1641,179444
lcp_mergesort,common_prefix,2600,3,1632,179444
lcp_mergesort,common_prefix,2600,4,1599,179444
lcp_mergesort,common_prefix,2600,5,1576,179444
lcp_mergesort,common_prefix,2600,6,1596,179444
lcp_mergesort,common_prefix,2600,7,1607,179444
lcp_mergesort,common_prefix,2600,8,1578,179444
lcp_mergesort,common_prefix,2600,9,1590,179444
lcp_mergesort,common_prefix,2600,10,1599,179444
msd_radix_sort,common_prefix,2600,1,10271,162147
msd_radix_sort,common_prefix,2600,2,8932,162147
msd_radix_sort,common_prefix,2600,3,8788,162147
msd_radix_sort,common_prefix,2600,4,8636,162147
msd_radix_sort,common_prefix,2600,5,8566,162147
msd_radix_sort,common_prefix,2600,6,7700,162147
msd_radix_sort,common_prefix,2600,7,7766,162147
msd_radix_sort,common_prefix,2600,8,7727,162147
msd_radix_sort,common_prefix,2600,9,7630,162147
msd_radix_sort,common_prefix,2600,10,7702,162147
msd_radix_sort_with_quicksort,common_prefix,2600,1,10708,179988
msd_radix_sort_with_quicksort,common_prefix,2600,2,8353,179988
msd_radix_sort_with_quicksort,common_prefix,2600,3,8702,179988
msd_radix_sort_with_quicksort,common_prefix,2600,4,7889,179988
msd_radix_sort_with_quicksort,common_prefix,2600,5,7931,179988
msd_radix_sort_with_quicksort,common_prefix,2600,6,7680,179988
msd_radix_sort_with_quicksort,common_prefix,2600,7,7527,179988
msd_radix_sort_with_quicksort,common_prefix,2600,8,7690,179988
msd_radix_sort_with_quicksort,common_prefix,2600,9,7611,179988
msd_radix_sort_with_quicksort,common_prefix,2600,10,7214,179988
standard_quicksort,common_prefix,2700,1,1456,2796432
standard_quicksort,common_prefix,2700,2,3794,2796432
standard_quicksort,common_prefix,2700,3,1582,2796432
standard_quicksort,common_prefix,2700,4,1593,2796432
standard_quicksort,common_prefix,2700,5,1606,2796432
standard_quicksort,common_prefix,2700,6,1753,2796432
standard_quicksort,common_prefix,2700,7,1713,2796432
standard_quicksort,common_prefix,2700,8,1624,2796432
standard_quicksort,common_prefix,2700,9,1632,2796432
standard_quicksort,common_prefix,2700,10,1593,2796432
standard_mergesort,common_prefix,2700,1,2062,1685710
standard_mergesort,common_prefix,2700,2,1840,1685710
standard_mergesort,common_prefix,2700,3,1844,1685710
standard_mergesort,common_prefix,2700,4,1765,1685710
standard_mergesort,common_prefix,2700,5,1806,1685710
standard_mergesort,common_prefix,2700,6,1789,1685710
standard_mergesort,common_prefix,2700,7,1781,1685710
standard_mergesort,common_prefix,2700,8,1766,1685710
standard_mergesort,common_prefix,2700,9,1796,1685710
standard_mergesort,common_prefix,2700,10,1828,1685710
ternary_string_quicksort,common_prefix,2700,1,394,375839
ternary_string_quicksort,common_prefix,2700,2,365,375839
ternary_string_quicksort,common_prefix,2700,3,359,375839
ternary_string_quicksort,common_prefix,2700,4,337,375839
ternary_string_quicksort,common_prefix,2700,5,350,375839
ternary_string_quicksort,common_prefix,2700,6,343,375839
ternary_string_quicksort,common_prefix,2700,7,345,375839
ternary_string_quicksort,common_prefix,2700,8,332,375839
ternary_string_quicksort,common_prefix,2700,9,346,375839
ternary_string_quicksort,common_prefix,2700,10,324,375839
lcp_mergesort,common_prefix,2700,1,1656,186519
lcp_mergesort,common_prefix,2700,2,1651,186519
lcp_mergesort,common_prefix,2700,3,1640,186519
lcp_mergesort,common_prefix,2700,4,1612,186519
lcp_mergesort,common_prefix,2700,5,1618,186519
lcp_mergesort,common_prefix,2700,6,1639,186519
lcp_mergesort,common_prefix,2700,7,1645,186519
lcp_mergesort,common_prefix,2700,8,1622,186519
lcp_mergesort,common_prefix,2700,9,1648,186519
lcp_mergesort,common_prefix,2700,10,1646,186519
msd_radix_sort,common_prefix,2700,1,9677,168418
msd_radix_sort,common_prefix,2700,2,8776,168418
msd_radix_sort,common_prefix,2700,3,8542,168418
msd_radix_sort,common_prefix,2700,4,8972,168418
msd_radix_sort,common_prefix,2700,5,8800,168418
msd_radix_sort,common_prefix,2700,6,8000,168418
msd_radix_sort,common_prefix,2700,7,7924,168418
msd_radix_sort,common_prefix,2700,8,8485,168418
msd_radix_sort,common_prefix,2700,9,8181,168418
msd_radix_sort,common_prefix,2700,10,8784,168418
msd_radix_sort_with_quicksort,common_prefix,2700,1,10508,187153
msd_radix_sort_with_quicksort,common_prefix,2700,2,8140,187153
msd_radix_sort_with_quicksort,common_prefix,2700,3,8734,187153
msd_radix_sort_with_quicksort,common_prefix,2700,4,8144,187153
msd_radix_sort_with_quicksort,common_prefix,2700,5,8080,187153
msd_radix_sort_with_quicksort,common_prefix,2700,6,8247,187153
msd_radix_sort_with_quicksort,common_prefix,2700,7,8611,187153
msd_radix_sort_with_quicksort,common_prefix,2700,8,10609,187153
msd_radix_sort_with_quicksort,common_prefix,2700,9,8203,187153
msd_radix_sort_with_quicksort,common_prefix,2700,10,8330,187153
standard_quicksort,common_prefix,2800,1,1663,2784894
standard_quicksort,common_prefix,2800,2,1632,2784894
standard_quicksort,common_prefix,2800,3,1603,2784894
standard_quicksort,common_prefix,2800,4,1609,2784894
standard_quicksort,common_prefix,2800,5,1631,2784894
standard_quicksort,common_prefix,2800,6,1615,2784894
standard_quicksort,common_prefix,2800,7,1616,2784894
standard_quicksort,common_prefix,2800,8,1600,2784894
standard_quicksort,common_prefix,2800,9,1609,2784894
standard_quicksort,common_prefix,2800,10,1627,2784894
standard_mergesort,common_prefix,2800,1,2058,1753253
standard_mergesort,common_prefix,2800,2,1862,1753253
standard_mergesort,common_prefix,2800,3,1900,1753253
standard_mergesort,common_prefix,2800,4,1861,1753253
standard_mergesort,common_prefix,2800,5,1847,1753253
standard_mergesort,common_prefix,2800,6,1968,1753253
standard_mergesort,common_prefix,2800,7,1837,1753253
standard_mergesort,common_prefix,2800,8,1853,1753253
standard_mergesort,common_prefix,2800,9,1847,1753253
standard_mergesort,common_prefix,2800,10,1886,1753253
ternary_string_quicksort,common_prefix,2800,1,394,389726
ternary_string_quicksort,common_prefix,2800,2,381,389726
ternary_string_quicksort,common_prefix,2800,3,371,389726
ternary_string_quicksort,common_prefix,2800,4,353,389726
ternary_string_quicksort,common_prefix,2800,5,389,389726
ternary_string_quicksort,common_prefix,2800,6,350,389726
ternary_string_quicksort,common_prefix,2800,7,344,389726
ternary_string_quicksort,common_prefix,2800,8,334,389726
ternary_string_quicksort,common_prefix,2800,9,339,389726
ternary_string_quicksort,common_prefix,2800,10,346,389726
lcp_mergesort,common_prefix,2800,1,1736,193491
lcp_mergesort,common_prefix,2800,2,1771,193491
lcp_mergesort,common_prefix,2800,3,1697,193491
lcp_mergesort,common_prefix,2800,4,1707,193491
lcp_mergesort,common_prefix,2800,5,1822,193491
lcp_mergesort,common_prefix,2800,6,1703,193491
lcp_mergesort,common_prefix,2800,7,1707,193491
lcp_mergesort,common_prefix,2800,8,1703,193491
lcp_mergesort,common_prefix,2800,9,1692,193491
lcp_mergesort,common_prefix,2800,10,1734,193491
msd_radix_sort,common_prefix,2800,1,9711,174690
msd_radix_sort,common_prefix,2800,2,9043,174690
msd_radix_sort,common_prefix,2800,3,9480,174690
msd_radix_sort,common_prefix,2800,4,8888,174690
msd_radix_sort,common_prefix,2800,5,9051,174690
msd_radix_sort,common_prefix,2800,6,8143,174690
msd_radix_sort,common_prefix,2800,7,8170,174690
msd_radix_sort,common_prefix,2800,8,8151,174690
msd_radix_sort,common_prefix,2800,9,8459,174690
msd_radix_sort,common_prefix,2800,10,8319,174690
msd_radix_sort_with_quicksort,common_prefix,2800,1,11319,194261
msd_radix_sort_with_quicksort,common_prefix,2800,2,9663,194261
msd_radix_sort_with_quicksort,common_prefix,2800,3,10218,194261
msd_radix_sort_with_quicksort,common_prefix,2800,4,8442,194261
msd_radix_sort_with_quicksort,common_prefix,2800,5,9422,194261
msd_radix_sort_with_quicksort,common_prefix,2800,6,8280,194261
msd_radix_sort_with_quicksort,common_prefix,2800,7,8591,194261
msd_radix_sort_with_quicksort,common_prefix,2800,8,8458,194261
msd_radix_sort_with_quicksort,common_prefix,2800,9,9841,194261
msd_radix_sort_with_quicksort,common_prefix,2800,10,7667,194261
standard_quicksort,common_prefix,2900,1,1913,3162080
standard_quicksort,common_prefix,2900,2,4404,3162080
standard_quicksort,common_prefix,2900,3,1897,3162080
standard_quicksort,common_prefix,2900,4,1835,3162080
standard_quicksort,common_prefix,2900,5,1860,3162080
standard_quicksort,common_prefix,2900,6,1819,3162080
standard_quicksort,common_prefix,2900,7,1785,3162080
standard_quicksort,common_prefix,2900,8,1825,3162080
standard_quicksort,common_prefix,2900,9,2054,3162080
standard_quicksort,common_prefix,2900,10,1800,3162080
standard_mergesort,common_prefix,2900,1,2646,1828043
standard_mergesort,common_prefix,2900,2,1943,1828043
standard_mergesort,common_prefix,2900,3,2050,1828043
standard_mergesort,common_prefix,2900,4,2002,1828043
standard_mergesort,common_prefix,2900,5,1995,1828043
standard_mergesort,common_prefix,2900,6,1958,1828043
standard_mergesort,common_prefix,2900,7,1980,1828043
standard_mergesort,common_prefix,2900,8,1905,1828043
standard_mergesort,common_prefix,2900,9,1918,1828043
standard_mergesort,common_prefix,2900,10,1958,1828043
ternary_string_quicksort,common_prefix,2900,1,433,402821
ternary_string_quicksort,common_prefix,2900,2,390,402821
ternary_string_quicksort,common_prefix,2900,3,487,402821
ternary_string_quicksort,common_prefix,2900,4,446,402821
ternary_string_quicksort,common_prefix,2900,5,390,402821
ternary_string_quicksort,common_prefix,2900,6,369,402821
ternary_string_quicksort,common_prefix,2900,7,364,402821
ternary_string_quicksort,common_prefix,2900,8,358,402821
ternary_string_quicksort,common_prefix,2900,9,388,402821
ternary_string_quicksort,common_prefix,2900,10,371,402821
lcp_mergesort,common_prefix,2900,1,2249,200673
lcp_mergesort,common_prefix,2900,2,1804,200673
lcp_mergesort,common_prefix,2900,3,1748,200673
lcp_mergesort,common_prefix,2900,4,1771,200673
lcp_mergesort,common_prefix,2900,5,1773,200673
lcp_mergesort,common_prefix,2900,6,1826,200673
lcp_mergesort,common_prefix,2900,7,1749,200673
lcp_mergesort,common_prefix,2900,8,1743,200673
lcp_mergesort,common_prefix,2900,9,1775,200673
lcp_mergesort,common_prefix,2900,10,1764,200673
msd_radix_sort,common_prefix,2900,1,11047,180964
msd_radix_sort,common_prefix,2900,2,9005,180964
msd_radix_sort,common_prefix,2900,3,9324,180964
msd_radix_sort,common_prefix,2900,4,9203,180964
msd_radix_sort,common_prefix,2900,5,9526,180964
msd_radix_sort,common_prefix,2900,6,11483,180964
msd_radix_sort,common_prefix,2900,7,9372,180964
msd_radix_sort,common_prefix,2900,8,9280,180964
msd_radix_sort,common_prefix,2900,9,9927,180964
msd_radix_sort,common_prefix,2900,10,9280,180964
msd_radix_sort_with_quicksort,common_prefix,2900,1,11701,201308
msd_radix_sort_with_quicksort,common_prefix,2900,2,8586,201308
msd_radix_sort_with_quicksort,common_prefix,2900,3,8782,201308
msd_radix_sort_with_quicksort,common_prefix,2900,4,8681,201308
msd_radix_sort_with_quicksort,common_prefix,2900,5,8595,201308
msd_radix_sort_with_quicksort,common_prefix,2900,6,7912,201308
msd_radix_sort_with_quicksort,common_prefix,2900,7,7651,201308
msd_radix_sort_with_quicksort,common_prefix,2900,8,7875,201308
msd_radix_sort_with_quicksort,common_prefix,2900,9,7806,201308
msd_radix_sort_with_quicksort,common_prefix,2900,10,7978,201308
standard_quicksort,common_prefix,3000,1,1514,3005142
standard_quicksort,common_prefix,3000,2,3997,3005142
standard_quicksort,common_prefix,3000,3,1694,3005142
standard_quicksort,common_prefix,3000,4,1741,3005142
standard_quicksort,common_prefix,3000,5,1746,3005142
standard_quicksort,common_prefix,3000,6,1742,3005142
standard_quicksort,common_prefix,3000,7,1732,3005142
standard_quicksort,common_prefix,3000,8,1786,3005142
standard_quicksort,common_prefix,3000,9,1723,3005142
standard_quicksort,common_prefix,3000,10,1758,3005142
standard_mergesort,common_prefix,3000,1,2281,1901249
standard_mergesort,common_prefix,3000,2,2009,1901249
standard_mergesort,common_prefix,3000,3,2009,1901249
standard_mergesort,common_prefix,3000,4,2037,1901249
standard_mergesort,common_prefix,3000,5,2018,1901249
standard_mergesort,common_prefix,3000,6,2005,1901249
standard_mergesort,common_prefix,3000,7,2009,1901249
standard_mergesort,common_prefix,3000,8,1982,1901249
standard_mergesort,common_prefix,3000,9,1980,1901249
standard_mergesort,common_prefix,3000,10,1987,1901249
ternary_string_quicksort,common_prefix,3000,1,413,414751
ternary_string_quicksort,common_prefix,3000,2,422,414751
ternary_string_quicksort,common_prefix,3000,3,427,414751
ternary_string_quicksort,common_prefix,3000,4,388,414751
ternary_string_quicksort,common_prefix,3000,5,417,414751
ternary_string_quicksort,common_prefix,3000,6,379,414751
ternary_string_quicksort,common_prefix,3000,7,381,414751
ternary_string_quicksort,common_prefix,3000,8,365,414751
ternary_string_quicksort,common_prefix,3000,9,379,414751
ternary_string_quicksort,common_prefix,3000,10,372,414751
lcp_mergesort,common_prefix,3000,1,1840,207694
lcp_mergesort,common_prefix,3000,2,1901,207694
lcp_mergesort,common_prefix,3000,3,1830,207694
lcp_mergesort,common_prefix,3000,4,1823,207694
lcp_mergesort,common_prefix,3000,5,1834,207694
lcp_mergesort,common_prefix,3000,6,1826,207694
lcp_mergesort,common_prefix,3000,7,1862,207694
lcp_mergesort,common_prefix,3000,8,1887,207694
lcp_mergesort,common_prefix,3000,9,1886,207694
lcp_mergesort,common_prefix,3000,10,1907,207694
msd_radix_sort,common_prefix,3000,1,13606,187241
msd_radix_sort,common_prefix,3000,2,9732,187241
msd_radix_sort,common_prefix,3000,3,9285,187241
msd_radix_sort,common_prefix,3000,4,10077,187241
msd_radix_sort,common_prefix,3000,5,9493,187241
msd_radix_sort,common_prefix,3000,6,8814,187241
msd_radix_sort,common_prefix,3000,7,8719,187241
msd_radix_sort,common_prefix,3000,8,9237,187241
msd_radix_sort,common_prefix,3000,9,8637,187241
msd_radix_sort,common_prefix,3000,10,8428,187241
msd_radix_sort_with_quicksort,common_prefix,3000,1,11490,208371
msd_radix_sort_with_quicksort,common_prefix,3000,2,8910,208371
msd_radix_sort_with_quicksort,common_prefix,3000,3,10234,208371
msd_radix_sort_with_quicksort,common_prefix,3000,4,8839,208371
msd_radix_sort_with_quicksort,common_prefix,3000,5,9499,208371
msd_radix_sort_with_quicksort,common_prefix,3000,6,8217,208371
msd_radix_sort_with_quicksort,common_prefix,3000,7,8281,208371
msd_radix_sort_with_quicksort,common_prefix,3000,8,8161,208371
msd_radix_sort_with_quicksort,common_prefix,3000,9,7970,208371
msd_radix_sort_with_quicksort,common_prefix,3000,10,8003,208371
