algorithm,data_type,array_size,run_id,time_us,char_comparisons
standard_quicksort,random,100,1,18,14990
standard_quicksort,random,100,2,14,14990
standard_quicksort,random,100,3,14,14990
standard_quicksort,random,100,4,13,14990
standard_quicksort,random,100,5,13,14990
standard_quicksort,random,100,6,13,14990
standard_quicksort,random,100,7,13,14990
standard_quicksort,random,100,8,11,14990
standard_quicksort,random,100,9,11,14990
standard_quicksort,random,100,10,13,14990
standard_quicksort,random,200,1,34,27671
standard_quicksort,random,200,2,26,27671
standard_quicksort,random,200,3,24,27671
standard_quicksort,random,200,4,36,27671
standard_quicksort,random,200,5,22,27671
standard_quicksort,random,200,6,22,27671
standard_quicksort,random,200,7,22,27671
standard_quicksort,random,200,8,22,27671
standard_quicksort,random,200,9,22,27671
standard_quicksort,random,200,10,22,27671
standard_quicksort,random,300,1,55,42404
standard_quicksort,random,300,2,41,42404
standard_quicksort,random,300,3,36,42404
standard_quicksort,random,300,4,41,42404
standard_quicksort,random,300,5,39,42404
standard_quicksort,random,300,6,52,42404
standard_quicksort,random,300,7,41,42404
standard_quicksort,random,300,8,45,42404
standard_quicksort,random,300,9,34,42404
standard_quicksort,random,300,10,34,42404
standard_quicksort,random,400,1,70,61545
standard_quicksort,random,400,2,68,61545
standard_quicksort,random,400,3,55,61545
standard_quicksort,random,400,4,56,61545
standard_quicksort,random,400,5,55,61545
standard_quicksort,random,400,6,54,61545
standard_quicksort,random,400,7,54,61545
standard_quicksort,random,400,8,54,61545
standard_quicksort,random,400,9,54,61545
standard_quicksort,random,400,10,48,61545
standard_quicksort,random,500,1,94,74296
standard_quicksort,random,500,2,83,74296
standard_quicksort,random,500,3,67,74296
standard_quicksort,random,500,4,64,74296
standard_quicksort,random,500,5,68,74296
standard_quicksort,random,500,6,83,74296
standard_quicksort,random,500,7,72,74296
standard_quicksort,random,500,8,74,74296
standard_quicksort,random,500,9,94,74296
standard_quicksort,random,500,10,84,74296
standard_quicksort,random,600,1,109,87531
standard_quicksort,random,600,2,92,87531
standard_quicksort,random,600,3,98,87531
standard_quicksort,random,600,4,90,87531
standard_quicksort,random,600,5,84,87531
standard_quicksort,random,600,6,85,87531
standard_quicksort,random,600,7,83,87531
standard_quicksort,random,600,8,73,87531
standard_quicksort,random,600,9,78,87531
standard_quicksort,random,600,10,78,87531
standard_quicksort,random,700,1,132,106146
standard_quicksort,random,700,2,123,106146
standard_quicksort,random,700,3,123,106146
standard_quicksort,random,700,4,111,106146
standard_quicksort,random,700,5,193,106146
standard_quicksort,random,700,6,197,106146
standard_quicksort,random,700,7,198,106146
standard_quicksort,random,700,8,175,106146
standard_quicksort,random,700,9,94,106146
standard_quicksort,random,700,10,90,106146
standard_quicksort,random,800,1,153,120731
standard_quicksort,random,800,2,157,120731
standard_quicksort,random,800,3,140,120731
standard_quicksort,random,800,4,122,120731
standard_quicksort,random,800,5,122,120731
standard_quicksort,random,800,6,122,120731
standard_quicksort,random,800,7,129,120731
standard_quicksort,random,800,8,115,120731
standard_quicksort,random,800,9,117,120731
standard_quicksort,random,800,10,118,120731
standard_quicksort,random,900,1,168,135537
standard_quicksort,random,900,2,157,135537
standard_quicksort,random,900,3,143,135537
standard_quicksort,random,900,4,138,135537
standard_quicksort,random,900,5,135,135537
standard_quicksort,random,900,6,173,135537
standard_quicksort,random,900,7,135,135537
standard_quicksort,random,900,8,155,135537
standard_quicksort,random,900,9,132,135537
standard_quicksort,random,900,10,136,135537
standard_quicksort,random,1000,1,181,156665
standard_quicksort,random,1000,2,179,156665
standard_quicksort,random,1000,3,168,156665
standard_quicksort,random,1000,4,166,156665
standard_quicksort,random,1000,5,163,156665
standard_quicksort,random,1000,6,163,156665
standard_quicksort,random,1000,7,168,156665
standard_quicksort,random,1000,8,149,156665
standard_quicksort,random,1000,9,153,156665
standard_quicksort,random,1000,10,157,156665
standard_quicksort,random,1100,1,211,174991
standard_quicksort,random,1100,2,203,174991
standard_quicksort,random,1100,3,186,174991
standard_quicksort,random,1100,4,184,174991
standard_quicksort,random,1100,5,172,174991
standard_quicksort,random,1100,6,191,174991
standard_quicksort,random,1100,7,176,174991
standard_quicksort,random,1100,8,172,174991
standard_quicksort,random,1100,9,175,174991
standard_quicksort,random,1100,10,184,174991
standard_quicksort,random,1200,1,241,188227
standard_quicksort,random,1200,2,245,188227
standard_quicksort,random,1200,3,217,188227
standard_quicksort,random,1200,4,197,188227
standard_quicksort,random,1200,5,192,188227
standard_quicksort,random,1200,6,189,188227
standard_quicksort,random,1200,7,191,188227
standard_quicksort,random,1200,8,218,188227
standard_quicksort,random,1200,9,216,188227
standard_quicksort,random,1200,10,243,188227
standard_quicksort,random,1300,1,321,200347
standard_quicksort,random,1300,2,303,200347
standard_quicksort,random,1300,3,246,200347
standard_quicksort,random,1300,4,214,200347
standard_quicksort,random,1300,5,212,200347
standard_quicksort,random,1300,6,217,200347
standard_quicksort,random,1300,7,230,200347
standard_quicksort,random,1300,8,205,200347
standard_quicksort,random,1300,9,214,200347
standard_quicksort,random,1300,10,204,200347
standard_quicksort,random,1400,1,268,214397
standard_quicksort,random,1400,2,254,214397
standard_quicksort,random,1400,3,239,214397
standard_quicksort,random,1400,4,236,214397
standard_quicksort,random,1400,5,227,214397
standard_quicksort,random,1400,6,227,214397
standard_quicksort,random,1400,7,243,214397
standard_quicksort,random,1400,8,252,214397
standard_quicksort,random,1400,9,245,214397
standard_quicksort,random,1400,10,237,214397
standard_quicksort,random,1500,1,283,230252
standard_quicksort,random,1500,2,267,230252
standard_quicksort,random,1500,3,271,230252
standard_quicksort,random,1500,4,254,230252
standard_quicksort,random,1500,5,251,230252
standard_quicksort,random,1500,6,265,230252
standard_quicksort,random,1500,7,308,230252
standard_quicksort,random,1500,8,255,230252
standard_quicksort,random,1500,9,271,230252
standard_quicksort,random,1500,10,250,230252
standard_quicksort,random,1600,1,352,247498
standard_quicksort,random,1600,2,315,247498
standard_quicksort,random,1600,3,288,247498
standard_quicksort,random,1600,4,292,247498
standard_quicksort,random,1600,5,273,247498
standard_quicksort,random,1600,6,280,247498
standard_quicksort,random,1600,7,276,247498
standard_quicksort,random,1600,8,280,247498
standard_quicksort,random,1600,9,289,247498
standard_quicksort,random,1600,10,277,247498
standard_quicksort,random,1700,1,321,262116
standard_quicksort,random,1700,2,322,262116
standard_quicksort,random,1700,3,301,262116
standard_quicksort,random,1700,4,311,262116
standard_quicksort,random,1700,5,289,262116
standard_quicksort,random,1700,6,293,262116
standard_quicksort,random,1700,7,318,262116
standard_quicksort,random,1700,8,326,262116
standard_quicksort,random,1700,9,292,262116
standard_quicksort,random,1700,10,295,262116
standard_quicksort,random,1800,1,347,286413
standard_quicksort,random,1800,2,350,286413
standard_quicksort,random,1800,3,381,286413
standard_quicksort,random,1800,4,351,286413
standard_quicksort,random,1800,5,321,286413
standard_quicksort,random,1800,6,331,286413
standard_quicksort,random,1800,7,318,286413
standard_quicksort,random,1800,8,309,286413
standard_quicksort,random,1800,9,318,286413
standard_quicksort,random,1800,10,322,286413
standard_quicksort,random,1900,1,373,295119
standard_quicksort,random,1900,2,416,295119
standard_quicksort,random,1900,3,373,295119
standard_quicksort,random,1900,4,341,295119
standard_quicksort,random,1900,5,353,295119
standard_quicksort,random,1900,6,341,295119
standard_quicksort,random,1900,7,332,295119
standard_quicksort,random,1900,8,375,295119
standard_quicksort,random,1900,9,349,295119
standard_quicksort,random,1900,10,356,295119
standard_quicksort,random,2000,1,378,309709
standard_quicksort,random,2000,2,366,309709
standard_quicksort,random,2000,3,368,309709
standard_quicksort,random,2000,4,378,309709
standard_quicksort,random,2000,5,349,309709
standard_quicksort,random,2000,6,364,309709
standard_quicksort,random,2000,7,357,309709
standard_quicksort,random,2000,8,370,309709
standard_quicksort,random,2000,9,356,309709
standard_quicksort,random,2000,10,452,309709
standard_quicksort,random,2100,1,801,321887
standard_quicksort,random,2100,2,410,321887
standard_quicksort,random,2100,3,616,321887
standard_quicksort,random,2100,4,408,321887
standard_quicksort,random,2100,5,389,321887
standard_quicksort,random,2100,6,381,321887
standard_quicksort,random,2100,7,377,321887
standard_quicksort,random,2100,8,370,321887
standard_quicksort,random,2100,9,364,321887
standard_quicksort,random,2100,10,371,321887
standard_quicksort,random,2200,1,415,340124
standard_quicksort,random,2200,2,417,340124
standard_quicksort,random,2200,3,392,340124
standard_quicksort,random,2200,4,404,340124
standard_quicksort,random,2200,5,388,340124
standard_quicksort,random,2200,6,403,340124
standard_quicksort,random,2200,7,385,340124
standard_quicksort,random,2200,8,391,340124
standard_quicksort,random,2200,9,392,340124
standard_quicksort,random,2200,10,398,340124
standard_quicksort,random,2300,1,439,358524
standard_quicksort,random,2300,2,442,358524
standard_quicksort,random,2300,3,436,358524
standard_quicksort,random,2300,4,440,358524
standard_quicksort,random,2300,5,420,358524
standard_quicksort,random,2300,6,415,358524
standard_quicksort,random,2300,7,414,358524
standard_quicksort,random,2300,8,407,358524
standard_quicksort,random,2300,9,414,358524
standard_quicksort,random,2300,10,470,358524
standard_quicksort,random,2400,1,676,371795
standard_quicksort,random,2400,2,451,371795
standard_quicksort,random,2400,3,447,371795
standard_quicksort,random,2400,4,444,371795
standard_quicksort,random,2400,5,432,371795
standard_quicksort,random,2400,6,432,371795
standard_quicksort,random,2400,7,433,371795
standard_quicksort,random,2400,8,429,371795
standard_quicksort,random,2400,9,455,371795
standard_quicksort,random,2400,10,430,371795
standard_quicksort,random,2500,1,492,393522
standard_quicksort,random,2500,2,466,393522
standard_quicksort,random,2500,3,460,393522
standard_quicksort,random,2500,4,461,393522
standard_quicksort,random,2500,5,515,393522
standard_quicksort,random,2500,6,484,393522
standard_quicksort,random,2500,7,455,393522
standard_quicksort,random,2500,8,465,393522
standard_quicksort,random,2500,9,470,393522
standard_quicksort,random,2500,10,457,393522
standard_quicksort,random,2600,1,495,399361
standard_quicksort,random,2600,2,490,399361
standard_quicksort,random,2600,3,477,399361
standard_quicksort,random,2600,4,487,399361
standard_quicksort,random,2600,5,463,399361
standard_quicksort,random,2600,6,478,399361
standard_quicksort,random,2600,7,478,399361
standard_quicksort,random,2600,8,467,399361
standard_quicksort,random,2600,9,466,399361
standard_quicksort,random,2600,10,459,399361
standard_quicksort,random,2700,1,505,423394
standard_quicksort,random,2700,2,530,423394
standard_quicksort,random,2700,3,555,423394
standard_quicksort,random,2700,4,505,423394
standard_quicksort,random,2700,5,518,423394
standard_quicksort,random,2700,6,504,423394
standard_quicksort,random,2700,7,499,423394
standard_quicksort,random,2700,8,535,423394
standard_quicksort,random,2700,9,499,423394
standard_quicksort,random,2700,10,517,423394
standard_quicksort,random,2800,1,562,442342
standard_quicksort,random,2800,2,541,442342
standard_quicksort,random,2800,3,521,442342
standard_quicksort,random,2800,4,536,442342
standard_quicksort,random,2800,5,539,442342
standard_quicksort,random,2800,6,522,442342
standard_quicksort,random,2800,7,535,442342
standard_quicksort,random,2800,8,522,442342
standard_quicksort,random,2800,9,522,442342
standard_quicksort,random,2800,10,544,442342
standard_quicksort,random,2900,1,586,457728
standard_quicksort,random,2900,2,550,457728
standard_quicksort,random,2900,3,548,457728
standard_quicksort,random,2900,4,581,457728
standard_quicksort,random,2900,5,549,457728
standard_quicksort,random,2900,6,554,457728
standard_quicksort,random,2900,7,567,457728
standard_quicksort,random,2900,8,561,457728
standard_quicksort,random,2900,9,547,457728
standard_quicksort,random,2900,10,555,457728
standard_quicksort,random,3000,1,590,470721
standard_quicksort,random,3000,2,578,470721
standard_quicksort,random,3000,3,555,470721
standard_quicksort,random,3000,4,563,470721
standard_quicksort,random,3000,5,609,470721
standard_quicksort,random,3000,6,568,470721
standard_quicksort,random,3000,7,561,470721
standard_quicksort,random,3000,8,593,470721
standard_quicksort,random,3000,9,574,470721
standard_quicksort,random,3000,10,563,470721
standard_quicksort,reverse_sorted,100,1,11,14359
standard_quicksort,reverse_sorted,100,2,11,14359
standard_quicksort,reverse_sorted,100,3,11,14359
standard_quicksort,reverse_sorted,100,4,10,14359
standard_quicksort,reverse_sorted,100,5,10,14359
standard_quicksort,reverse_sorted,100,6,10,14359
standard_quicksort,reverse_sorted,100,7,9,14359
standard_quicksort,reverse_sorted,100,8,10,14359
standard_quicksort,reverse_sorted,100,9,10,14359
standard_quicksort,reverse_sorted,100,10,10,14359
standard_quicksort,reverse_sorted,200,1,21,28548
standard_quicksort,reverse_sorted,200,2,21,28548
standard_quicksort,reverse_sorted,200,3,20,28548
standard_quicksort,reverse_sorted,200,4,20,28548
standard_quicksort,reverse_sorted,200,5,18,28548
standard_quicksort,reverse_sorted,200,6,20,28548
standard_quicksort,reverse_sorted,200,7,20,28548
standard_quicksort,reverse_sorted,200,8,18,28548
standard_quicksort,reverse_sorted,200,9,20,28548
standard_quicksort,reverse_sorted,200,10,20,28548
standard_quicksort,reverse_sorted,300,1,32,39655
standard_quicksort,reverse_sorted,300,2,37,39655
standard_quicksort,reverse_sorted,300,3,36,39655
standard_quicksort,reverse_sorted,300,4,28,39655
standard_quicksort,reverse_sorted,300,5,27,39655
standard_quicksort,reverse_sorted,300,6,27,39655
standard_quicksort,reverse_sorted,300,7,27,39655
standard_quicksort,reverse_sorted,300,8,28,39655
standard_quicksort,reverse_sorted,300,9,27,39655
standard_quicksort,reverse_sorted,300,10,37,39655
standard_quicksort,reverse_sorted,400,1,46,57538
standard_quicksort,reverse_sorted,400,2,46,57538
standard_quicksort,reverse_sorted,400,3,47,57538
standard_quicksort,reverse_sorted,400,4,41,57538
standard_quicksort,reverse_sorted,400,5,46,57538
standard_quicksort,reverse_sorted,400,6,45,57538
standard_quicksort,reverse_sorted,400,7,46,57538
standard_quicksort,reverse_sorted,400,8,46,57538
standard_quicksort,reverse_sorted,400,9,45,57538
standard_quicksort,reverse_sorted,400,10,45,57538
standard_quicksort,reverse_sorted,500,1,52,58794
standard_quicksort,reverse_sorted,500,2,51,58794
standard_quicksort,reverse_sorted,500,3,49,58794
standard_quicksort,reverse_sorted,500,4,48,58794
standard_quicksort,reverse_sorted,500,5,59,58794
standard_quicksort,reverse_sorted,500,6,43,58794
standard_quicksort,reverse_sorted,500,7,48,58794
standard_quicksort,reverse_sorted,500,8,47,58794
standard_quicksort,reverse_sorted,500,9,47,58794
standard_quicksort,reverse_sorted,500,10,47,58794
standard_quicksort,reverse_sorted,600,1,62,78650
standard_quicksort,reverse_sorted,600,2,61,78650
standard_quicksort,reverse_sorted,600,3,60,78650
standard_quicksort,reverse_sorted,600,4,60,78650
standard_quicksort,reverse_sorted,600,5,73,78650
standard_quicksort,reverse_sorted,600,6,58,78650
standard_quicksort,reverse_sorted,600,7,98,78650
standard_quicksort,reverse_sorted,600,8,62,78650
standard_quicksort,reverse_sorted,600,9,59,78650
standard_quicksort,reverse_sorted,600,10,64,78650
standard_quicksort,reverse_sorted,700,1,89,101847
standard_quicksort,reverse_sorted,700,2,77,101847
standard_quicksort,reverse_sorted,700,3,75,101847
standard_quicksort,reverse_sorted,700,4,75,101847
standard_quicksort,reverse_sorted,700,5,75,101847
standard_quicksort,reverse_sorted,700,6,91,101847
standard_quicksort,reverse_sorted,700,7,83,101847
standard_quicksort,reverse_sorted,700,8,74,101847
standard_quicksort,reverse_sorted,700,9,74,101847
standard_quicksort,reverse_sorted,700,10,75,101847
standard_quicksort,reverse_sorted,800,1,90,116560
standard_quicksort,reverse_sorted,800,2,93,116560
standard_quicksort,reverse_sorted,800,3,87,116560
standard_quicksort,reverse_sorted,800,4,104,116560
standard_quicksort,reverse_sorted,800,5,111,116560
standard_quicksort,reverse_sorted,800,6,105,116560
standard_quicksort,reverse_sorted,800,7,86,116560
standard_quicksort,reverse_sorted,800,8,91,116560
standard_quicksort,reverse_sorted,800,9,121,116560
standard_quicksort,reverse_sorted,800,10,127,116560
standard_quicksort,reverse_sorted,900,1,93,116960
standard_quicksort,reverse_sorted,900,2,90,116960
standard_quicksort,reverse_sorted,900,3,94,116960
standard_quicksort,reverse_sorted,900,4,98,116960
standard_quicksort,reverse_sorted,900,5,89,116960
standard_quicksort,reverse_sorted,900,6,97,116960
standard_quicksort,reverse_sorted,900,7,93,116960
standard_quicksort,reverse_sorted,900,8,92,116960
standard_quicksort,reverse_sorted,900,9,87,116960
standard_quicksort,reverse_sorted,900,10,96,116960
standard_quicksort,reverse_sorted,1000,1,94,117220
standard_quicksort,reverse_sorted,1000,2,91,117220
standard_quicksort,reverse_sorted,1000,3,92,117220
standard_quicksort,reverse_sorted,1000,4,100,117220
standard_quicksort,reverse_sorted,1000,5,90,117220
standard_quicksort,reverse_sorted,1000,6,89,117220
standard_quicksort,reverse_sorted,1000,7,93,117220
standard_quicksort,reverse_sorted,1000,8,89,117220
standard_quicksort,reverse_sorted,1000,9,97,117220
standard_quicksort,reverse_sorted,1000,10,97,117220
standard_quicksort,reverse_sorted,1100,1,129,136636
standard_quicksort,reverse_sorted,1100,2,105,136636
standard_quicksort,reverse_sorted,1100,3,104,136636
standard_quicksort,reverse_sorted,1100,4,172,136636
standard_quicksort,reverse_sorted,1100,5,147,136636
standard_quicksort,reverse_sorted,1100,6,127,136636
standard_quicksort,reverse_sorted,1100,7,113,136636
standard_quicksort,reverse_sorted,1100,8,112,136636
standard_quicksort,reverse_sorted,1100,9,112,136636
standard_quicksort,reverse_sorted,1100,10,117,136636
standard_quicksort,reverse_sorted,1200,1,135,158395
standard_quicksort,reverse_sorted,1200,2,134,158395
standard_quicksort,reverse_sorted,1200,3,122,158395
standard_quicksort,reverse_sorted,1200,4,136,158395
standard_quicksort,reverse_sorted,1200,5,121,158395
standard_quicksort,reverse_sorted,1200,6,123,158395
standard_quicksort,reverse_sorted,1200,7,135,158395
standard_quicksort,reverse_sorted,1200,8,123,158395
standard_quicksort,reverse_sorted,1200,9,119,158395
standard_quicksort,reverse_sorted,1200,10,125,158395
standard_quicksort,reverse_sorted,1300,1,185,180488
standard_quicksort,reverse_sorted,1300,2,148,180488
standard_quicksort,reverse_sorted,1300,3,137,180488
standard_quicksort,reverse_sorted,1300,4,142,180488
standard_quicksort,reverse_sorted,1300,5,146,180488
standard_quicksort,reverse_sorted,1300,6,154,180488
standard_quicksort,reverse_sorted,1300,7,137,180488
standard_quicksort,reverse_sorted,1300,8,137,180488
standard_quicksort,reverse_sorted,1300,9,137,180488
standard_quicksort,reverse_sorted,1300,10,137,180488
standard_quicksort,reverse_sorted,1400,1,170,205827
standard_quicksort,reverse_sorted,1400,2,159,205827
standard_quicksort,reverse_sorted,1400,3,162,205827
standard_quicksort,reverse_sorted,1400,4,163,205827
standard_quicksort,reverse_sorted,1400,5,188,205827
standard_quicksort,reverse_sorted,1400,6,162,205827
standard_quicksort,reverse_sorted,1400,7,154,205827
standard_quicksort,reverse_sorted,1400,8,156,205827
standard_quicksort,reverse_sorted,1400,9,156,205827
standard_quicksort,reverse_sorted,1400,10,165,205827
standard_quicksort,reverse_sorted,1500,1,176,229499
standard_quicksort,reverse_sorted,1500,2,182,229499
standard_quicksort,reverse_sorted,1500,3,200,229499
standard_quicksort,reverse_sorted,1500,4,181,229499
standard_quicksort,reverse_sorted,1500,5,170,229499
standard_quicksort,reverse_sorted,1500,6,184,229499
standard_quicksort,reverse_sorted,1500,7,192,229499
standard_quicksort,reverse_sorted,1500,8,184,229499
standard_quicksort,reverse_sorted,1500,9,176,229499
standard_quicksort,reverse_sorted,1500,10,172,229499
standard_quicksort,reverse_sorted,1600,1,185,231752
standard_quicksort,reverse_sorted,1600,2,189,231752
standard_quicksort,reverse_sorted,1600,3,178,231752
standard_quicksort,reverse_sorted,1600,4,200,231752
standard_quicksort,reverse_sorted,1600,5,185,231752
standard_quicksort,reverse_sorted,1600,6,185,231752
standard_quicksort,reverse_sorted,1600,7,188,231752
standard_quicksort,reverse_sorted,1600,8,195,231752
standard_quicksort,reverse_sorted,1600,9,186,231752
standard_quicksort,reverse_sorted,1600,10,178,231752
standard_quicksort,reverse_sorted,1700,1,207,235032
standard_quicksort,reverse_sorted,1700,2,201,235032
standard_quicksort,reverse_sorted,1700,3,195,235032
standard_quicksort,reverse_sorted,1700,4,203,235032
standard_quicksort,reverse_sorted,1700,5,192,235032
standard_quicksort,reverse_sorted,1700,6,184,235032
standard_quicksort,reverse_sorted,1700,7,184,235032
standard_quicksort,reverse_sorted,1700,8,218,235032
standard_quicksort,reverse_sorted,1700,9,181,235032
standard_quicksort,reverse_sorted,1700,10,189,235032
standard_quicksort,reverse_sorted,1800,1,216,237405
standard_quicksort,reverse_sorted,1800,2,182,237405
standard_quicksort,reverse_sorted,1800,3,192,237405
standard_quicksort,reverse_sorted,1800,4,188,237405
standard_quicksort,reverse_sorted,1800,5,182,237405
standard_quicksort,reverse_sorted,1800,6,182,237405
standard_quicksort,reverse_sorted,1800,7,187,237405
standard_quicksort,reverse_sorted,1800,8,193,237405
standard_quicksort,reverse_sorted,1800,9,192,237405
standard_quicksort,reverse_sorted,1800,10,184,237405
standard_quicksort,reverse_sorted,1900,1,186,233465
standard_quicksort,reverse_sorted,1900,2,185,233465
standard_quicksort,reverse_sorted,1900,3,189,233465
standard_quicksort,reverse_sorted,1900,4,188,233465
standard_quicksort,reverse_sorted,1900,5,203,233465
standard_quicksort,reverse_sorted,1900,6,185,233465
standard_quicksort,reverse_sorted,1900,7,188,233465
standard_quicksort,reverse_sorted,1900,8,184,233465
standard_quicksort,reverse_sorted,1900,9,182,233465
standard_quicksort,reverse_sorted,1900,10,210,233465
standard_quicksort,reverse_sorted,2000,1,197,235833
standard_quicksort,reverse_sorted,2000,2,189,235833
standard_quicksort,reverse_sorted,2000,3,186,235833
standard_quicksort,reverse_sorted,2000,4,186,235833
standard_quicksort,reverse_sorted,2000,5,206,235833
standard_quicksort,reverse_sorted,2000,6,181,235833
standard_quicksort,reverse_sorted,2000,7,181,235833
standard_quicksort,reverse_sorted,2000,8,203,235833
standard_quicksort,reverse_sorted,2000,9,191,235833
standard_quicksort,reverse_sorted,2000,10,181,235833
standard_quicksort,reverse_sorted,2100,1,198,255244
standard_quicksort,reverse_sorted,2100,2,199,255244
standard_quicksort,reverse_sorted,2100,3,203,255244
standard_quicksort,reverse_sorted,2100,4,194,255244
standard_quicksort,reverse_sorted,2100,5,214,255244
standard_quicksort,reverse_sorted,2100,6,203,255244
standard_quicksort,reverse_sorted,2100,7,198,255244
standard_quicksort,reverse_sorted,2100,8,200,255244
standard_quicksort,reverse_sorted,2100,9,200,255244
standard_quicksort,reverse_sorted,2100,10,205,255244
standard_quicksort,reverse_sorted,2200,1,419,273428
standard_quicksort,reverse_sorted,2200,2,214,273428
standard_quicksort,reverse_sorted,2200,3,580,273428
standard_quicksort,reverse_sorted,2200,4,315,273428
standard_quicksort,reverse_sorted,2200,5,252,273428
standard_quicksort,reverse_sorted,2200,6,223,273428
standard_quicksort,reverse_sorted,2200,7,223,273428
standard_quicksort,reverse_sorted,2200,8,217,273428
standard_quicksort,reverse_sorted,2200,9,213,273428
standard_quicksort,reverse_sorted,2200,10,207,273428
standard_quicksort,reverse_sorted,2300,1,236,301549
standard_quicksort,reverse_sorted,2300,2,232,301549
standard_quicksort,reverse_sorted,2300,3,254,301549
standard_quicksort,reverse_sorted,2300,4,235,301549
standard_quicksort,reverse_sorted,2300,5,236,301549
standard_quicksort,reverse_sorted,2300,6,255,301549
standard_quicksort,reverse_sorted,2300,7,235,301549
standard_quicksort,reverse_sorted,2300,8,236,301549
standard_quicksort,reverse_sorted,2300,9,255,301549
standard_quicksort,reverse_sorted,2300,10,227,301549
standard_quicksort,reverse_sorted,2400,1,245,318333
standard_quicksort,reverse_sorted,2400,2,273,318333
standard_quicksort,reverse_sorted,2400,3,242,318333
standard_quicksort,reverse_sorted,2400,4,298,318333
standard_quicksort,reverse_sorted,2400,5,264,318333
standard_quicksort,reverse_sorted,2400,6,242,318333
standard_quicksort,reverse_sorted,2400,7,245,318333
standard_quicksort,reverse_sorted,2400,8,245,318333
standard_quicksort,reverse_sorted,2400,9,255,318333
standard_quicksort,reverse_sorted,2400,10,251,318333
standard_quicksort,reverse_sorted,2500,1,268,345551
standard_quicksort,reverse_sorted,2500,2,295,345551
standard_quicksort,reverse_sorted,2500,3,269,345551
standard_quicksort,reverse_sorted,2500,4,283,345551
standard_quicksort,reverse_sorted,2500,5,262,345551
standard_quicksort,reverse_sorted,2500,6,267,345551
standard_quicksort,reverse_sorted,2500,7,268,345551
standard_quicksort,reverse_sorted,2500,8,263,345551
standard_quicksort,reverse_sorted,2500,9,280,345551
standard_quicksort,reverse_sorted,2500,10,267,345551
standard_quicksort,reverse_sorted,2600,1,305,370014
standard_quicksort,reverse_sorted,2600,2,288,370014
standard_quicksort,reverse_sorted,2600,3,276,370014
standard_quicksort,reverse_sorted,2600,4,577,370014
standard_quicksort,reverse_sorted,2600,5,384,370014
standard_quicksort,reverse_sorted,2600,6,368,370014
standard_quicksort,reverse_sorted,2600,7,457,370014
standard_quicksort,reverse_sorted,2600,8,277,370014
standard_quicksort,reverse_sorted,2600,9,279,370014
standard_quicksort,reverse_sorted,2600,10,290,370014
standard_quicksort,reverse_sorted,2700,1,308,389570
standard_quicksort,reverse_sorted,2700,2,293,389570
standard_quicksort,reverse_sorted,2700,3,302,389570
standard_quicksort,reverse_sorted,2700,4,302,389570
standard_quicksort,reverse_sorted,2700,5,315,389570
standard_quicksort,reverse_sorted,2700,6,302,389570
standard_quicksort,reverse_sorted,2700,7,326,389570
standard_quicksort,reverse_sorted,2700,8,301,389570
standard_quicksort,reverse_sorted,2700,9,296,389570
standard_quicksort,reverse_sorted,2700,10,343,389570
standard_quicksort,reverse_sorted,2800,1,330,409699
standard_quicksort,reverse_sorted,2800,2,317,409699
standard_quicksort,reverse_sorted,2800,3,334,409699
standard_quicksort,reverse_sorted,2800,4,307,409699
standard_quicksort,reverse_sorted,2800,5,322,409699
standard_quicksort,reverse_sorted,2800,6,324,409699
standard_quicksort,reverse_sorted,2800,7,306,409699
standard_quicksort,reverse_sorted,2800,8,333,409699
standard_quicksort,reverse_sorted,2800,9,314,409699
standard_quicksort,reverse_sorted,2800,10,327,409699
standard_quicksort,reverse_sorted,2900,1,330,434594
standard_quicksort,reverse_sorted,2900,2,350,434594
standard_quicksort,reverse_sorted,2900,3,353,434594
standard_quicksort,reverse_sorted,2900,4,352,434594
standard_quicksort,reverse_sorted,2900,5,324,434594
standard_quicksort,reverse_sorted,2900,6,344,434594
standard_quicksort,reverse_sorted,2900,7,328,434594
standard_quicksort,reverse_sorted,2900,8,377,434594
standard_quicksort,reverse_sorted,2900,9,327,434594
standard_quicksort,reverse_sorted,2900,10,336,434594
standard_quicksort,reverse_sorted,3000,1,408,460208
standard_quicksort,reverse_sorted,3000,2,366,460208
standard_quicksort,reverse_sorted,3000,3,350,460208
standard_quicksort,reverse_sorted,3000,4,366,460208
standard_quicksort,reverse_sorted,3000,5,350,460208
standard_quicksort,reverse_sorted,3000,6,368,460208
standard_quicksort,reverse_sorted,3000,7,351,460208
standard_quicksort,reverse_sorted,3000,8,371,460208
standard_quicksort,reverse_sorted,3000,9,351,460208
standard_quicksort,reverse_sorted,3000,10,369,460208
standard_quicksort,nearly_sorted,100,1,11,13986
standard_quicksort,nearly_sorted,100,2,11,13986
standard_quicksort,nearly_sorted,100,3,10,13986
standard_quicksort,nearly_sorted,100,4,10,13986
standard_quicksort,nearly_sorted,100,5,10,13986
standard_quicksort,nearly_sorted,100,6,10,13986
standard_quicksort,nearly_sorted,100,7,9,13986
standard_quicksort,nearly_sorted,100,8,9,13986
standard_quicksort,nearly_sorted,100,9,10,13986
standard_quicksort,nearly_sorted,100,10,9,13986
standard_quicksort,nearly_sorted,200,1,22,28220
standard_quicksort,nearly_sorted,200,2,20,28220
standard_quicksort,nearly_sorted,200,3,21,28220
standard_quicksort,nearly_sorted,200,4,23,28220
standard_quicksort,nearly_sorted,200,5,22,28220
standard_quicksort,nearly_sorted,200,6,21,28220
standard_quicksort,nearly_sorted,200,7,20,28220
standard_quicksort,nearly_sorted,200,8,21,28220
standard_quicksort,nearly_sorted,200,9,20,28220
standard_quicksort,nearly_sorted,200,10,20,28220
standard_quicksort,nearly_sorted,300,1,30,36750
standard_quicksort,nearly_sorted,300,2,28,36750
standard_quicksort,nearly_sorted,300,3,28,36750
standard_quicksort,nearly_sorted,300,4,27,36750
standard_quicksort,nearly_sorted,300,5,27,36750
standard_quicksort,nearly_sorted,300,6,27,36750
standard_quicksort,nearly_sorted,300,7,26,36750
standard_quicksort,nearly_sorted,300,8,26,36750
standard_quicksort,nearly_sorted,300,9,27,36750
standard_quicksort,nearly_sorted,300,10,26,36750
standard_quicksort,nearly_sorted,400,1,49,57369
standard_quicksort,nearly_sorted,400,2,43,57369
standard_quicksort,nearly_sorted,400,3,47,57369
standard_quicksort,nearly_sorted,400,4,46,57369
standard_quicksort,nearly_sorted,400,5,49,57369
standard_quicksort,nearly_sorted,400,6,46,57369
standard_quicksort,nearly_sorted,400,7,45,57369
standard_quicksort,nearly_sorted,400,8,45,57369
standard_quicksort,nearly_sorted,400,9,45,57369
standard_quicksort,nearly_sorted,400,10,40,57369
standard_quicksort,nearly_sorted,500,1,53,60581
standard_quicksort,nearly_sorted,500,2,46,60581
standard_quicksort,nearly_sorted,500,3,46,60581
standard_quicksort,nearly_sorted,500,4,45,60581
standard_quicksort,nearly_sorted,500,5,48,60581
standard_quicksort,nearly_sorted,500,6,48,60581
standard_quicksort,nearly_sorted,500,7,48,60581
standard_quicksort,nearly_sorted,500,8,49,60581
standard_quicksort,nearly_sorted,500,9,42,60581
standard_quicksort,nearly_sorted,500,10,43,60581
standard_quicksort,nearly_sorted,600,1,70,76215
standard_quicksort,nearly_sorted,600,2,66,76215
standard_quicksort,nearly_sorted,600,3,73,76215
standard_quicksort,nearly_sorted,600,4,67,76215
standard_quicksort,nearly_sorted,600,5,61,76215
standard_quicksort,nearly_sorted,600,6,55,76215
standard_quicksort,nearly_sorted,600,7,55,76215
standard_quicksort,nearly_sorted,600,8,55,76215
standard_quicksort,nearly_sorted,600,9,55,76215
standard_quicksort,nearly_sorted,600,10,65,76215
standard_quicksort,nearly_sorted,700,1,79,103372
standard_quicksort,nearly_sorted,700,2,79,103372
standard_quicksort,nearly_sorted,700,3,84,103372
standard_quicksort,nearly_sorted,700,4,87,103372
standard_quicksort,nearly_sorted,700,5,77,103372
standard_quicksort,nearly_sorted,700,6,75,103372
standard_quicksort,nearly_sorted,700,7,74,103372
standard_quicksort,nearly_sorted,700,8,73,103372
standard_quicksort,nearly_sorted,700,9,73,103372
standard_quicksort,nearly_sorted,700,10,73,103372
standard_quicksort,nearly_sorted,800,1,90,118345
standard_quicksort,nearly_sorted,800,2,90,118345
standard_quicksort,nearly_sorted,800,3,87,118345
standard_quicksort,nearly_sorted,800,4,87,118345
standard_quicksort,nearly_sorted,800,5,91,118345
standard_quicksort,nearly_sorted,800,6,96,118345
standard_quicksort,nearly_sorted,800,7,92,118345
standard_quicksort,nearly_sorted,800,8,86,118345
standard_quicksort,nearly_sorted,800,9,94,118345
standard_quicksort,nearly_sorted,800,10,102,118345
standard_quicksort,nearly_sorted,900,1,104,121869
standard_quicksort,nearly_sorted,900,2,103,121869
standard_quicksort,nearly_sorted,900,3,100,121869
standard_quicksort,nearly_sorted,900,4,100,121869
standard_quicksort,nearly_sorted,900,5,96,121869
standard_quicksort,nearly_sorted,900,6,98,121869
standard_quicksort,nearly_sorted,900,7,106,121869
standard_quicksort,nearly_sorted,900,8,99,121869
standard_quicksort,nearly_sorted,900,9,100,121869
standard_quicksort,nearly_sorted,900,10,99,121869
standard_quicksort,nearly_sorted,1000,1,98,123664
standard_quicksort,nearly_sorted,1000,2,96,123664
standard_quicksort,nearly_sorted,1000,3,94,123664
standard_quicksort,nearly_sorted,1000,4,93,123664
standard_quicksort,nearly_sorted,1000,5,93,123664
standard_quicksort,nearly_sorted,1000,6,94,123664
standard_quicksort,nearly_sorted,1000,7,100,123664
standard_quicksort,nearly_sorted,1000,8,97,123664
standard_quicksort,nearly_sorted,1000,9,102,123664
standard_quicksort,nearly_sorted,1000,10,102,123664
standard_quicksort,nearly_sorted,1100,1,122,142866
standard_quicksort,nearly_sorted,1100,2,118,142866
standard_quicksort,nearly_sorted,1100,3,117,142866
standard_quicksort,nearly_sorted,1100,4,117,142866
standard_quicksort,nearly_sorted,1100,5,117,142866
standard_quicksort,nearly_sorted,1100,6,123,142866
standard_quicksort,nearly_sorted,1100,7,109,142866
standard_quicksort,nearly_sorted,1100,8,118,142866
standard_quicksort,nearly_sorted,1100,9,116,142866
standard_quicksort,nearly_sorted,1100,10,116,142866
standard_quicksort,nearly_sorted,1200,1,134,158360
standard_quicksort,nearly_sorted,1200,2,124,158360
standard_quicksort,nearly_sorted,1200,3,123,158360
standard_quicksort,nearly_sorted,1200,4,131,158360
standard_quicksort,nearly_sorted,1200,5,118,158360
standard_quicksort,nearly_sorted,1200,6,119,158360
standard_quicksort,nearly_sorted,1200,7,132,158360
standard_quicksort,nearly_sorted,1200,8,122,158360
standard_quicksort,nearly_sorted,1200,9,122,158360
standard_quicksort,nearly_sorted,1200,10,128,158360
standard_quicksort,nearly_sorted,1300,1,143,182050
standard_quicksort,nearly_sorted,1300,2,155,182050
standard_quicksort,nearly_sorted,1300,3,134,182050
standard_quicksort,nearly_sorted,1300,4,132,182050
standard_quicksort,nearly_sorted,1300,5,132,182050
standard_quicksort,nearly_sorted,1300,6,138,182050
standard_quicksort,nearly_sorted,1300,7,150,182050
standard_quicksort,nearly_sorted,1300,8,141,182050
standard_quicksort,nearly_sorted,1300,9,142,182050
standard_quicksort,nearly_sorted,1300,10,132,182050
standard_quicksort,nearly_sorted,1400,1,169,200489
standard_quicksort,nearly_sorted,1400,2,150,200489
standard_quicksort,nearly_sorted,1400,3,153,200489
standard_quicksort,nearly_sorted,1400,4,156,200489
standard_quicksort,nearly_sorted,1400,5,147,200489
standard_quicksort,nearly_sorted,1400,6,172,200489
standard_quicksort,nearly_sorted,1400,7,156,200489
standard_quicksort,nearly_sorted,1400,8,147,200489
standard_quicksort,nearly_sorted,1400,9,151,200489
standard_quicksort,nearly_sorted,1400,10,159,200489
standard_quicksort,nearly_sorted,1500,1,182,227293
standard_quicksort,nearly_sorted,1500,2,170,227293
standard_quicksort,nearly_sorted,1500,3,168,227293
standard_quicksort,nearly_sorted,1500,4,191,227293
standard_quicksort,nearly_sorted,1500,5,176,227293
standard_quicksort,nearly_sorted,1500,6,172,227293
standard_quicksort,nearly_sorted,1500,7,179,227293
standard_quicksort,nearly_sorted,1500,8,198,227293
standard_quicksort,nearly_sorted,1500,9,188,227293
standard_quicksort,nearly_sorted,1500,10,172,227293
standard_quicksort,nearly_sorted,1600,1,176,232079
standard_quicksort,nearly_sorted,1600,2,182,232079
standard_quicksort,nearly_sorted,1600,3,173,232079
standard_quicksort,nearly_sorted,1600,4,188,232079
standard_quicksort,nearly_sorted,1600,5,178,232079
standard_quicksort,nearly_sorted,1600,6,174,232079
standard_quicksort,nearly_sorted,1600,7,176,232079
standard_quicksort,nearly_sorted,1600,8,181,232079
standard_quicksort,nearly_sorted,1600,9,176,232079
standard_quicksort,nearly_sorted,1600,10,182,232079
standard_quicksort,nearly_sorted,1700,1,181,238734
standard_quicksort,nearly_sorted,1700,2,188,238734
standard_quicksort,nearly_sorted,1700,3,197,238734
standard_quicksort,nearly_sorted,1700,4,187,238734
standard_quicksort,nearly_sorted,1700,5,178,238734
standard_quicksort,nearly_sorted,1700,6,179,238734
standard_quicksort,nearly_sorted,1700,7,193,238734
standard_quicksort,nearly_sorted,1700,8,178,238734
standard_quicksort,nearly_sorted,1700,9,205,238734
standard_quicksort,nearly_sorted,1700,10,198,238734
standard_quicksort,nearly_sorted,1800,1,193,239872
standard_quicksort,nearly_sorted,1800,2,186,239872
standard_quicksort,nearly_sorted,1800,3,179,239872
standard_quicksort,nearly_sorted,1800,4,199,239872
standard_quicksort,nearly_sorted,1800,5,189,239872
standard_quicksort,nearly_sorted,1800,6,188,239872
standard_quicksort,nearly_sorted,1800,7,188,239872
standard_quicksort,nearly_sorted,1800,8,184,239872
standard_quicksort,nearly_sorted,1800,9,187,239872
standard_quicksort,nearly_sorted,1800,10,199,239872
standard_quicksort,nearly_sorted,1900,1,199,242927
standard_quicksort,nearly_sorted,1900,2,189,242927
standard_quicksort,nearly_sorted,1900,3,192,242927
standard_quicksort,nearly_sorted,1900,4,201,242927
standard_quicksort,nearly_sorted,1900,5,199,242927
standard_quicksort,nearly_sorted,1900,6,194,242927
standard_quicksort,nearly_sorted,1900,7,187,242927
standard_quicksort,nearly_sorted,1900,8,182,242927
standard_quicksort,nearly_sorted,1900,9,191,242927
standard_quicksort,nearly_sorted,1900,10,186,242927
standard_quicksort,nearly_sorted,2000,1,210,242058
standard_quicksort,nearly_sorted,2000,2,192,242058
standard_quicksort,nearly_sorted,2000,3,185,242058
standard_quicksort,nearly_sorted,2000,4,194,242058
standard_quicksort,nearly_sorted,2000,5,193,242058
standard_quicksort,nearly_sorted,2000,6,184,242058
standard_quicksort,nearly_sorted,2000,7,188,242058
standard_quicksort,nearly_sorted,2000,8,212,242058
standard_quicksort,nearly_sorted,2000,9,184,242058
standard_quicksort,nearly_sorted,2000,10,186,242058
standard_quicksort,nearly_sorted,2100,1,224,264985
standard_quicksort,nearly_sorted,2100,2,201,264985
standard_quicksort,nearly_sorted,2100,3,200,264985
standard_quicksort,nearly_sorted,2100,4,244,264985
standard_quicksort,nearly_sorted,2100,5,254,264985
standard_quicksort,nearly_sorted,2100,6,201,264985
standard_quicksort,nearly_sorted,2100,7,213,264985
standard_quicksort,nearly_sorted,2100,8,200,264985
standard_quicksort,nearly_sorted,2100,9,201,264985
standard_quicksort,nearly_sorted,2100,10,204,264985
standard_quicksort,nearly_sorted,2200,1,238,282645
standard_quicksort,nearly_sorted,2200,2,216,282645
standard_quicksort,nearly_sorted,2200,3,250,282645
standard_quicksort,nearly_sorted,2200,4,227,282645
standard_quicksort,nearly_sorted,2200,5,235,282645
standard_quicksort,nearly_sorted,2200,6,225,282645
standard_quicksort,nearly_sorted,2200,7,225,282645
standard_quicksort,nearly_sorted,2200,8,233,282645
standard_quicksort,nearly_sorted,2200,9,224,282645
standard_quicksort,nearly_sorted,2200,10,223,282645
standard_quicksort,nearly_sorted,2300,1,264,307197
standard_quicksort,nearly_sorted,2300,2,232,307197
standard_quicksort,nearly_sorted,2300,3,231,307197
standard_quicksort,nearly_sorted,2300,4,251,307197
standard_quicksort,nearly_sorted,2300,5,232,307197
standard_quicksort,nearly_sorted,2300,6,237,307197
standard_quicksort,nearly_sorted,2300,7,245,307197
standard_quicksort,nearly_sorted,2300,8,232,307197
standard_quicksort,nearly_sorted,2300,9,236,307197
standard_quicksort,nearly_sorted,2300,10,239,307197
standard_quicksort,nearly_sorted,2400,1,260,313949
standard_quicksort,nearly_sorted,2400,2,260,313949
standard_quicksort,nearly_sorted,2400,3,239,313949
standard_quicksort,nearly_sorted,2400,4,243,313949
standard_quicksort,nearly_sorted,2400,5,239,313949
standard_quicksort,nearly_sorted,2400,6,243,313949
standard_quicksort,nearly_sorted,2400,7,264,313949
standard_quicksort,nearly_sorted,2400,8,239,313949
standard_quicksort,nearly_sorted,2400,9,244,313949
standard_quicksort,nearly_sorted,2400,10,277,313949
standard_quicksort,nearly_sorted,2500,1,317,346588
standard_quicksort,nearly_sorted,2500,2,395,346588
standard_quicksort,nearly_sorted,2500,3,397,346588
standard_quicksort,nearly_sorted,2500,4,396,346588
standard_quicksort,nearly_sorted,2500,5,406,346588
standard_quicksort,nearly_sorted,2500,6,398,346588
standard_quicksort,nearly_sorted,2500,7,425,346588
standard_quicksort,nearly_sorted,2500,8,410,346588
standard_quicksort,nearly_sorted,2500,9,417,346588
standard_quicksort,nearly_sorted,2500,10,379,346588
standard_quicksort,nearly_sorted,2600,1,293,365384
standard_quicksort,nearly_sorted,2600,2,282,365384
standard_quicksort,nearly_sorted,2600,3,296,365384
standard_quicksort,nearly_sorted,2600,4,369,365384
standard_quicksort,nearly_sorted,2600,5,298,365384
standard_quicksort,nearly_sorted,2600,6,286,365384
standard_quicksort,nearly_sorted,2600,7,320,365384
standard_quicksort,nearly_sorted,2600,8,279,365384
standard_quicksort,nearly_sorted,2600,9,318,365384
standard_quicksort,nearly_sorted,2600,10,280,365384
standard_quicksort,nearly_sorted,2700,1,314,387328
standard_quicksort,nearly_sorted,2700,2,301,387328
standard_quicksort,nearly_sorted,2700,3,290,387328
standard_quicksort,nearly_sorted,2700,4,317,387328
standard_quicksort,nearly_sorted,2700,5,362,387328
standard_quicksort,nearly_sorted,2700,6,302,387328
standard_quicksort,nearly_sorted,2700,7,300,387328
standard_quicksort,nearly_sorted,2700,8,299,387328
standard_quicksort,nearly_sorted,2700,9,295,387328
standard_quicksort,nearly_sorted,2700,10,299,387328
standard_quicksort,nearly_sorted,2800,1,311,407156
standard_quicksort,nearly_sorted,2800,2,331,407156
standard_quicksort,nearly_sorted,2800,3,321,407156
standard_quicksort,nearly_sorted,2800,4,311,407156
standard_quicksort,nearly_sorted,2800,5,324,407156
standard_quicksort,nearly_sorted,2800,6,305,407156
standard_quicksort,nearly_sorted,2800,7,319,407156
standard_quicksort,nearly_sorted,2800,8,332,407156
standard_quicksort,nearly_sorted,2800,9,326,407156
standard_quicksort,nearly_sorted,2800,10,311,407156
standard_quicksort,nearly_sorted,2900,1,355,427821
standard_quicksort,nearly_sorted,2900,2,326,427821
standard_quicksort,nearly_sorted,2900,3,331,427821
standard_quicksort,nearly_sorted,2900,4,320,427821
standard_quicksort,nearly_sorted,2900,5,325,427821
standard_quicksort,nearly_sorted,2900,6,327,427821
standard_quicksort,nearly_sorted,2900,7,325,427821
standard_quicksort,nearly_sorted,2900,8,331,427821
standard_quicksort,nearly_sorted,2900,9,324,427821
standard_quicksort,nearly_sorted,2900,10,336,427821
standard_quicksort,nearly_sorted,3000,1,347,456156
standard_quicksort,nearly_sorted,3000,2,346,456156
standard_quicksort,nearly_sorted,3000,3,339,456156
standard_quicksort,nearly_sorted,3000,4,339,456156
standard_quicksort,nearly_sorted,3000,5,346,456156
standard_quicksort,nearly_sorted,3000,6,356,456156
standard_quicksort,nearly_sorted,3000,7,352,456156
standard_quicksort,nearly_sorted,3000,8,353,456156
standard_quicksort,nearly_sorted,3000,9,349,456156
standard_quicksort,nearly_sorted,3000,10,349,456156
standard_quicksort,common_prefix,100,1,33,54151
standard_quicksort,common_prefix,100,2,37,54151
standard_quicksort,common_prefix,100,3,33,54151
standard_quicksort,common_prefix,100,4,33,54151
standard_quicksort,common_prefix,100,5,37,54151
standard_quicksort,common_prefix,100,6,37,54151
standard_quicksort,common_prefix,100,7,32,54151
standard_quicksort,common_prefix,100,8,36,54151
standard_quicksort,common_prefix,100,9,37,54151
standard_quicksort,common_prefix,100,10,37,54151
standard_quicksort,common_prefix,200,1,102,148083
standard_quicksort,common_prefix,200,2,86,148083
standard_quicksort,common_prefix,200,3,85,148083
standard_quicksort,common_prefix,200,4,85,148083
standard_quicksort,common_prefix,200,5,89,148083
standard_quicksort,common_prefix,200,6,84,148083
standard_quicksort,common_prefix,200,7,90,148083
standard_quicksort,common_prefix,200,8,84,148083
standard_quicksort,common_prefix,200,9,93,148083
standard_quicksort,common_prefix,200,10,84,148083
standard_quicksort,common_prefix,300,1,144,222349
standard_quicksort,common_prefix,300,2,129,222349
standard_quicksort,common_prefix,300,3,135,222349
standard_quicksort,common_prefix,300,4,137,222349
standard_quicksort,common_prefix,300,5,137,222349
standard_quicksort,common_prefix,300,6,137,222349
standard_quicksort,common_prefix,300,7,149,222349
standard_quicksort,common_prefix,300,8,137,222349
standard_quicksort,common_prefix,300,9,137,222349
standard_quicksort,common_prefix,300,10,138,222349
standard_quicksort,common_prefix,400,1,192,319476
standard_quicksort,common_prefix,400,2,184,319476
standard_quicksort,common_prefix,400,3,200,319476
standard_quicksort,common_prefix,400,4,192,319476
standard_quicksort,common_prefix,400,5,191,319476
standard_quicksort,common_prefix,400,6,187,319476
standard_quicksort,common_prefix,400,7,192,319476
standard_quicksort,common_prefix,400,8,199,319476
standard_quicksort,common_prefix,400,9,181,319476
standard_quicksort,common_prefix,400,10,186,319476
standard_quicksort,common_prefix,500,1,245,425529
standard_quicksort,common_prefix,500,2,268,425529
standard_quicksort,common_prefix,500,3,245,425529
standard_quicksort,common_prefix,500,4,249,425529
standard_quicksort,common_prefix,500,5,250,425529
standard_quicksort,common_prefix,500,6,242,425529
standard_quicksort,common_prefix,500,7,242,425529
standard_quicksort,common_prefix,500,8,250,425529
standard_quicksort,common_prefix,500,9,257,425529
standard_quicksort,common_prefix,500,10,250,425529
standard_quicksort,common_prefix,600,1,351,500016
standard_quicksort,common_prefix,600,2,305,500016
standard_quicksort,common_prefix,600,3,290,500016
standard_quicksort,common_prefix,600,4,290,500016
standard_quicksort,common_prefix,600,5,293,500016
standard_quicksort,common_prefix,600,6,286,500016
standard_quicksort,common_prefix,600,7,286,500016
standard_quicksort,common_prefix,600,8,301,500016
standard_quicksort,common_prefix,600,9,295,500016
standard_quicksort,common_prefix,600,10,284,500016
standard_quicksort,common_prefix,700,1,682,573849
standard_quicksort,common_prefix,700,2,339,573849
standard_quicksort,common_prefix,700,3,359,573849
standard_quicksort,common_prefix,700,4,350,573849
standard_quicksort,common_prefix,700,5,344,573849
standard_quicksort,common_prefix,700,6,327,573849
standard_quicksort,common_prefix,700,7,333,573849
standard_quicksort,common_prefix,700,8,355,573849
standard_quicksort,common_prefix,700,9,328,573849
standard_quicksort,common_prefix,700,10,328,573849
standard_quicksort,common_prefix,800,1,419,686671
standard_quicksort,common_prefix,800,2,397,686671
standard_quicksort,common_prefix,800,3,402,686671
standard_quicksort,common_prefix,800,4,389,686671
standard_quicksort,common_prefix,800,5,415,686671
standard_quicksort,common_prefix,800,6,389,686671
standard_quicksort,common_prefix,800,7,406,686671
standard_quicksort,common_prefix,800,8,394,686671
standard_quicksort,common_prefix,800,9,398,686671
standard_quicksort,common_prefix,800,10,422,686671
standard_quicksort,common_prefix,900,1,493,873746
standard_quicksort,common_prefix,900,2,504,873746
standard_quicksort,common_prefix,900,3,501,873746
standard_quicksort,common_prefix,900,4,486,873746
standard_quicksort,common_prefix,900,5,501,873746
standard_quicksort,common_prefix,900,6,496,873746
standard_quicksort,common_prefix,900,7,496,873746
standard_quicksort,common_prefix,900,8,487,873746
standard_quicksort,common_prefix,900,9,497,873746
standard_quicksort,common_prefix,900,10,486,873746
standard_quicksort,common_prefix,1000,1,530,891542
standard_quicksort,common_prefix,1000,2,516,891542
standard_quicksort,common_prefix,1000,3,611,891542
standard_quicksort,common_prefix,1000,4,643,891542
standard_quicksort,common_prefix,1000,5,962,891542
standard_quicksort,common_prefix,1000,6,536,891542
standard_quicksort,common_prefix,1000,7,511,891542
standard_quicksort,common_prefix,1000,8,535,891542
standard_quicksort,common_prefix,1000,9,515,891542
standard_quicksort,common_prefix,1000,10,522,891542
standard_quicksort,common_prefix,1100,1,604,1003060
standard_quicksort,common_prefix,1100,2,643,1003060
standard_quicksort,common_prefix,1100,3,644,1003060
standard_quicksort,common_prefix,1100,4,579,1003060
standard_quicksort,common_prefix,1100,5,585,1003060
standard_quicksort,common_prefix,1100,6,581,1003060
standard_quicksort,common_prefix,1100,7,586,1003060
standard_quicksort,common_prefix,1100,8,568,1003060
standard_quicksort,common_prefix,1100,9,587,1003060
standard_quicksort,common_prefix,1100,10,580,1003060
standard_quicksort,common_prefix,1200,1,617,1070137
standard_quicksort,common_prefix,1200,2,634,1070137
standard_quicksort,common_prefix,1200,3,632,1070137
standard_quicksort,common_prefix,1200,4,628,1070137
standard_quicksort,common_prefix,1200,5,664,1070137
standard_quicksort,common_prefix,1200,6,628,1070137
standard_quicksort,common_prefix,1200,7,632,1070137
standard_quicksort,common_prefix,1200,8,618,1070137
standard_quicksort,common_prefix,1200,9,619,1070137
standard_quicksort,common_prefix,1200,10,618,1070137
standard_quicksort,common_prefix,1300,1,704,1236227
standard_quicksort,common_prefix,1300,2,714,1236227
standard_quicksort,common_prefix,1300,3,713,1236227
standard_quicksort,common_prefix,1300,4,702,1236227
standard_quicksort,common_prefix,1300,5,704,1236227
standard_quicksort,common_prefix,1300,6,732,1236227
standard_quicksort,common_prefix,1300,7,728,1236227
standard_quicksort,common_prefix,1300,8,718,1236227
standard_quicksort,common_prefix,1300,9,752,1236227
standard_quicksort,common_prefix,1300,10,768,1236227
standard_quicksort,common_prefix,1400,1,803,1357328
standard_quicksort,common_prefix,1400,2,777,1357328
standard_quicksort,common_prefix,1400,3,783,1357328
standard_quicksort,common_prefix,1400,4,775,1357328
standard_quicksort,common_prefix,1400,5,831,1357328
standard_quicksort,common_prefix,1400,6,838,1357328
standard_quicksort,common_prefix,1400,7,777,1357328
standard_quicksort,common_prefix,1400,8,791,1357328
standard_quicksort,common_prefix,1400,9,768,1357328
standard_quicksort,common_prefix,1400,10,783,1357328
standard_quicksort,common_prefix,1500,1,833,1439109
standard_quicksort,common_prefix,1500,2,826,1439109
standard_quicksort,common_prefix,1500,3,842,1439109
standard_quicksort,common_prefix,1500,4,825,1439109
standard_quicksort,common_prefix,1500,5,833,1439109
standard_quicksort,common_prefix,1500,6,821,1439109
standard_quicksort,common_prefix,1500,7,826,1439109
standard_quicksort,common_prefix,1500,8,819,1439109
standard_quicksort,common_prefix,1500,9,816,1439109
standard_quicksort,common_prefix,1500,10,820,1439109
standard_quicksort,common_prefix,1600,1,888,1516530
standard_quicksort,common_prefix,1600,2,880,1516530
standard_quicksort,common_prefix,1600,3,876,1516530
standard_quicksort,common_prefix,1600,4,878,1516530
standard_quicksort,common_prefix,1600,5,884,1516530
standard_quicksort,common_prefix,1600,6,886,1516530
standard_quicksort,common_prefix,1600,7,865,1516530
standard_quicksort,common_prefix,1600,8,882,1516530
standard_quicksort,common_prefix,1600,9,876,1516530
standard_quicksort,common_prefix,1600,10,885,1516530
standard_quicksort,common_prefix,1700,1,1025,1799121
standard_quicksort,common_prefix,1700,2,1016,1799121
standard_quicksort,common_prefix,1700,3,1019,1799121
standard_quicksort,common_prefix,1700,4,1029,1799121
standard_quicksort,common_prefix,1700,5,1086,1799121
standard_quicksort,common_prefix,1700,6,1080,1799121
standard_quicksort,common_prefix,1700,7,1054,1799121
standard_quicksort,common_prefix,1700,8,1025,1799121
standard_quicksort,common_prefix,1700,9,1029,1799121
standard_quicksort,common_prefix,1700,10,1227,1799121
standard_quicksort,common_prefix,1800,1,1023,1679582
standard_quicksort,common_prefix,1800,2,1012,1679582
standard_quicksort,common_prefix,1800,3,973,1679582
standard_quicksort,common_prefix,1800,4,993,1679582
standard_quicksort,common_prefix,1800,5,1000,1679582
standard_quicksort,common_prefix,1800,6,961,1679582
standard_quicksort,common_prefix,1800,7,964,1679582
standard_quicksort,common_prefix,1800,8,970,1679582
standard_quicksort,common_prefix,1800,9,981,1679582
standard_quicksort,common_prefix,1800,10,984,1679582
standard_quicksort,common_prefix,1900,1,1092,1863785
standard_quicksort,common_prefix,1900,2,1074,1863785
standard_quicksort,common_prefix,1900,3,1069,1863785
standard_quicksort,common_prefix,1900,4,1078,1863785
standard_quicksort,common_prefix,1900,5,1073,1863785
standard_quicksort,common_prefix,1900,6,1072,1863785
standard_quicksort,common_prefix,1900,7,1061,1863785
standard_quicksort,common_prefix,1900,8,1068,1863785
standard_quicksort,common_prefix,1900,9,1070,1863785
standard_quicksort,common_prefix,1900,10,1070,1863785
standard_quicksort,common_prefix,2000,1,1104,1908146
standard_quicksort,common_prefix,2000,2,1102,1908146
standard_quicksort,common_prefix,2000,3,1095,1908146
standard_quicksort,common_prefix,2000,4,1230,1908146
standard_quicksort,common_prefix,2000,5,1105,1908146
standard_quicksort,common_prefix,2000,6,1104,1908146
standard_quicksort,common_prefix,2000,7,1102,1908146
standard_quicksort,common_prefix,2000,8,1244,1908146
standard_quicksort,common_prefix,2000,9,1222,1908146
standard_quicksort,common_prefix,2000,10,2000,1908146
standard_quicksort,common_prefix,2100,1,1341,2381853
standard_quicksort,common_prefix,2100,2,1313,2381853
standard_quicksort,common_prefix,2100,3,1327,2381853
standard_quicksort,common_prefix,2100,4,1346,2381853
standard_quicksort,common_prefix,2100,5,1321,2381853
standard_quicksort,common_prefix,2100,6,1340,2381853
standard_quicksort,common_prefix,2100,7,1327,2381853
standard_quicksort,common_prefix,2100,8,1329,2381853
standard_quicksort,common_prefix,2100,9,1336,2381853
standard_quicksort,common_prefix,2100,10,1342,2381853
standard_quicksort,common_prefix,2200,1,1294,2295630
standard_quicksort,common_prefix,2200,2,1314,2295630
standard_quicksort,common_prefix,2200,3,1326,2295630
standard_quicksort,common_prefix,2200,4,1329,2295630
standard_quicksort,common_prefix,2200,5,1332,2295630
standard_quicksort,common_prefix,2200,6,1303,2295630
standard_quicksort,common_prefix,2200,7,1308,2295630
standard_quicksort,common_prefix,2200,8,1298,2295630
standard_quicksort,common_prefix,2200,9,1311,2295630
standard_quicksort,common_prefix,2200,10,1327,2295630
standard_quicksort,common_prefix,2300,1,1341,2344385
standard_quicksort,common_prefix,2300,2,1352,2344385
standard_quicksort,common_prefix,2300,3,1340,2344385
standard_quicksort,common_prefix,2300,4,1361,2344385
standard_quicksort,common_prefix,2300,5,1336,2344385
standard_quicksort,common_prefix,2300,6,1352,2344385
standard_quicksort,common_prefix,2300,7,1329,2344385
standard_quicksort,common_prefix,2300,8,1349,2344385
standard_quicksort,common_prefix,2300,9,1348,2344385
standard_quicksort,common_prefix,2300,10,1347,2344385
standard_quicksort,common_prefix,2400,1,1364,2350624
standard_quicksort,common_prefix,2400,2,1373,2350624
standard_quicksort,common_prefix,2400,3,1346,2350624
standard_quicksort,common_prefix,2400,4,1389,2350624
standard_quicksort,common_prefix,2400,5,1352,2350624
standard_quicksort,common_prefix,2400,6,1365,2350624
standard_quicksort,common_prefix,2400,7,1344,2350624
standard_quicksort,common_prefix,2400,8,1358,2350624
standard_quicksort,common_prefix,2400,9,1357,2350624
standard_quicksort,common_prefix,2400,10,1347,2350624
standard_quicksort,common_prefix,2500,1,1525,2704740
standard_quicksort,common_prefix,2500,2,1524,2704740
standard_quicksort,common_prefix,2500,3,1526,2704740
standard_quicksort,common_prefix,2500,4,1538,2704740
standard_quicksort,common_prefix,2500,5,1557,2704740
standard_quicksort,common_prefix,2500,6,1536,2704740
standard_quicksort,common_prefix,2500,7,1541,2704740
standard_quicksort,common_prefix,2500,8,1531,2704740
standard_quicksort,common_prefix,2500,9,1550,2704740
standard_quicksort,common_prefix,2500,10,1536,2704740
standard_quicksort,common_prefix,2600,1,1491,2576714
standard_quicksort,common_prefix,2600,2,1501,2576714
standard_quicksort,common_prefix,2600,3,1478,2576714
standard_quicksort,common_prefix,2600,4,1493,2576714
standard_quicksort,common_prefix,2600,5,1480,2576714
standard_quicksort,common_prefix,2600,6,1468,2576714
standard_quicksort,common_prefix,2600,7,1473,2576714
standard_quicksort,common_prefix,2600,8,1488,2576714
standard_quicksort,common_prefix,2600,9,1480,2576714
standard_quicksort,common_prefix,2600,10,1475,2576714
standard_quicksort,common_prefix,2700,1,1593,2796432
standard_quicksort,common_prefix,2700,2,1581,2796432
standard_quicksort,common_prefix,2700,3,1586,2796432
standard_quicksort,common_prefix,2700,4,1589,2796432
standard_quicksort,common_prefix,2700,5,1579,2796432
standard_quicksort,common_prefix,2700,6,1615,2796432
standard_quicksort,common_prefix,2700,7,1605,2796432
standard_quicksort,common_prefix,2700,8,1577,2796432
standard_quicksort,common_prefix,2700,9,1575,2796432
standard_quicksort,common_prefix,2700,10,1595,2796432
standard_quicksort,common_prefix,2800,1,1598,2784894
standard_quicksort,common_prefix,2800,2,1602,2784894
standard_quicksort,common_prefix,2800,3,1573,2784894
standard_quicksort,common_prefix,2800,4,1574,2784894
standard_quicksort,common_prefix,2800,5,1601,2784894
standard_quicksort,common_prefix,2800,6,1595,2784894
standard_quicksort,common_prefix,2800,7,1580,2784894
standard_quicksort,common_prefix,2800,8,1593,2784894
standard_quicksort,common_prefix,2800,9,1595,2784894
standard_quicksort,common_prefix,2800,10,1582,2784894
standard_quicksort,common_prefix,2900,1,1818,3162080
standard_quicksort,common_prefix,2900,2,1778,3162080
standard_quicksort,common_prefix,2900,3,1791,3162080
standard_quicksort,common_prefix,2900,4,1773,3162080
standard_quicksort,common_prefix,2900,5,1769,3162080
standard_quicksort,common_prefix,2900,6,1761,3162080
standard_quicksort,common_prefix,2900,7,1765,3162080
standard_quicksort,common_prefix,2900,8,1792,3162080
standard_quicksort,common_prefix,2900,9,1789,3162080
standard_quicksort,common_prefix,2900,10,1783,3162080
standard_quicksort,common_prefix,3000,1,1718,3005142
standard_quicksort,common_prefix,3000,2,1753,3005142
standard_quicksort,common_prefix,3000,3,1737,3005142
standard_quicksort,common_prefix,3000,4,1722,3005142
standard_quicksort,common_prefix,3000,5,1732,3005142
standard_quicksort,common_prefix,3000,6,1720,3005142
standard_quicksort,common_prefix,3000,7,1733,3005142
standard_quicksort,common_prefix,3000,8,1728,3005142
standard_quicksort,common_prefix,3000,9,1766,3005142
standard_quicksort,common_prefix,3000,10,1742,3005142
standard_mergesort,random,100,1,30,597
standard_mergesort,random,100,2,22,597
standard_mergesort,random,100,3,16,597
standard_mergesort,random,100,4,16,597
standard_mergesort,random,100,5,15,597
standard_mergesort,random,100,6,14,597
standard_mergesort,random,100,7,15,597
standard_mergesort,random,100,8,16,597
standard_mergesort,random,100,9,15,597
standard_mergesort,random,100,10,14,597
standard_mergesort,random,200,1,52,1482
standard_mergesort,random,200,2,47,1482
standard_mergesort,random,200,3,42,1482
standard_mergesort,random,200,4,37,1482
standard_mergesort,random,200,5,41,1482
standard_mergesort,random,200,6,37,1482
standard_mergesort,random,200,7,41,1482
standard_mergesort,random,200,8,40,1482
standard_mergesort,random,200,9,39,1482
standard_mergesort,random,200,10,36,1482
standard_mergesort,random,300,1,103,2508
standard_mergesort,random,300,2,87,2508
standard_mergesort,random,300,3,83,2508
standard_mergesort,random,300,4,78,2508
standard_mergesort,random,300,5,73,2508
standard_mergesort,random,300,6,72,2508
standard_mergesort,random,300,7,71,2508
standard_mergesort,random,300,8,64,2508
standard_mergesort,random,300,9,64,2508
standard_mergesort,random,300,10,67,2508
standard_mergesort,random,400,1,138,3678
standard_mergesort,random,400,2,129,3678
standard_mergesort,random,400,3,134,3678
standard_mergesort,random,400,4,111,3678
standard_mergesort,random,400,5,116,3678
standard_mergesort,random,400,6,109,3678
standard_mergesort,random,400,7,119,3678
standard_mergesort,random,400,8,103,3678
standard_mergesort,random,400,9,97,3678
standard_mergesort,random,400,10,108,3678
standard_mergesort,random,500,1,192,4864
standard_mergesort,random,500,2,178,4864
standard_mergesort,random,500,3,168,4864
standard_mergesort,random,500,4,153,4864
standard_mergesort,random,500,5,155,4864
standard_mergesort,random,500,6,142,4864
standard_mergesort,random,500,7,144,4864
standard_mergesort,random,500,8,150,4864
standard_mergesort,random,500,9,143,4864
standard_mergesort,random,500,10,141,4864
standard_mergesort,random,600,1,218,6100
standard_mergesort,random,600,2,210,6100
standard_mergesort,random,600,3,216,6100
standard_mergesort,random,600,4,220,6100
standard_mergesort,random,600,5,203,6100
standard_mergesort,random,600,6,206,6100
standard_mergesort,random,600,7,197,6100
standard_mergesort,random,600,8,187,6100
standard_mergesort,random,600,9,206,6100
standard_mergesort,random,600,10,181,6100
standard_mergesort,random,700,1,261,7443
standard_mergesort,random,700,2,276,7443
standard_mergesort,random,700,3,264,7443
standard_mergesort,random,700,4,252,7443
standard_mergesort,random,700,5,251,7443
standard_mergesort,random,700,6,250,7443
standard_mergesort,random,700,7,242,7443
standard_mergesort,random,700,8,246,7443
standard_mergesort,random,700,9,264,7443
standard_mergesort,random,700,10,237,7443
standard_mergesort,random,800,1,301,8798
standard_mergesort,random,800,2,317,8798
standard_mergesort,random,800,3,292,8798
standard_mergesort,random,800,4,288,8798
standard_mergesort,random,800,5,303,8798
standard_mergesort,random,800,6,283,8798
standard_mergesort,random,800,7,283,8798
standard_mergesort,random,800,8,295,8798
standard_mergesort,random,800,9,280,8798
standard_mergesort,random,800,10,281,8798
standard_mergesort,random,900,1,347,10181
standard_mergesort,random,900,2,341,10181
standard_mergesort,random,900,3,346,10181
standard_mergesort,random,900,4,332,10181
standard_mergesort,random,900,5,337,10181
standard_mergesort,random,900,6,337,10181
standard_mergesort,random,900,7,322,10181
standard_mergesort,random,900,8,337,10181
standard_mergesort,random,900,9,322,10181
standard_mergesort,random,900,10,327,10181
standard_mergesort,random,1000,1,400,11602
standard_mergesort,random,1000,2,396,11602
standard_mergesort,random,1000,3,413,11602
standard_mergesort,random,1000,4,378,11602
standard_mergesort,random,1000,5,391,11602
standard_mergesort,random,1000,6,368,11602
standard_mergesort,random,1000,7,404,11602
standard_mergesort,random,1000,8,376,11602
standard_mergesort,random,1000,9,366,11602
standard_mergesort,random,1000,10,366,11602
standard_mergesort,random,1100,1,410,13005
standard_mergesort,random,1100,2,417,13005
standard_mergesort,random,1100,3,408,13005
standard_mergesort,random,1100,4,426,13005
standard_mergesort,random,1100,5,410,13005
standard_mergesort,random,1100,6,425,13005
standard_mergesort,random,1100,7,419,13005
standard_mergesort,random,1100,8,426,13005
standard_mergesort,random,1100,9,407,13005
standard_mergesort,random,1100,10,417,13005
standard_mergesort,random,1200,1,477,14547
standard_mergesort,random,1200,2,493,14547
standard_mergesort,random,1200,3,487,14547
standard_mergesort,random,1200,4,444,14547
standard_mergesort,random,1200,5,497,14547
standard_mergesort,random,1200,6,454,14547
standard_mergesort,random,1200,7,471,14547
standard_mergesort,random,1200,8,460,14547
standard_mergesort,random,1200,9,480,14547
standard_mergesort,random,1200,10,459,14547
standard_mergesort,random,1300,1,562,16032
standard_mergesort,random,1300,2,554,16032
standard_mergesort,random,1300,3,505,16032
standard_mergesort,random,1300,4,520,16032
standard_mergesort,random,1300,5,520,16032
standard_mergesort,random,1300,6,506,16032
standard_mergesort,random,1300,7,521,16032
standard_mergesort,random,1300,8,529,16032
standard_mergesort,random,1300,9,499,16032
standard_mergesort,random,1300,10,520,16032
standard_mergesort,random,1400,1,611,17618
standard_mergesort,random,1400,2,569,17618
standard_mergesort,random,1400,3,556,17618
standard_mergesort,random,1400,4,553,17618
standard_mergesort,random,1400,5,563,17618
standard_mergesort,random,1400,6,569,17618
standard_mergesort,random,1400,7,542,17618
standard_mergesort,random,1400,8,567,17618
standard_mergesort,random,1400,9,561,17618
standard_mergesort,random,1400,10,548,17618
standard_mergesort,random,1500,1,669,19189
standard_mergesort,random,1500,2,634,19189
standard_mergesort,random,1500,3,618,19189
standard_mergesort,random,1500,4,591,19189
standard_mergesort,random,1500,5,606,19189
standard_mergesort,random,1500,6,577,19189
standard_mergesort,random,1500,7,572,19189
standard_mergesort,random,1500,8,587,19189
standard_mergesort,random,1500,9,590,19189
standard_mergesort,random,1500,10,574,19189
standard_mergesort,random,1600,1,670,20743
standard_mergesort,random,1600,2,680,20743
standard_mergesort,random,1600,3,666,20743
standard_mergesort,random,1600,4,620,20743
standard_mergesort,random,1600,5,662,20743
standard_mergesort,random,1600,6,645,20743
standard_mergesort,random,1600,7,636,20743
standard_mergesort,random,1600,8,651,20743
standard_mergesort,random,1600,9,667,20743
standard_mergesort,random,1600,10,643,20743
standard_mergesort,random,1700,1,738,22329
standard_mergesort,random,1700,2,711,22329
standard_mergesort,random,1700,3,661,22329
standard_mergesort,random,1700,4,696,22329
standard_mergesort,random,1700,5,677,22329
standard_mergesort,random,1700,6,685,22329
standard_mergesort,random,1700,7,664,22329
standard_mergesort,random,1700,8,674,22329
standard_mergesort,random,1700,9,686,22329
standard_mergesort,random,1700,10,682,22329
standard_mergesort,random,1800,1,765,23908
standard_mergesort,random,1800,2,761,23908
standard_mergesort,random,1800,3,733,23908
standard_mergesort,random,1800,4,719,23908
standard_mergesort,random,1800,5,734,23908
standard_mergesort,random,1800,6,758,23908
standard_mergesort,random,1800,7,751,23908
standard_mergesort,random,1800,8,734,23908
standard_mergesort,random,1800,9,762,23908
standard_mergesort,random,1800,10,705,23908
standard_mergesort,random,1900,1,772,25560
standard_mergesort,random,1900,2,796,25560
standard_mergesort,random,1900,3,764,25560
standard_mergesort,random,1900,4,800,25560
standard_mergesort,random,1900,5,772,25560
standard_mergesort,random,1900,6,774,25560
standard_mergesort,random,1900,7,790,25560
standard_mergesort,random,1900,8,795,25560
standard_mergesort,random,1900,9,803,25560
standard_mergesort,random,1900,10,800,25560
standard_mergesort,random,2000,1,850,27157
standard_mergesort,random,2000,2,839,27157
standard_mergesort,random,2000,3,847,27157
standard_mergesort,random,2000,4,857,27157
standard_mergesort,random,2000,5,829,27157
standard_mergesort,random,2000,6,800,27157
standard_mergesort,random,2000,7,888,27157
standard_mergesort,random,2000,8,834,27157
standard_mergesort,random,2000,9,809,27157
standard_mergesort,random,2000,10,853,27157
standard_mergesort,random,2100,1,934,28843
standard_mergesort,random,2100,2,962,28843
standard_mergesort,random,2100,3,965,28843
standard_mergesort,random,2100,4,904,28843
standard_mergesort,random,2100,5,971,28843
standard_mergesort,random,2100,6,916,28843
standard_mergesort,random,2100,7,904,28843
standard_mergesort,random,2100,8,895,28843
standard_mergesort,random,2100,9,928,28843
standard_mergesort,random,2100,10,894,28843
standard_mergesort,random,2200,1,956,30475
standard_mergesort,random,2200,2,973,30475
standard_mergesort,random,2200,3,952,30475
standard_mergesort,random,2200,4,916,30475
standard_mergesort,random,2200,5,966,30475
standard_mergesort,random,2200,6,939,30475
standard_mergesort,random,2200,7,961,30475
standard_mergesort,random,2200,8,958,30475
standard_mergesort,random,2200,9,946,30475
standard_mergesort,random,2200,10,968,30475
standard_mergesort,random,2300,1,1011,32199
standard_mergesort,random,2300,2,994,32199
standard_mergesort,random,2300,3,978,32199
standard_mergesort,random,2300,4,999,32199
standard_mergesort,random,2300,5,1047,32199
standard_mergesort,random,2300,6,973,32199
standard_mergesort,random,2300,7,1016,32199
standard_mergesort,random,2300,8,1059,32199
standard_mergesort,random,2300,9,965,32199
standard_mergesort,random,2300,10,954,32199
standard_mergesort,random,2400,1,1117,33892
standard_mergesort,random,2400,2,1086,33892
standard_mergesort,random,2400,3,1063,33892
standard_mergesort,random,2400,4,1098,33892
standard_mergesort,random,2400,5,1042,33892
standard_mergesort,random,2400,6,1041,33892
standard_mergesort,random,2400,7,1029,33892
standard_mergesort,random,2400,8,1091,33892
standard_mergesort,random,2400,9,1023,33892
standard_mergesort,random,2400,10,1044,33892
standard_mergesort,random,2500,1,1101,35632
standard_mergesort,random,2500,2,1129,35632
standard_mergesort,random,2500,3,1187,35632
standard_mergesort,random,2500,4,1107,35632
standard_mergesort,random,2500,5,1101,35632
standard_mergesort,random,2500,6,1086,35632
standard_mergesort,random,2500,7,1088,35632
standard_mergesort,random,2500,8,1194,35632
standard_mergesort,random,2500,9,1078,35632
standard_mergesort,random,2500,10,1111,35632
standard_mergesort,random,2600,1,1170,37354
standard_mergesort,random,2600,2,1119,37354
standard_mergesort,random,2600,3,1118,37354
standard_mergesort,random,2600,4,1111,37354
standard_mergesort,random,2600,5,1111,37354
standard_mergesort,random,2600,6,1233,37354
standard_mergesort,random,2600,7,1105,37354
standard_mergesort,random,2600,8,1144,37354
standard_mergesort,random,2600,9,1121,37354
standard_mergesort,random,2600,10,1138,37354
standard_mergesort,random,2700,1,1180,39070
standard_mergesort,random,2700,2,1186,39070
standard_mergesort,random,2700,3,1150,39070
standard_mergesort,random,2700,4,1192,39070
standard_mergesort,random,2700,5,1146,39070
standard_mergesort,random,2700,6,1162,39070
standard_mergesort,random,2700,7,1219,39070
standard_mergesort,random,2700,8,1169,39070
standard_mergesort,random,2700,9,1165,39070
standard_mergesort,random,2700,10,1167,39070
standard_mergesort,random,2800,1,1257,40903
standard_mergesort,random,2800,2,1201,40903
standard_mergesort,random,2800,3,1239,40903
standard_mergesort,random,2800,4,1212,40903
standard_mergesort,random,2800,5,1272,40903
standard_mergesort,random,2800,6,1252,40903
standard_mergesort,random,2800,7,1228,40903
standard_mergesort,random,2800,8,1203,40903
standard_mergesort,random,2800,9,1250,40903
standard_mergesort,random,2800,10,1277,40903
standard_mergesort,random,2900,1,1260,42598
standard_mergesort,random,2900,2,1278,42598
standard_mergesort,random,2900,3,1301,42598
standard_mergesort,random,2900,4,1321,42598
standard_mergesort,random,2900,5,1335,42598
standard_mergesort,random,2900,6,1292,42598
standard_mergesort,random,2900,7,1314,42598
standard_mergesort,random,2900,8,1386,42598
standard_mergesort,random,2900,9,1321,42598
standard_mergesort,random,2900,10,1357,42598
standard_mergesort,random,3000,1,1401,44411
standard_mergesort,random,3000,2,1403,44411
standard_mergesort,random,3000,3,1342,44411
standard_mergesort,random,3000,4,1321,44411
standard_mergesort,random,3000,5,1352,44411
standard_mergesort,random,3000,6,1351,44411
standard_mergesort,random,3000,7,1370,44411
standard_mergesort,random,3000,8,1340,44411
standard_mergesort,random,3000,9,1361,44411
standard_mergesort,random,3000,10,1307,44411
standard_mergesort,reverse_sorted,100,1,23,686
standard_mergesort,reverse_sorted,100,2,18,686
standard_mergesort,reverse_sorted,100,3,15,686
standard_mergesort,reverse_sorted,100,4,14,686
standard_mergesort,reverse_sorted,100,5,15,686
standard_mergesort,reverse_sorted,100,6,15,686
standard_mergesort,reverse_sorted,100,7,14,686
standard_mergesort,reverse_sorted,100,8,14,686
standard_mergesort,reverse_sorted,100,9,13,686
standard_mergesort,reverse_sorted,100,10,14,686
standard_mergesort,reverse_sorted,200,1,54,1481
standard_mergesort,reverse_sorted,200,2,49,1481
standard_mergesort,reverse_sorted,200,3,46,1481
standard_mergesort,reverse_sorted,200,4,46,1481
standard_mergesort,reverse_sorted,200,5,43,1481
standard_mergesort,reverse_sorted,200,6,42,1481
standard_mergesort,reverse_sorted,200,7,41,1481
standard_mergesort,reverse_sorted,200,8,42,1481
standard_mergesort,reverse_sorted,200,9,42,1481
standard_mergesort,reverse_sorted,200,10,42,1481
standard_mergesort,reverse_sorted,300,1,89,2325
standard_mergesort,reverse_sorted,300,2,79,2325
standard_mergesort,reverse_sorted,300,3,81,2325
standard_mergesort,reverse_sorted,300,4,70,2325
standard_mergesort,reverse_sorted,300,5,80,2325
standard_mergesort,reverse_sorted,300,6,78,2325
standard_mergesort,reverse_sorted,300,7,70,2325
standard_mergesort,reverse_sorted,300,8,70,2325
standard_mergesort,reverse_sorted,300,9,62,2325
standard_mergesort,reverse_sorted,300,10,61,2325
standard_mergesort,reverse_sorted,400,1,116,3145
standard_mergesort,reverse_sorted,400,2,106,3145
standard_mergesort,reverse_sorted,400,3,116,3145
standard_mergesort,reverse_sorted,400,4,94,3145
standard_mergesort,reverse_sorted,400,5,93,3145
standard_mergesort,reverse_sorted,400,6,92,3145
standard_mergesort,reverse_sorted,400,7,89,3145
standard_mergesort,reverse_sorted,400,8,89,3145
standard_mergesort,reverse_sorted,400,9,89,3145
standard_mergesort,reverse_sorted,400,10,87,3145
standard_mergesort,reverse_sorted,500,1,163,3869
standard_mergesort,reverse_sorted,500,2,148,3869
standard_mergesort,reverse_sorted,500,3,137,3869
standard_mergesort,reverse_sorted,500,4,136,3869
standard_mergesort,reverse_sorted,500,5,123,3869
standard_mergesort,reverse_sorted,500,6,121,3869
standard_mergesort,reverse_sorted,500,7,132,3869
standard_mergesort,reverse_sorted,500,8,122,3869
standard_mergesort,reverse_sorted,500,9,118,3869
standard_mergesort,reverse_sorted,500,10,122,3869
standard_mergesort,reverse_sorted,600,1,168,4965
standard_mergesort,reverse_sorted,600,2,176,4965
standard_mergesort,reverse_sorted,600,3,160,4965
standard_mergesort,reverse_sorted,600,4,159,4965
standard_mergesort,reverse_sorted,600,5,151,4965
standard_mergesort,reverse_sorted,600,6,151,4965
standard_mergesort,reverse_sorted,600,7,148,4965
standard_mergesort,reverse_sorted,600,8,146,4965
standard_mergesort,reverse_sorted,600,9,154,4965
standard_mergesort,reverse_sorted,600,10,166,4965
standard_mergesort,reverse_sorted,700,1,213,5864
standard_mergesort,reverse_sorted,700,2,229,5864
standard_mergesort,reverse_sorted,700,3,194,5864
standard_mergesort,reverse_sorted,700,4,197,5864
standard_mergesort,reverse_sorted,700,5,189,5864
standard_mergesort,reverse_sorted,700,6,208,5864
standard_mergesort,reverse_sorted,700,7,198,5864
standard_mergesort,reverse_sorted,700,8,186,5864
standard_mergesort,reverse_sorted,700,9,186,5864
standard_mergesort,reverse_sorted,700,10,204,5864
standard_mergesort,reverse_sorted,800,1,242,6697
standard_mergesort,reverse_sorted,800,2,231,6697
standard_mergesort,reverse_sorted,800,3,239,6697
standard_mergesort,reverse_sorted,800,4,225,6697
standard_mergesort,reverse_sorted,800,5,217,6697
standard_mergesort,reverse_sorted,800,6,227,6697
standard_mergesort,reverse_sorted,800,7,242,6697
standard_mergesort,reverse_sorted,800,8,218,6697
standard_mergesort,reverse_sorted,800,9,214,6697
standard_mergesort,reverse_sorted,800,10,220,6697
standard_mergesort,reverse_sorted,900,1,271,7508
standard_mergesort,reverse_sorted,900,2,258,7508
standard_mergesort,reverse_sorted,900,3,275,7508
standard_mergesort,reverse_sorted,900,4,270,7508
standard_mergesort,reverse_sorted,900,5,262,7508
standard_mergesort,reverse_sorted,900,6,255,7508
standard_mergesort,reverse_sorted,900,7,255,7508
standard_mergesort,reverse_sorted,900,8,249,7508
standard_mergesort,reverse_sorted,900,9,248,7508
standard_mergesort,reverse_sorted,900,10,274,7508
standard_mergesort,reverse_sorted,1000,1,303,8170
standard_mergesort,reverse_sorted,1000,2,303,8170
standard_mergesort,reverse_sorted,1000,3,288,8170
standard_mergesort,reverse_sorted,1000,4,283,8170
standard_mergesort,reverse_sorted,1000,5,305,8170
standard_mergesort,reverse_sorted,1000,6,286,8170
standard_mergesort,reverse_sorted,1000,7,288,8170
standard_mergesort,reverse_sorted,1000,8,315,8170
standard_mergesort,reverse_sorted,1000,9,292,8170
standard_mergesort,reverse_sorted,1000,10,289,8170
standard_mergesort,reverse_sorted,1100,1,345,9332
standard_mergesort,reverse_sorted,1100,2,319,9332
standard_mergesort,reverse_sorted,1100,3,340,9332
standard_mergesort,reverse_sorted,1100,4,320,9332
standard_mergesort,reverse_sorted,1100,5,317,9332
standard_mergesort,reverse_sorted,1100,6,318,9332
standard_mergesort,reverse_sorted,1100,7,312,9332
standard_mergesort,reverse_sorted,1100,8,333,9332
standard_mergesort,reverse_sorted,1100,9,321,9332
standard_mergesort,reverse_sorted,1100,10,326,9332
standard_mergesort,reverse_sorted,1200,1,372,10438
standard_mergesort,reverse_sorted,1200,2,363,10438
standard_mergesort,reverse_sorted,1200,3,377,10438
standard_mergesort,reverse_sorted,1200,4,357,10438
standard_mergesort,reverse_sorted,1200,5,356,10438
standard_mergesort,reverse_sorted,1200,6,360,10438
standard_mergesort,reverse_sorted,1200,7,389,10438
standard_mergesort,reverse_sorted,1200,8,382,10438
standard_mergesort,reverse_sorted,1200,9,375,10438
standard_mergesort,reverse_sorted,1200,10,356,10438
standard_mergesort,reverse_sorted,1300,1,414,11459
standard_mergesort,reverse_sorted,1300,2,400,11459
standard_mergesort,reverse_sorted,1300,3,420,11459
standard_mergesort,reverse_sorted,1300,4,387,11459
standard_mergesort,reverse_sorted,1300,5,403,11459
standard_mergesort,reverse_sorted,1300,6,390,11459
standard_mergesort,reverse_sorted,1300,7,381,11459
standard_mergesort,reverse_sorted,1300,8,402,11459
standard_mergesort,reverse_sorted,1300,9,388,11459
standard_mergesort,reverse_sorted,1300,10,381,11459
standard_mergesort,reverse_sorted,1400,1,454,12385
standard_mergesort,reverse_sorted,1400,2,419,12385
standard_mergesort,reverse_sorted,1400,3,432,12385
standard_mergesort,reverse_sorted,1400,4,442,12385
standard_mergesort,reverse_sorted,1400,5,434,12385
standard_mergesort,reverse_sorted,1400,6,426,12385
standard_mergesort,reverse_sorted,1400,7,465,12385
standard_mergesort,reverse_sorted,1400,8,433,12385
standard_mergesort,reverse_sorted,1400,9,433,12385
standard_mergesort,reverse_sorted,1400,10,411,12385
standard_mergesort,reverse_sorted,1500,1,470,13346
standard_mergesort,reverse_sorted,1500,2,461,13346
standard_mergesort,reverse_sorted,1500,3,442,13346
standard_mergesort,reverse_sorted,1500,4,461,13346
standard_mergesort,reverse_sorted,1500,5,449,13346
standard_mergesort,reverse_sorted,1500,6,457,13346
standard_mergesort,reverse_sorted,1500,7,458,13346
standard_mergesort,reverse_sorted,1500,8,465,13346
standard_mergesort,reverse_sorted,1500,9,467,13346
standard_mergesort,reverse_sorted,1500,10,454,13346
standard_mergesort,reverse_sorted,1600,1,523,14235
standard_mergesort,reverse_sorted,1600,2,490,14235
standard_mergesort,reverse_sorted,1600,3,510,14235
standard_mergesort,reverse_sorted,1600,4,498,14235
standard_mergesort,reverse_sorted,1600,5,508,14235
standard_mergesort,reverse_sorted,1600,6,540,14235
standard_mergesort,reverse_sorted,1600,7,503,14235
standard_mergesort,reverse_sorted,1600,8,510,14235
standard_mergesort,reverse_sorted,1600,9,505,14235
standard_mergesort,reverse_sorted,1600,10,484,14235
standard_mergesort,reverse_sorted,1700,1,592,15213
standard_mergesort,reverse_sorted,1700,2,584,15213
standard_mergesort,reverse_sorted,1700,3,541,15213
standard_mergesort,reverse_sorted,1700,4,539,15213
standard_mergesort,reverse_sorted,1700,5,547,15213
standard_mergesort,reverse_sorted,1700,6,525,15213
standard_mergesort,reverse_sorted,1700,7,528,15213
standard_mergesort,reverse_sorted,1700,8,537,15213
standard_mergesort,reverse_sorted,1700,9,518,15213
standard_mergesort,reverse_sorted,1700,10,556,15213
standard_mergesort,reverse_sorted,1800,1,616,15821
standard_mergesort,reverse_sorted,1800,2,562,15821
standard_mergesort,reverse_sorted,1800,3,562,15821
standard_mergesort,reverse_sorted,1800,4,572,15821
standard_mergesort,reverse_sorted,1800,5,560,15821
standard_mergesort,reverse_sorted,1800,6,561,15821
standard_mergesort,reverse_sorted,1800,7,588,15821
standard_mergesort,reverse_sorted,1800,8,581,15821
standard_mergesort,reverse_sorted,1800,9,541,15821
standard_mergesort,reverse_sorted,1800,10,582,15821
standard_mergesort,reverse_sorted,1900,1,642,16723
standard_mergesort,reverse_sorted,1900,2,606,16723
standard_mergesort,reverse_sorted,1900,3,582,16723
standard_mergesort,reverse_sorted,1900,4,610,16723
standard_mergesort,reverse_sorted,1900,5,593,16723
standard_mergesort,reverse_sorted,1900,6,705,16723
standard_mergesort,reverse_sorted,1900,7,668,16723
standard_mergesort,reverse_sorted,1900,8,597,16723
standard_mergesort,reverse_sorted,1900,9,605,16723
standard_mergesort,reverse_sorted,1900,10,585,16723
standard_mergesort,reverse_sorted,2000,1,679,17348
standard_mergesort,reverse_sorted,2000,2,644,17348
standard_mergesort,reverse_sorted,2000,3,645,17348
standard_mergesort,reverse_sorted,2000,4,635,17348
standard_mergesort,reverse_sorted,2000,5,726,17348
standard_mergesort,reverse_sorted,2000,6,632,17348
standard_mergesort,reverse_sorted,2000,7,725,17348
standard_mergesort,reverse_sorted,2000,8,687,17348
standard_mergesort,reverse_sorted,2000,9,691,17348
standard_mergesort,reverse_sorted,2000,10,673,17348
standard_mergesort,reverse_sorted,2100,1,890,18449
standard_mergesort,reverse_sorted,2100,2,753,18449
standard_mergesort,reverse_sorted,2100,3,749,18449
standard_mergesort,reverse_sorted,2100,4,848,18449
standard_mergesort,reverse_sorted,2100,5,766,18449
standard_mergesort,reverse_sorted,2100,6,761,18449
standard_mergesort,reverse_sorted,2100,7,738,18449
standard_mergesort,reverse_sorted,2100,8,758,18449
standard_mergesort,reverse_sorted,2100,9,733,18449
standard_mergesort,reverse_sorted,2100,10,725,18449
standard_mergesort,reverse_sorted,2200,1,901,19756
standard_mergesort,reverse_sorted,2200,2,744,19756
standard_mergesort,reverse_sorted,2200,3,737,19756
standard_mergesort,reverse_sorted,2200,4,725,19756
standard_mergesort,reverse_sorted,2200,5,785,19756
standard_mergesort,reverse_sorted,2200,6,784,19756
standard_mergesort,reverse_sorted,2200,7,764,19756
standard_mergesort,reverse_sorted,2200,8,761,19756
standard_mergesort,reverse_sorted,2200,9,730,19756
standard_mergesort,reverse_sorted,2200,10,721,19756
standard_mergesort,reverse_sorted,2300,1,768,20890
standard_mergesort,reverse_sorted,2300,2,764,20890
standard_mergesort,reverse_sorted,2300,3,806,20890
standard_mergesort,reverse_sorted,2300,4,781,20890
standard_mergesort,reverse_sorted,2300,5,782,20890
standard_mergesort,reverse_sorted,2300,6,774,20890
standard_mergesort,reverse_sorted,2300,7,757,20890
standard_mergesort,reverse_sorted,2300,8,742,20890
standard_mergesort,reverse_sorted,2300,9,763,20890
standard_mergesort,reverse_sorted,2300,10,756,20890
standard_mergesort,reverse_sorted,2400,1,818,22052
standard_mergesort,reverse_sorted,2400,2,784,22052
standard_mergesort,reverse_sorted,2400,3,766,22052
standard_mergesort,reverse_sorted,2400,4,777,22052
standard_mergesort,reverse_sorted,2400,5,778,22052
standard_mergesort,reverse_sorted,2400,6,791,22052
standard_mergesort,reverse_sorted,2400,7,790,22052
standard_mergesort,reverse_sorted,2400,8,797,22052
standard_mergesort,reverse_sorted,2400,9,796,22052
standard_mergesort,reverse_sorted,2400,10,803,22052
standard_mergesort,reverse_sorted,2500,1,854,23073
standard_mergesort,reverse_sorted,2500,2,845,23073
standard_mergesort,reverse_sorted,2500,3,839,23073
standard_mergesort,reverse_sorted,2500,4,831,23073
standard_mergesort,reverse_sorted,2500,5,826,23073
standard_mergesort,reverse_sorted,2500,6,823,23073
standard_mergesort,reverse_sorted,2500,7,833,23073
standard_mergesort,reverse_sorted,2500,8,833,23073
standard_mergesort,reverse_sorted,2500,9,826,23073
standard_mergesort,reverse_sorted,2500,10,823,23073
standard_mergesort,reverse_sorted,2600,1,899,24160
standard_mergesort,reverse_sorted,2600,2,899,24160
standard_mergesort,reverse_sorted,2600,3,896,24160
standard_mergesort,reverse_sorted,2600,4,904,24160
standard_mergesort,reverse_sorted,2600,5,903,24160
standard_mergesort,reverse_sorted,2600,6,985,24160
standard_mergesort,reverse_sorted,2600,7,876,24160
standard_mergesort,reverse_sorted,2600,8,852,24160
standard_mergesort,reverse_sorted,2600,9,867,24160
standard_mergesort,reverse_sorted,2600,10,883,24160
standard_mergesort,reverse_sorted,2700,1,927,25333
standard_mergesort,reverse_sorted,2700,2,940,25333
standard_mergesort,reverse_sorted,2700,3,904,25333
standard_mergesort,reverse_sorted,2700,4,892,25333
standard_mergesort,reverse_sorted,2700,5,904,25333
standard_mergesort,reverse_sorted,2700,6,894,25333
standard_mergesort,reverse_sorted,2700,7,896,25333
standard_mergesort,reverse_sorted,2700,8,901,25333
standard_mergesort,reverse_sorted,2700,9,907,25333
standard_mergesort,reverse_sorted,2700,10,902,25333
standard_mergesort,reverse_sorted,2800,1,927,26207
standard_mergesort,reverse_sorted,2800,2,930,26207
standard_mergesort,reverse_sorted,2800,3,929,26207
standard_mergesort,reverse_sorted,2800,4,934,26207
standard_mergesort,reverse_sorted,2800,5,942,26207
standard_mergesort,reverse_sorted,2800,6,967,26207
standard_mergesort,reverse_sorted,2800,7,939,26207
standard_mergesort,reverse_sorted,2800,8,999,26207
standard_mergesort,reverse_sorted,2800,9,984,26207
standard_mergesort,reverse_sorted,2800,10,980,26207
standard_mergesort,reverse_sorted,2900,1,1068,27116
standard_mergesort,reverse_sorted,2900,2,1000,27116
standard_mergesort,reverse_sorted,2900,3,999,27116
standard_mergesort,reverse_sorted,2900,4,1004,27116
standard_mergesort,reverse_sorted,2900,5,1056,27116
standard_mergesort,reverse_sorted,2900,6,980,27116
standard_mergesort,reverse_sorted,2900,7,992,27116
standard_mergesort,reverse_sorted,2900,8,1161,27116
standard_mergesort,reverse_sorted,2900,9,1019,27116
standard_mergesort,reverse_sorted,2900,10,1024,27116
standard_mergesort,reverse_sorted,3000,1,1138,28152
standard_mergesort,reverse_sorted,3000,2,1143,28152
standard_mergesort,reverse_sorted,3000,3,1287,28152
standard_mergesort,reverse_sorted,3000,4,1105,28152
standard_mergesort,reverse_sorted,3000,5,1087,28152
standard_mergesort,reverse_sorted,3000,6,1057,28152
standard_mergesort,reverse_sorted,3000,7,1049,28152
standard_mergesort,reverse_sorted,3000,8,1057,28152
standard_mergesort,reverse_sorted,3000,9,1031,28152
standard_mergesort,reverse_sorted,3000,10,1046,28152
standard_mergesort,nearly_sorted,100,1,18,655
standard_mergesort,nearly_sorted,100,2,14,655
standard_mergesort,nearly_sorted,100,3,11,655
standard_mergesort,nearly_sorted,100,4,11,655
standard_mergesort,nearly_sorted,100,5,10,655
standard_mergesort,nearly_sorted,100,6,11,655
standard_mergesort,nearly_sorted,100,7,11,655
standard_mergesort,nearly_sorted,100,8,11,655
standard_mergesort,nearly_sorted,100,9,13,655
standard_mergesort,nearly_sorted,100,10,11,655
standard_mergesort,nearly_sorted,200,1,43,1480
standard_mergesort,nearly_sorted,200,2,41,1480
standard_mergesort,nearly_sorted,200,3,39,1480
standard_mergesort,nearly_sorted,200,4,37,1480
standard_mergesort,nearly_sorted,200,5,28,1480
standard_mergesort,nearly_sorted,200,6,28,1480
standard_mergesort,nearly_sorted,200,7,28,1480
standard_mergesort,nearly_sorted,200,8,28,1480
standard_mergesort,nearly_sorted,200,9,28,1480
standard_mergesort,nearly_sorted,200,10,27,1480
standard_mergesort,nearly_sorted,300,1,79,2327
standard_mergesort,nearly_sorted,300,2,58,2327
standard_mergesort,nearly_sorted,300,3,54,2327
standard_mergesort,nearly_sorted,300,4,46,2327
standard_mergesort,nearly_sorted,300,5,52,2327
standard_mergesort,nearly_sorted,300,6,51,2327
standard_mergesort,nearly_sorted,300,7,51,2327
standard_mergesort,nearly_sorted,300,8,48,2327
standard_mergesort,nearly_sorted,300,9,42,2327
standard_mergesort,nearly_sorted,300,10,47,2327
standard_mergesort,nearly_sorted,400,1,85,3201
standard_mergesort,nearly_sorted,400,2,84,3201
standard_mergesort,nearly_sorted,400,3,73,3201
standard_mergesort,nearly_sorted,400,4,77,3201
standard_mergesort,nearly_sorted,400,5,71,3201
standard_mergesort,nearly_sorted,400,6,66,3201
standard_mergesort,nearly_sorted,400,7,70,3201
standard_mergesort,nearly_sorted,400,8,68,3201
standard_mergesort,nearly_sorted,400,9,93,3201
standard_mergesort,nearly_sorted,400,10,84,3201
standard_mergesort,nearly_sorted,500,1,116,4295
standard_mergesort,nearly_sorted,500,2,100,4295
standard_mergesort,nearly_sorted,500,3,105,4295
standard_mergesort,nearly_sorted,500,4,87,4295
standard_mergesort,nearly_sorted,500,5,92,4295
standard_mergesort,nearly_sorted,500,6,84,4295
standard_mergesort,nearly_sorted,500,7,83,4295
standard_mergesort,nearly_sorted,500,8,86,4295
standard_mergesort,nearly_sorted,500,9,81,4295
standard_mergesort,nearly_sorted,500,10,80,4295
standard_mergesort,nearly_sorted,600,1,147,5073
standard_mergesort,nearly_sorted,600,2,119,5073
standard_mergesort,nearly_sorted,600,3,113,5073
standard_mergesort,nearly_sorted,600,4,110,5073
standard_mergesort,nearly_sorted,600,5,106,5073
standard_mergesort,nearly_sorted,600,6,104,5073
standard_mergesort,nearly_sorted,600,7,106,5073
standard_mergesort,nearly_sorted,600,8,118,5073
standard_mergesort,nearly_sorted,600,9,105,5073
standard_mergesort,nearly_sorted,600,10,102,5073
standard_mergesort,nearly_sorted,700,1,153,5945
standard_mergesort,nearly_sorted,700,2,148,5945
standard_mergesort,nearly_sorted,700,3,147,5945
standard_mergesort,nearly_sorted,700,4,128,5945
standard_mergesort,nearly_sorted,700,5,135,5945
standard_mergesort,nearly_sorted,700,6,132,5945
standard_mergesort,nearly_sorted,700,7,132,5945
standard_mergesort,nearly_sorted,700,8,131,5945
standard_mergesort,nearly_sorted,700,9,137,5945
standard_mergesort,nearly_sorted,700,10,121,5945
standard_mergesort,nearly_sorted,800,1,169,6801
standard_mergesort,nearly_sorted,800,2,162,6801
standard_mergesort,nearly_sorted,800,3,163,6801
standard_mergesort,nearly_sorted,800,4,173,6801
standard_mergesort,nearly_sorted,800,5,156,6801
standard_mergesort,nearly_sorted,800,6,155,6801
standard_mergesort,nearly_sorted,800,7,146,6801
standard_mergesort,nearly_sorted,800,8,144,6801
standard_mergesort,nearly_sorted,800,9,154,6801
standard_mergesort,nearly_sorted,800,10,143,6801
standard_mergesort,nearly_sorted,900,1,205,7943
standard_mergesort,nearly_sorted,900,2,200,7943
standard_mergesort,nearly_sorted,900,3,205,7943
standard_mergesort,nearly_sorted,900,4,187,7943
standard_mergesort,nearly_sorted,900,5,184,7943
standard_mergesort,nearly_sorted,900,6,184,7943
standard_mergesort,nearly_sorted,900,7,187,7943
standard_mergesort,nearly_sorted,900,8,180,7943
standard_mergesort,nearly_sorted,900,9,178,7943
standard_mergesort,nearly_sorted,900,10,173,7943
standard_mergesort,nearly_sorted,1000,1,239,8959
standard_mergesort,nearly_sorted,1000,2,210,8959
standard_mergesort,nearly_sorted,1000,3,211,8959
standard_mergesort,nearly_sorted,1000,4,200,8959
standard_mergesort,nearly_sorted,1000,5,237,8959
standard_mergesort,nearly_sorted,1000,6,205,8959
standard_mergesort,nearly_sorted,1000,7,204,8959
standard_mergesort,nearly_sorted,1000,8,213,8959
standard_mergesort,nearly_sorted,1000,9,194,8959
standard_mergesort,nearly_sorted,1000,10,203,8959
standard_mergesort,nearly_sorted,1100,1,239,9849
standard_mergesort,nearly_sorted,1100,2,248,9849
standard_mergesort,nearly_sorted,1100,3,237,9849
standard_mergesort,nearly_sorted,1100,4,235,9849
standard_mergesort,nearly_sorted,1100,5,246,9849
standard_mergesort,nearly_sorted,1100,6,225,9849
standard_mergesort,nearly_sorted,1100,7,227,9849
standard_mergesort,nearly_sorted,1100,8,279,9849
standard_mergesort,nearly_sorted,1100,9,256,9849
standard_mergesort,nearly_sorted,1100,10,264,9849
standard_mergesort,nearly_sorted,1200,1,306,10706
standard_mergesort,nearly_sorted,1200,2,276,10706
standard_mergesort,nearly_sorted,1200,3,262,10706
standard_mergesort,nearly_sorted,1200,4,274,10706
standard_mergesort,nearly_sorted,1200,5,270,10706
standard_mergesort,nearly_sorted,1200,6,281,10706
standard_mergesort,nearly_sorted,1200,7,274,10706
standard_mergesort,nearly_sorted,1200,8,262,10706
standard_mergesort,nearly_sorted,1200,9,265,10706
standard_mergesort,nearly_sorted,1200,10,288,10706
standard_mergesort,nearly_sorted,1300,1,318,11558
standard_mergesort,nearly_sorted,1300,2,301,11558
standard_mergesort,nearly_sorted,1300,3,296,11558
standard_mergesort,nearly_sorted,1300,4,280,11558
standard_mergesort,nearly_sorted,1300,5,296,11558
standard_mergesort,nearly_sorted,1300,6,276,11558
standard_mergesort,nearly_sorted,1300,7,279,11558
standard_mergesort,nearly_sorted,1300,8,295,11558
standard_mergesort,nearly_sorted,1300,9,276,11558
standard_mergesort,nearly_sorted,1300,10,275,11558
standard_mergesort,nearly_sorted,1400,1,330,12465
standard_mergesort,nearly_sorted,1400,2,318,12465
standard_mergesort,nearly_sorted,1400,3,340,12465
standard_mergesort,nearly_sorted,1400,4,311,12465
standard_mergesort,nearly_sorted,1400,5,332,12465
standard_mergesort,nearly_sorted,1400,6,302,12465
standard_mergesort,nearly_sorted,1400,7,305,12465
standard_mergesort,nearly_sorted,1400,8,327,12465
standard_mergesort,nearly_sorted,1400,9,299,12465
standard_mergesort,nearly_sorted,1400,10,308,12465
standard_mergesort,nearly_sorted,1500,1,343,13579
standard_mergesort,nearly_sorted,1500,2,345,13579
standard_mergesort,nearly_sorted,1500,3,350,13579
standard_mergesort,nearly_sorted,1500,4,328,13579
standard_mergesort,nearly_sorted,1500,5,363,13579
standard_mergesort,nearly_sorted,1500,6,331,13579
standard_mergesort,nearly_sorted,1500,7,345,13579
standard_mergesort,nearly_sorted,1500,8,333,13579
standard_mergesort,nearly_sorted,1500,9,357,13579
standard_mergesort,nearly_sorted,1500,10,376,13579
standard_mergesort,nearly_sorted,1600,1,407,14422
standard_mergesort,nearly_sorted,1600,2,408,14422
standard_mergesort,nearly_sorted,1600,3,372,14422
standard_mergesort,nearly_sorted,1600,4,382,14422
standard_mergesort,nearly_sorted,1600,5,366,14422
standard_mergesort,nearly_sorted,1600,6,387,14422
standard_mergesort,nearly_sorted,1600,7,359,14422
standard_mergesort,nearly_sorted,1600,8,369,14422
standard_mergesort,nearly_sorted,1600,9,359,14422
standard_mergesort,nearly_sorted,1600,10,377,14422
standard_mergesort,nearly_sorted,1700,1,419,15430
standard_mergesort,nearly_sorted,1700,2,422,15430
standard_mergesort,nearly_sorted,1700,3,397,15430
standard_mergesort,nearly_sorted,1700,4,400,15430
standard_mergesort,nearly_sorted,1700,5,381,15430
standard_mergesort,nearly_sorted,1700,6,397,15430
standard_mergesort,nearly_sorted,1700,7,398,15430
standard_mergesort,nearly_sorted,1700,8,409,15430
standard_mergesort,nearly_sorted,1700,9,394,15430
standard_mergesort,nearly_sorted,1700,10,401,15430
standard_mergesort,nearly_sorted,1800,1,445,16480
standard_mergesort,nearly_sorted,1800,2,453,16480
standard_mergesort,nearly_sorted,1800,3,411,16480
standard_mergesort,nearly_sorted,1800,4,414,16480
standard_mergesort,nearly_sorted,1800,5,400,16480
standard_mergesort,nearly_sorted,1800,6,402,16480
standard_mergesort,nearly_sorted,1800,7,403,16480
standard_mergesort,nearly_sorted,1800,8,404,16480
standard_mergesort,nearly_sorted,1800,9,402,16480
standard_mergesort,nearly_sorted,1800,10,410,16480
standard_mergesort,nearly_sorted,1900,1,473,17481
standard_mergesort,nearly_sorted,1900,2,442,17481
standard_mergesort,nearly_sorted,1900,3,448,17481
standard_mergesort,nearly_sorted,1900,4,439,17481
standard_mergesort,nearly_sorted,1900,5,452,17481
standard_mergesort,nearly_sorted,1900,6,432,17481
standard_mergesort,nearly_sorted,1900,7,432,17481
standard_mergesort,nearly_sorted,1900,8,445,17481
standard_mergesort,nearly_sorted,1900,9,444,17481
standard_mergesort,nearly_sorted,1900,10,445,17481
standard_mergesort,nearly_sorted,2000,1,477,18578
standard_mergesort,nearly_sorted,2000,2,474,18578
standard_mergesort,nearly_sorted,2000,3,467,18578
standard_mergesort,nearly_sorted,2000,4,459,18578
standard_mergesort,nearly_sorted,2000,5,484,18578
standard_mergesort,nearly_sorted,2000,6,457,18578
standard_mergesort,nearly_sorted,2000,7,477,18578
standard_mergesort,nearly_sorted,2000,8,473,18578
standard_mergesort,nearly_sorted,2000,9,473,18578
standard_mergesort,nearly_sorted,2000,10,452,18578
standard_mergesort,nearly_sorted,2100,1,510,19738
standard_mergesort,nearly_sorted,2100,2,537,19738
standard_mergesort,nearly_sorted,2100,3,489,19738
standard_mergesort,nearly_sorted,2100,4,482,19738
standard_mergesort,nearly_sorted,2100,5,527,19738
standard_mergesort,nearly_sorted,2100,6,496,19738
standard_mergesort,nearly_sorted,2100,7,497,19738
standard_mergesort,nearly_sorted,2100,8,501,19738
standard_mergesort,nearly_sorted,2100,9,485,19738
standard_mergesort,nearly_sorted,2100,10,509,19738
standard_mergesort,nearly_sorted,2200,1,569,20487
standard_mergesort,nearly_sorted,2200,2,555,20487
standard_mergesort,nearly_sorted,2200,3,549,20487
standard_mergesort,nearly_sorted,2200,4,544,20487
standard_mergesort,nearly_sorted,2200,5,509,20487
standard_mergesort,nearly_sorted,2200,6,523,20487
standard_mergesort,nearly_sorted,2200,7,520,20487
standard_mergesort,nearly_sorted,2200,8,515,20487
standard_mergesort,nearly_sorted,2200,9,535,20487
standard_mergesort,nearly_sorted,2200,10,511,20487
standard_mergesort,nearly_sorted,2300,1,552,21456
standard_mergesort,nearly_sorted,2300,2,566,21456
standard_mergesort,nearly_sorted,2300,3,567,21456
standard_mergesort,nearly_sorted,2300,4,555,21456
standard_mergesort,nearly_sorted,2300,5,599,21456
standard_mergesort,nearly_sorted,2300,6,562,21456
standard_mergesort,nearly_sorted,2300,7,537,21456
standard_mergesort,nearly_sorted,2300,8,533,21456
standard_mergesort,nearly_sorted,2300,9,550,21456
standard_mergesort,nearly_sorted,2300,10,554,21456
standard_mergesort,nearly_sorted,2400,1,574,22126
standard_mergesort,nearly_sorted,2400,2,593,22126
standard_mergesort,nearly_sorted,2400,3,587,22126
standard_mergesort,nearly_sorted,2400,4,574,22126
standard_mergesort,nearly_sorted,2400,5,563,22126
standard_mergesort,nearly_sorted,2400,6,610,22126
standard_mergesort,nearly_sorted,2400,7,594,22126
standard_mergesort,nearly_sorted,2400,8,556,22126
standard_mergesort,nearly_sorted,2400,9,577,22126
standard_mergesort,nearly_sorted,2400,10,672,22126
standard_mergesort,nearly_sorted,2500,1,630,23250
standard_mergesort,nearly_sorted,2500,2,604,23250
standard_mergesort,nearly_sorted,2500,3,631,23250
standard_mergesort,nearly_sorted,2500,4,648,23250
standard_mergesort,nearly_sorted,2500,5,643,23250
standard_mergesort,nearly_sorted,2500,6,618,23250
standard_mergesort,nearly_sorted,2500,7,605,23250
standard_mergesort,nearly_sorted,2500,8,636,23250
standard_mergesort,nearly_sorted,2500,9,631,23250
standard_mergesort,nearly_sorted,2500,10,619,23250
standard_mergesort,nearly_sorted,2600,1,656,24162
standard_mergesort,nearly_sorted,2600,2,642,24162
standard_mergesort,nearly_sorted,2600,3,654,24162
standard_mergesort,nearly_sorted,2600,4,655,24162
standard_mergesort,nearly_sorted,2600,5,654,24162
standard_mergesort,nearly_sorted,2600,6,635,24162
standard_mergesort,nearly_sorted,2600,7,637,24162
standard_mergesort,nearly_sorted,2600,8,651,24162
standard_mergesort,nearly_sorted,2600,9,650,24162
standard_mergesort,nearly_sorted,2600,10,649,24162
standard_mergesort,nearly_sorted,2700,1,719,25179
standard_mergesort,nearly_sorted,2700,2,682,25179
standard_mergesort,nearly_sorted,2700,3,658,25179
standard_mergesort,nearly_sorted,2700,4,672,25179
standard_mergesort,nearly_sorted,2700,5,681,25179
standard_mergesort,nearly_sorted,2700,6,669,25179
standard_mergesort,nearly_sorted,2700,7,702,25179
standard_mergesort,nearly_sorted,2700,8,670,25179
standard_mergesort,nearly_sorted,2700,9,660,25179
standard_mergesort,nearly_sorted,2700,10,661,25179
standard_mergesort,nearly_sorted,2800,1,704,26169
standard_mergesort,nearly_sorted,2800,2,724,26169
standard_mergesort,nearly_sorted,2800,3,706,26169
standard_mergesort,nearly_sorted,2800,4,686,26169
standard_mergesort,nearly_sorted,2800,5,707,26169
standard_mergesort,nearly_sorted,2800,6,676,26169
standard_mergesort,nearly_sorted,2800,7,687,26169
standard_mergesort,nearly_sorted,2800,8,694,26169
standard_mergesort,nearly_sorted,2800,9,706,26169
standard_mergesort,nearly_sorted,2800,10,809,26169
standard_mergesort,nearly_sorted,2900,1,726,27237
standard_mergesort,nearly_sorted,2900,2,704,27237
standard_mergesort,nearly_sorted,2900,3,730,27237
standard_mergesort,nearly_sorted,2900,4,692,27237
standard_mergesort,nearly_sorted,2900,5,701,27237
standard_mergesort,nearly_sorted,2900,6,712,27237
standard_mergesort,nearly_sorted,2900,7,717,27237
standard_mergesort,nearly_sorted,2900,8,736,27237
standard_mergesort,nearly_sorted,2900,9,768,27237
standard_mergesort,nearly_sorted,2900,10,778,27237
standard_mergesort,nearly_sorted,3000,1,872,28443
standard_mergesort,nearly_sorted,3000,2,783,28443
standard_mergesort,nearly_sorted,3000,3,751,28443
standard_mergesort,nearly_sorted,3000,4,736,28443
standard_mergesort,nearly_sorted,3000,5,752,28443
standard_mergesort,nearly_sorted,3000,6,744,28443
standard_mergesort,nearly_sorted,3000,7,749,28443
standard_mergesort,nearly_sorted,3000,8,764,28443
standard_mergesort,nearly_sorted,3000,9,738,28443
standard_mergesort,nearly_sorted,3000,10,739,28443
standard_mergesort,common_prefix,100,1,45,32747
standard_mergesort,common_prefix,100,2,34,32747
standard_mergesort,common_prefix,100,3,36,32747
standard_mergesort,common_prefix,100,4,37,32747
standard_mergesort,common_prefix,100,5,37,32747
standard_mergesort,common_prefix,100,6,29,32747
standard_mergesort,common_prefix,100,7,37,32747
standard_mergesort,common_prefix,100,8,37,32747
standard_mergesort,common_prefix,100,9,42,32747
standard_mergesort,common_prefix,100,10,43,32747
standard_mergesort,common_prefix,200,1,110,77966
standard_mergesort,common_prefix,200,2,92,77966
standard_mergesort,common_prefix,200,3,86,77966
standard_mergesort,common_prefix,200,4,92,77966
standard_mergesort,common_prefix,200,5,83,77966
standard_mergesort,common_prefix,200,6,83,77966
standard_mergesort,common_prefix,200,7,81,77966
standard_mergesort,common_prefix,200,8,84,77966
standard_mergesort,common_prefix,200,9,89,77966
standard_mergesort,common_prefix,200,10,83,77966
standard_mergesort,common_prefix,300,1,162,128078
standard_mergesort,common_prefix,300,2,150,128078
standard_mergesort,common_prefix,300,3,169,128078
standard_mergesort,common_prefix,300,4,142,128078
standard_mergesort,common_prefix,300,5,142,128078
standard_mergesort,common_prefix,300,6,138,128078
standard_mergesort,common_prefix,300,7,141,128078
standard_mergesort,common_prefix,300,8,162,128078
standard_mergesort,common_prefix,300,9,143,128078
standard_mergesort,common_prefix,300,10,142,128078
standard_mergesort,common_prefix,400,1,217,180117
standard_mergesort,common_prefix,400,2,207,180117
standard_mergesort,common_prefix,400,3,212,180117
standard_mergesort,common_prefix,400,4,197,180117
standard_mergesort,common_prefix,400,5,205,180117
standard_mergesort,common_prefix,400,6,193,180117
standard_mergesort,common_prefix,400,7,193,180117
standard_mergesort,common_prefix,400,8,207,180117
standard_mergesort,common_prefix,400,9,192,180117
standard_mergesort,common_prefix,400,10,197,180117
standard_mergesort,common_prefix,500,1,268,236134
standard_mergesort,common_prefix,500,2,265,236134
standard_mergesort,common_prefix,500,3,262,236134
standard_mergesort,common_prefix,500,4,261,236134
standard_mergesort,common_prefix,500,5,264,236134
standard_mergesort,common_prefix,500,6,252,236134
standard_mergesort,common_prefix,500,7,250,236134
standard_mergesort,common_prefix,500,8,251,236134
standard_mergesort,common_prefix,500,9,254,236134
standard_mergesort,common_prefix,500,10,254,236134
standard_mergesort,common_prefix,600,1,332,293362
standard_mergesort,common_prefix,600,2,331,293362
standard_mergesort,common_prefix,600,3,315,293362
standard_mergesort,common_prefix,600,4,321,293362
standard_mergesort,common_prefix,600,5,309,293362
standard_mergesort,common_prefix,600,6,309,293362
standard_mergesort,common_prefix,600,7,315,293362
standard_mergesort,common_prefix,600,8,308,293362
standard_mergesort,common_prefix,600,9,312,293362
standard_mergesort,common_prefix,600,10,317,293362
standard_mergesort,common_prefix,700,1,385,351698
standard_mergesort,common_prefix,700,2,388,351698
standard_mergesort,common_prefix,700,3,377,351698
standard_mergesort,common_prefix,700,4,381,351698
standard_mergesort,common_prefix,700,5,392,351698
standard_mergesort,common_prefix,700,6,371,351698
standard_mergesort,common_prefix,700,7,381,351698
standard_mergesort,common_prefix,700,8,369,351698
standard_mergesort,common_prefix,700,9,370,351698
standard_mergesort,common_prefix,700,10,369,351698
standard_mergesort,common_prefix,800,1,442,410599
standard_mergesort,common_prefix,800,2,447,410599
standard_mergesort,common_prefix,800,3,436,410599
standard_mergesort,common_prefix,800,4,442,410599
standard_mergesort,common_prefix,800,5,434,410599
standard_mergesort,common_prefix,800,6,444,410599
standard_mergesort,common_prefix,800,7,432,410599
standard_mergesort,common_prefix,800,8,444,410599
standard_mergesort,common_prefix,800,9,433,410599
standard_mergesort,common_prefix,800,10,441,410599
standard_mergesort,common_prefix,900,1,504,473260
standard_mergesort,common_prefix,900,2,515,473260
standard_mergesort,common_prefix,900,3,504,473260
standard_mergesort,common_prefix,900,4,496,473260
standard_mergesort,common_prefix,900,5,505,473260
standard_mergesort,common_prefix,900,6,496,473260
standard_mergesort,common_prefix,900,7,504,473260
standard_mergesort,common_prefix,900,8,496,473260
standard_mergesort,common_prefix,900,9,503,473260
standard_mergesort,common_prefix,900,10,496,473260
standard_mergesort,common_prefix,1000,1,573,534835
standard_mergesort,common_prefix,1000,2,573,534835
standard_mergesort,common_prefix,1000,3,566,534835
standard_mergesort,common_prefix,1000,4,563,534835
standard_mergesort,common_prefix,1000,5,565,534835
standard_mergesort,common_prefix,1000,6,556,534835
standard_mergesort,common_prefix,1000,7,569,534835
standard_mergesort,common_prefix,1000,8,571,534835
standard_mergesort,common_prefix,1000,9,586,534835
standard_mergesort,common_prefix,1000,10,582,534835
standard_mergesort,common_prefix,1100,1,653,596868
standard_mergesort,common_prefix,1100,2,642,596868
standard_mergesort,common_prefix,1100,3,647,596868
standard_mergesort,common_prefix,1100,4,636,596868
standard_mergesort,common_prefix,1100,5,623,596868
standard_mergesort,common_prefix,1100,6,624,596868
standard_mergesort,common_prefix,1100,7,637,596868
standard_mergesort,common_prefix,1100,8,629,596868
standard_mergesort,common_prefix,1100,9,620,596868
standard_mergesort,common_prefix,1100,10,630,596868
standard_mergesort,common_prefix,1200,1,725,662157
standard_mergesort,common_prefix,1200,2,702,662157
standard_mergesort,common_prefix,1200,3,693,662157
standard_mergesort,common_prefix,1200,4,698,662157
standard_mergesort,common_prefix,1200,5,702,662157
standard_mergesort,common_prefix,1200,6,708,662157
standard_mergesort,common_prefix,1200,7,696,662157
standard_mergesort,common_prefix,1200,8,704,662157
standard_mergesort,common_prefix,1200,9,702,662157
standard_mergesort,common_prefix,1200,10,702,662157
standard_mergesort,common_prefix,1300,1,763,725862
standard_mergesort,common_prefix,1300,2,768,725862
standard_mergesort,common_prefix,1300,3,758,725862
standard_mergesort,common_prefix,1300,4,770,725862
standard_mergesort,common_prefix,1300,5,776,725862
standard_mergesort,common_prefix,1300,6,758,725862
standard_mergesort,common_prefix,1300,7,758,725862
standard_mergesort,common_prefix,1300,8,759,725862
standard_mergesort,common_prefix,1300,9,752,725862
standard_mergesort,common_prefix,1300,10,769,725862
standard_mergesort,common_prefix,1400,1,842,790443
standard_mergesort,common_prefix,1400,2,828,790443
standard_mergesort,common_prefix,1400,3,822,790443
standard_mergesort,common_prefix,1400,4,823,790443
standard_mergesort,common_prefix,1400,5,823,790443
standard_mergesort,common_prefix,1400,6,828,790443
standard_mergesort,common_prefix,1400,7,829,790443
standard_mergesort,common_prefix,1400,8,828,790443
standard_mergesort,common_prefix,1400,9,818,790443
standard_mergesort,common_prefix,1400,10,831,790443
standard_mergesort,common_prefix,1500,1,926,857233
standard_mergesort,common_prefix,1500,2,918,857233
standard_mergesort,common_prefix,1500,3,895,857233
standard_mergesort,common_prefix,1500,4,886,857233
standard_mergesort,common_prefix,1500,5,885,857233
standard_mergesort,common_prefix,1500,6,884,857233
standard_mergesort,common_prefix,1500,7,883,857233
standard_mergesort,common_prefix,1500,8,991,857233
standard_mergesort,common_prefix,1500,9,901,857233
standard_mergesort,common_prefix,1500,10,886,857233
standard_mergesort,common_prefix,1600,1,980,919391
standard_mergesort,common_prefix,1600,2,970,919391
standard_mergesort,common_prefix,1600,3,954,919391
standard_mergesort,common_prefix,1600,4,951,919391
standard_mergesort,common_prefix,1600,5,951,919391
standard_mergesort,common_prefix,1600,6,951,919391
standard_mergesort,common_prefix,1600,7,962,919391
standard_mergesort,common_prefix,1600,8,954,919391
standard_mergesort,common_prefix,1600,9,955,919391
standard_mergesort,common_prefix,1600,10,952,919391
standard_mergesort,common_prefix,1700,1,1041,990009
standard_mergesort,common_prefix,1700,2,1042,990009
standard_mergesort,common_prefix,1700,3,1030,990009
standard_mergesort,common_prefix,1700,4,1029,990009
standard_mergesort,common_prefix,1700,5,1024,990009
standard_mergesort,common_prefix,1700,6,1025,990009
standard_mergesort,common_prefix,1700,7,1022,990009
standard_mergesort,common_prefix,1700,8,1023,990009
standard_mergesort,common_prefix,1700,9,1023,990009
standard_mergesort,common_prefix,1700,10,1036,990009
standard_mergesort,common_prefix,1800,1,1123,1058470
standard_mergesort,common_prefix,1800,2,1106,1058470
standard_mergesort,common_prefix,1800,3,1095,1058470
standard_mergesort,common_prefix,1800,4,1104,1058470
standard_mergesort,common_prefix,1800,5,1124,1058470
standard_mergesort,common_prefix,1800,6,1132,1058470
standard_mergesort,common_prefix,1800,7,1104,1058470
standard_mergesort,common_prefix,1800,8,1102,1058470
standard_mergesort,common_prefix,1800,9,1108,1058470
standard_mergesort,common_prefix,1800,10,1104,1058470
standard_mergesort,common_prefix,1900,1,1173,1125585
standard_mergesort,common_prefix,1900,2,1175,1125585
standard_mergesort,common_prefix,1900,3,1177,1125585
standard_mergesort,common_prefix,1900,4,1167,1125585
standard_mergesort,common_prefix,1900,5,1178,1125585
standard_mergesort,common_prefix,1900,6,1232,1125585
standard_mergesort,common_prefix,1900,7,1211,1125585
standard_mergesort,common_prefix,1900,8,1188,1125585
standard_mergesort,common_prefix,1900,9,1187,1125585
standard_mergesort,common_prefix,1900,10,1213,1125585
standard_mergesort,common_prefix,2000,1,1328,1192596
standard_mergesort,common_prefix,2000,2,1284,1192596
standard_mergesort,common_prefix,2000,3,1269,1192596
standard_mergesort,common_prefix,2000,4,1260,1192596
standard_mergesort,common_prefix,2000,5,1244,1192596
standard_mergesort,common_prefix,2000,6,1253,1192596
standard_mergesort,common_prefix,2000,7,1250,1192596
standard_mergesort,common_prefix,2000,8,1258,1192596
standard_mergesort,common_prefix,2000,9,1268,1192596
standard_mergesort,common_prefix,2000,10,1278,1192596
standard_mergesort,common_prefix,2100,1,1347,1260174
standard_mergesort,common_prefix,2100,2,1326,1260174
standard_mergesort,common_prefix,2100,3,1367,1260174
standard_mergesort,common_prefix,2100,4,1302,1260174
standard_mergesort,common_prefix,2100,5,1334,1260174
standard_mergesort,common_prefix,2100,6,1346,1260174
standard_mergesort,common_prefix,2100,7,1336,1260174
standard_mergesort,common_prefix,2100,8,1364,1260174
standard_mergesort,common_prefix,2100,9,1389,1260174
standard_mergesort,common_prefix,2100,10,1310,1260174
standard_mergesort,common_prefix,2200,1,1420,1330077
standard_mergesort,common_prefix,2200,2,1378,1330077
standard_mergesort,common_prefix,2200,3,1391,1330077
standard_mergesort,common_prefix,2200,4,1383,1330077
standard_mergesort,common_prefix,2200,5,1389,1330077
standard_mergesort,common_prefix,2200,6,1379,1330077
standard_mergesort,common_prefix,2200,7,1403,1330077
standard_mergesort,common_prefix,2200,8,1376,1330077
standard_mergesort,common_prefix,2200,9,1398,1330077
standard_mergesort,common_prefix,2200,10,1386,1330077
standard_mergesort,common_prefix,2300,1,1488,1402582
standard_mergesort,common_prefix,2300,2,1491,1402582
standard_mergesort,common_prefix,2300,3,1471,1402582
standard_mergesort,common_prefix,2300,4,1467,1402582
standard_mergesort,common_prefix,2300,5,1485,1402582
standard_mergesort,common_prefix,2300,6,1455,1402582
standard_mergesort,common_prefix,2300,7,1543,1402582
standard_mergesort,common_prefix,2300,8,1518,1402582
standard_mergesort,common_prefix,2300,9,1475,1402582
standard_mergesort,common_prefix,2300,10,1497,1402582
standard_mergesort,common_prefix,2400,1,1723,1472846
standard_mergesort,common_prefix,2400,2,1621,1472846
standard_mergesort,common_prefix,2400,3,1569,1472846
standard_mergesort,common_prefix,2400,4,1573,1472846
standard_mergesort,common_prefix,2400,5,1593,1472846
standard_mergesort,common_prefix,2400,6,1554,1472846
standard_mergesort,common_prefix,2400,7,1586,1472846
standard_mergesort,common_prefix,2400,8,1596,1472846
standard_mergesort,common_prefix,2400,9,1547,1472846
standard_mergesort,common_prefix,2400,10,1550,1472846
standard_mergesort,common_prefix,2500,1,1700,1541847
standard_mergesort,common_prefix,2500,2,1634,1541847
standard_mergesort,common_prefix,2500,3,1609,1541847
standard_mergesort,common_prefix,2500,4,1639,1541847
standard_mergesort,common_prefix,2500,5,1620,1541847
standard_mergesort,common_prefix,2500,6,1680,1541847
standard_mergesort,common_prefix,2500,7,1618,1541847
standard_mergesort,common_prefix,2500,8,1649,1541847
standard_mergesort,common_prefix,2500,9,1626,1541847
standard_mergesort,common_prefix,2500,10,1636,1541847
standard_mergesort,common_prefix,2600,1,1727,1611945
standard_mergesort,common_prefix,2600,2,1701,1611945
standard_mergesort,common_prefix,2600,3,1710,1611945
standard_mergesort,common_prefix,2600,4,1684,1611945
standard_mergesort,common_prefix,2600,5,1701,1611945
standard_mergesort,common_prefix,2600,6,1678,1611945
standard_mergesort,common_prefix,2600,7,1693,1611945
standard_mergesort,common_prefix,2600,8,1710,1611945
standard_mergesort,common_prefix,2600,9,1737,1611945
standard_mergesort,common_prefix,2600,10,1704,1611945
standard_mergesort,common_prefix,2700,1,1790,1685710
standard_mergesort,common_prefix,2700,2,1775,1685710
standard_mergesort,common_prefix,2700,3,1764,1685710
standard_mergesort,common_prefix,2700,4,1808,1685710
standard_mergesort,common_prefix,2700,5,1795,1685710
standard_mergesort,common_prefix,2700,6,1789,1685710
standard_mergesort,common_prefix,2700,7,1796,1685710
standard_mergesort,common_prefix,2700,8,1860,1685710
standard_mergesort,common_prefix,2700,9,1823,1685710
standard_mergesort,common_prefix,2700,10,1798,1685710
standard_mergesort,common_prefix,2800,1,1941,1753253
standard_mergesort,common_prefix,2800,2,1941,1753253
standard_mergesort,common_prefix,2800,3,1891,1753253
standard_mergesort,common_prefix,2800,4,1873,1753253
standard_mergesort,common_prefix,2800,5,1916,1753253
standard_mergesort,common_prefix,2800,6,1884,1753253
standard_mergesort,common_prefix,2800,7,1869,1753253
standard_mergesort,common_prefix,2800,8,1868,1753253
standard_mergesort,common_prefix,2800,9,1894,1753253
standard_mergesort,common_prefix,2800,10,1885,1753253
standard_mergesort,common_prefix,2900,1,1962,1828043
standard_mergesort,common_prefix,2900,2,1985,1828043
standard_mergesort,common_prefix,2900,3,1896,1828043
standard_mergesort,common_prefix,2900,4,1899,1828043
standard_mergesort,common_prefix,2900,5,1915,1828043
standard_mergesort,common_prefix,2900,6,1923,1828043
standard_mergesort,common_prefix,2900,7,1912,1828043
standard_mergesort,common_prefix,2900,8,1954,1828043
standard_mergesort,common_prefix,2900,9,1903,1828043
standard_mergesort,common_prefix,2900,10,1923,1828043
standard_mergesort,common_prefix,3000,1,2021,1901249
standard_mergesort,common_prefix,3000,2,2024,1901249
standard_mergesort,common_prefix,3000,3,2054,1901249
standard_mergesort,common_prefix,3000,4,2038,1901249
standard_mergesort,common_prefix,3000,5,1992,1901249
standard_mergesort,common_prefix,3000,6,1992,1901249
standard_mergesort,common_prefix,3000,7,2088,1901249
standard_mergesort,common_prefix,3000,8,2065,1901249
standard_mergesort,common_prefix,3000,9,2013,1901249
standard_mergesort,common_prefix,3000,10,2049,1901249
ternary_string_quicksort,random,100,1,8,1061
ternary_string_quicksort,random,100,2,5,1061
ternary_string_quicksort,random,100,3,4,1061
ternary_string_quicksort,random,100,4,3,1061
ternary_string_quicksort,random,100,5,3,1061
ternary_string_quicksort,random,100,6,3,1061
ternary_string_quicksort,random,100,7,3,1061
ternary_string_quicksort,random,100,8,3,1061
ternary_string_quicksort,random,100,9,3,1061
ternary_string_quicksort,random,100,10,4,1061
ternary_string_quicksort,random,200,1,14,2559
ternary_string_quicksort,random,200,2,8,2559
ternary_string_quicksort,random,200,3,7,2559
ternary_string_quicksort,random,200,4,5,2559
ternary_string_quicksort,random,200,5,7,2559
ternary_string_quicksort,random,200,6,7,2559
ternary_string_quicksort,random,200,7,7,2559
ternary_string_quicksort,random,200,8,5,2559
ternary_string_quicksort,random,200,9,7,2559
ternary_string_quicksort,random,200,10,7,2559
ternary_string_quicksort,random,300,1,21,4017
ternary_string_quicksort,random,300,2,11,4017
ternary_string_quicksort,random,300,3,10,4017
ternary_string_quicksort,random,300,4,10,4017
ternary_string_quicksort,random,300,5,10,4017
ternary_string_quicksort,random,300,6,9,4017
ternary_string_quicksort,random,300,7,9,4017
ternary_string_quicksort,random,300,8,9,4017
ternary_string_quicksort,random,300,9,10,4017
ternary_string_quicksort,random,300,10,9,4017
ternary_string_quicksort,random,400,1,28,5756
ternary_string_quicksort,random,400,2,16,5756
ternary_string_quicksort,random,400,3,14,5756
ternary_string_quicksort,random,400,4,13,5756
ternary_string_quicksort,random,400,5,13,5756
ternary_string_quicksort,random,400,6,13,5756
ternary_string_quicksort,random,400,7,13,5756
ternary_string_quicksort,random,400,8,13,5756
ternary_string_quicksort,random,400,9,13,5756
ternary_string_quicksort,random,400,10,14,5756
ternary_string_quicksort,random,500,1,41,7715
ternary_string_quicksort,random,500,2,23,7715
ternary_string_quicksort,random,500,3,18,7715
ternary_string_quicksort,random,500,4,17,7715
ternary_string_quicksort,random,500,5,18,7715
ternary_string_quicksort,random,500,6,17,7715
ternary_string_quicksort,random,500,7,17,7715
ternary_string_quicksort,random,500,8,17,7715
ternary_string_quicksort,random,500,9,17,7715
ternary_string_quicksort,random,500,10,17,7715
ternary_string_quicksort,random,600,1,47,8201
ternary_string_quicksort,random,600,2,24,8201
ternary_string_quicksort,random,600,3,20,8201
ternary_string_quicksort,random,600,4,29,8201
ternary_string_quicksort,random,600,5,18,8201
ternary_string_quicksort,random,600,6,18,8201
ternary_string_quicksort,random,600,7,18,8201
ternary_string_quicksort,random,600,8,18,8201
ternary_string_quicksort,random,600,9,17,8201
ternary_string_quicksort,random,600,10,16,8201
ternary_string_quicksort,random,700,1,52,10486
ternary_string_quicksort,random,700,2,42,10486
ternary_string_quicksort,random,700,3,27,10486
ternary_string_quicksort,random,700,4,24,10486
ternary_string_quicksort,random,700,5,24,10486
ternary_string_quicksort,random,700,6,23,10486
ternary_string_quicksort,random,700,7,22,10486
ternary_string_quicksort,random,700,8,26,10486
ternary_string_quicksort,random,700,9,23,10486
ternary_string_quicksort,random,700,10,23,10486
ternary_string_quicksort,random,800,1,65,13732
ternary_string_quicksort,random,800,2,46,13732
ternary_string_quicksort,random,800,3,39,13732
ternary_string_quicksort,random,800,4,37,13732
ternary_string_quicksort,random,800,5,37,13732
ternary_string_quicksort,random,800,6,39,13732
ternary_string_quicksort,random,800,7,28,13732
ternary_string_quicksort,random,800,8,28,13732
ternary_string_quicksort,random,800,9,28,13732
ternary_string_quicksort,random,800,10,28,13732
ternary_string_quicksort,random,900,1,71,14769
ternary_string_quicksort,random,900,2,58,14769
ternary_string_quicksort,random,900,3,42,14769
ternary_string_quicksort,random,900,4,35,14769
ternary_string_quicksort,random,900,5,39,14769
ternary_string_quicksort,random,900,6,33,14769
ternary_string_quicksort,random,900,7,37,14769
ternary_string_quicksort,random,900,8,30,14769
ternary_string_quicksort,random,900,9,37,14769
ternary_string_quicksort,random,900,10,30,14769
ternary_string_quicksort,random,1000,1,78,16725
ternary_string_quicksort,random,1000,2,73,16725
ternary_string_quicksort,random,1000,3,51,16725
ternary_string_quicksort,random,1000,4,41,16725
ternary_string_quicksort,random,1000,5,43,16725
ternary_string_quicksort,random,1000,6,42,16725
ternary_string_quicksort,random,1000,7,42,16725
ternary_string_quicksort,random,1000,8,42,16725
ternary_string_quicksort,random,1000,9,42,16725
ternary_string_quicksort,random,1000,10,41,16725
ternary_string_quicksort,random,1100,1,94,19502
ternary_string_quicksort,random,1100,2,71,19502
ternary_string_quicksort,random,1100,3,53,19502
ternary_string_quicksort,random,1100,4,47,19502
ternary_string_quicksort,random,1100,5,41,19502
ternary_string_quicksort,random,1100,6,41,19502
ternary_string_quicksort,random,1100,7,45,19502
ternary_string_quicksort,random,1100,8,40,19502
ternary_string_quicksort,random,1100,9,40,19502
ternary_string_quicksort,random,1100,10,40,19502
ternary_string_quicksort,random,1200,1,104,21329
ternary_string_quicksort,random,1200,2,91,21329
ternary_string_quicksort,random,1200,3,71,21329
ternary_string_quicksort,random,1200,4,58,21329
ternary_string_quicksort,random,1200,5,58,21329
ternary_string_quicksort,random,1200,6,56,21329
ternary_string_quicksort,random,1200,7,58,21329
ternary_string_quicksort,random,1200,8,59,21329
ternary_string_quicksort,random,1200,9,53,21329
ternary_string_quicksort,random,1200,10,52,21329
ternary_string_quicksort,random,1300,1,112,20555
ternary_string_quicksort,random,1300,2,91,20555
ternary_string_quicksort,random,1300,3,71,20555
ternary_string_quicksort,random,1300,4,62,20555
ternary_string_quicksort,random,1300,5,61,20555
ternary_string_quicksort,random,1300,6,54,20555
ternary_string_quicksort,random,1300,7,51,20555
ternary_string_quicksort,random,1300,8,46,20555
ternary_string_quicksort,random,1300,9,49,20555
ternary_string_quicksort,random,1300,10,48,20555
ternary_string_quicksort,random,1400,1,121,24084
ternary_string_quicksort,random,1400,2,110,24084
ternary_string_quicksort,random,1400,3,89,24084
ternary_string_quicksort,random,1400,4,72,24084
ternary_string_quicksort,random,1400,5,66,24084
ternary_string_quicksort,random,1400,6,62,24084
ternary_string_quicksort,random,1400,7,53,24084
ternary_string_quicksort,random,1400,8,53,24084
ternary_string_quicksort,random,1400,9,51,24084
ternary_string_quicksort,random,1400,10,52,24084
ternary_string_quicksort,random,1500,1,118,23648
ternary_string_quicksort,random,1500,2,99,23648
ternary_string_quicksort,random,1500,3,84,23648
ternary_string_quicksort,random,1500,4,73,23648
ternary_string_quicksort,random,1500,5,78,23648
ternary_string_quicksort,random,1500,6,59,23648
ternary_string_quicksort,random,1500,7,60,23648
ternary_string_quicksort,random,1500,8,55,23648
ternary_string_quicksort,random,1500,9,58,23648
ternary_string_quicksort,random,1500,10,53,23648
ternary_string_quicksort,random,1600,1,140,28465
ternary_string_quicksort,random,1600,2,112,28465
ternary_string_quicksort,random,1600,3,96,28465
ternary_string_quicksort,random,1600,4,83,28465
ternary_string_quicksort,random,1600,5,75,28465
ternary_string_quicksort,random,1600,6,70,28465
ternary_string_quicksort,random,1600,7,83,28465
ternary_string_quicksort,random,1600,8,70,28465
ternary_string_quicksort,random,1600,9,68,28465
ternary_string_quicksort,random,1600,10,66,28465
ternary_string_quicksort,random,1700,1,147,29381
ternary_string_quicksort,random,1700,2,140,29381
ternary_string_quicksort,random,1700,3,103,29381
ternary_string_quicksort,random,1700,4,91,29381
ternary_string_quicksort,random,1700,5,85,29381
ternary_string_quicksort,random,1700,6,75,29381
ternary_string_quicksort,random,1700,7,72,29381
ternary_string_quicksort,random,1700,8,77,29381
ternary_string_quicksort,random,1700,9,67,29381
ternary_string_quicksort,random,1700,10,70,29381
ternary_string_quicksort,random,1800,1,156,30688
ternary_string_quicksort,random,1800,2,137,30688
ternary_string_quicksort,random,1800,3,123,30688
ternary_string_quicksort,random,1800,4,116,30688
ternary_string_quicksort,random,1800,5,98,30688
ternary_string_quicksort,random,1800,6,96,30688
ternary_string_quicksort,random,1800,7,89,30688
ternary_string_quicksort,random,1800,8,80,30688
ternary_string_quicksort,random,1800,9,81,30688
ternary_string_quicksort,random,1800,10,84,30688
ternary_string_quicksort,random,1900,1,167,33850
ternary_string_quicksort,random,1900,2,160,33850
ternary_string_quicksort,random,1900,3,128,33850
ternary_string_quicksort,random,1900,4,112,33850
ternary_string_quicksort,random,1900,5,105,33850
ternary_string_quicksort,random,1900,6,97,33850
ternary_string_quicksort,random,1900,7,99,33850
ternary_string_quicksort,random,1900,8,92,33850
ternary_string_quicksort,random,1900,9,93,33850
ternary_string_quicksort,random,1900,10,91,33850
ternary_string_quicksort,random,2000,1,188,37553
ternary_string_quicksort,random,2000,2,163,37553
ternary_string_quicksort,random,2000,3,147,37553
ternary_string_quicksort,random,2000,4,132,37553
ternary_string_quicksort,random,2000,5,137,37553
ternary_string_quicksort,random,2000,6,115,37553
ternary_string_quicksort,random,2000,7,125,37553
ternary_string_quicksort,random,2000,8,115,37553
ternary_string_quicksort,random,2000,9,108,37553
ternary_string_quicksort,random,2000,10,106,37553
ternary_string_quicksort,random,2100,1,182,38484
ternary_string_quicksort,random,2100,2,165,38484
ternary_string_quicksort,random,2100,3,150,38484
ternary_string_quicksort,random,2100,4,135,38484
ternary_string_quicksort,random,2100,5,131,38484
ternary_string_quicksort,random,2100,6,117,38484
ternary_string_quicksort,random,2100,7,116,38484
ternary_string_quicksort,random,2100,8,116,38484
ternary_string_quicksort,random,2100,9,104,38484
ternary_string_quicksort,random,2100,10,105,38484
ternary_string_quicksort,random,2200,1,201,40600
ternary_string_quicksort,random,2200,2,175,40600
ternary_string_quicksort,random,2200,3,148,40600
ternary_string_quicksort,random,2200,4,148,40600
ternary_string_quicksort,random,2200,5,149,40600
ternary_string_quicksort,random,2200,6,136,40600
ternary_string_quicksort,random,2200,7,122,40600
ternary_string_quicksort,random,2200,8,118,40600
ternary_string_quicksort,random,2200,9,123,40600
ternary_string_quicksort,random,2200,10,116,40600
ternary_string_quicksort,random,2300,1,189,41683
ternary_string_quicksort,random,2300,2,178,41683
ternary_string_quicksort,random,2300,3,174,41683
ternary_string_quicksort,random,2300,4,153,41683
ternary_string_quicksort,random,2300,5,146,41683
ternary_string_quicksort,random,2300,6,153,41683
ternary_string_quicksort,random,2300,7,138,41683
ternary_string_quicksort,random,2300,8,130,41683
ternary_string_quicksort,random,2300,9,127,41683
ternary_string_quicksort,random,2300,10,141,41683
ternary_string_quicksort,random,2400,1,210,44442
ternary_string_quicksort,random,2400,2,193,44442
ternary_string_quicksort,random,2400,3,200,44442
ternary_string_quicksort,random,2400,4,175,44442
ternary_string_quicksort,random,2400,5,169,44442
ternary_string_quicksort,random,2400,6,167,44442
ternary_string_quicksort,random,2400,7,150,44442
ternary_string_quicksort,random,2400,8,148,44442
ternary_string_quicksort,random,2400,9,147,44442
ternary_string_quicksort,random,2400,10,160,44442
ternary_string_quicksort,random,2500,1,227,51415
ternary_string_quicksort,random,2500,2,212,51415
ternary_string_quicksort,random,2500,3,198,51415
ternary_string_quicksort,random,2500,4,192,51415
ternary_string_quicksort,random,2500,5,187,51415
ternary_string_quicksort,random,2500,6,182,51415
ternary_string_quicksort,random,2500,7,173,51415
ternary_string_quicksort,random,2500,8,165,51415
ternary_string_quicksort,random,2500,9,179,51415
ternary_string_quicksort,random,2500,10,167,51415
ternary_string_quicksort,random,2600,1,231,48594
ternary_string_quicksort,random,2600,2,232,48594
ternary_string_quicksort,random,2600,3,203,48594
ternary_string_quicksort,random,2600,4,197,48594
ternary_string_quicksort,random,2600,5,204,48594
ternary_string_quicksort,random,2600,6,188,48594
ternary_string_quicksort,random,2600,7,181,48594
ternary_string_quicksort,random,2600,8,191,48594
ternary_string_quicksort,random,2600,9,169,48594
ternary_string_quicksort,random,2600,10,167,48594
ternary_string_quicksort,random,2700,1,237,52605
ternary_string_quicksort,random,2700,2,218,52605
ternary_string_quicksort,random,2700,3,204,52605
ternary_string_quicksort,random,2700,4,208,52605
ternary_string_quicksort,random,2700,5,192,52605
ternary_string_quicksort,random,2700,6,192,52605
ternary_string_quicksort,random,2700,7,184,52605
ternary_string_quicksort,random,2700,8,187,52605
ternary_string_quicksort,random,2700,9,176,52605
ternary_string_quicksort,random,2700,10,176,52605
ternary_string_quicksort,random,2800,1,242,51706
ternary_string_quicksort,random,2800,2,239,51706
ternary_string_quicksort,random,2800,3,227,51706
ternary_string_quicksort,random,2800,4,219,51706
ternary_string_quicksort,random,2800,5,229,51706
ternary_string_quicksort,random,2800,6,203,51706
ternary_string_quicksort,random,2800,7,194,51706
ternary_string_quicksort,random,2800,8,193,51706
ternary_string_quicksort,random,2800,9,189,51706
ternary_string_quicksort,random,2800,10,185,51706
ternary_string_quicksort,random,2900,1,256,56455
ternary_string_quicksort,random,2900,2,242,56455
ternary_string_quicksort,random,2900,3,252,56455
ternary_string_quicksort,random,2900,4,236,56455
ternary_string_quicksort,random,2900,5,239,56455
ternary_string_quicksort,random,2900,6,241,56455
ternary_string_quicksort,random,2900,7,220,56455
ternary_string_quicksort,random,2900,8,239,56455
ternary_string_quicksort,random,2900,9,219,56455
ternary_string_quicksort,random,2900,10,216,56455
ternary_string_quicksort,random,3000,1,284,60683
ternary_string_quicksort,random,3000,2,265,60683
ternary_string_quicksort,random,3000,3,251,60683
ternary_string_quicksort,random,3000,4,246,60683
ternary_string_quicksort,random,3000,5,267,60683
ternary_string_quicksort,random,3000,6,244,60683
ternary_string_quicksort,random,3000,7,236,60683
ternary_string_quicksort,random,3000,8,242,60683
ternary_string_quicksort,random,3000,9,230,60683
ternary_string_quicksort,random,3000,10,255,60683
ternary_string_quicksort,reverse_sorted,100,1,4,952
ternary_string_quicksort,reverse_sorted,100,2,2,952
ternary_string_quicksort,reverse_sorted,100,3,2,952
ternary_string_quicksort,reverse_sorted,100,4,2,952
ternary_string_quicksort,reverse_sorted,100,5,2,952
ternary_string_quicksort,reverse_sorted,100,6,2,952
ternary_string_quicksort,reverse_sorted,100,7,2,952
ternary_string_quicksort,reverse_sorted,100,8,3,952
ternary_string_quicksort,reverse_sorted,100,9,2,952
ternary_string_quicksort,reverse_sorted,100,10,2,952
ternary_string_quicksort,reverse_sorted,200,1,8,2312
ternary_string_quicksort,reverse_sorted,200,2,5,2312
ternary_string_quicksort,reverse_sorted,200,3,4,2312
ternary_string_quicksort,reverse_sorted,200,4,4,2312
ternary_string_quicksort,reverse_sorted,200,5,4,2312
ternary_string_quicksort,reverse_sorted,200,6,5,2312
ternary_string_quicksort,reverse_sorted,200,7,5,2312
ternary_string_quicksort,reverse_sorted,200,8,5,2312
ternary_string_quicksort,reverse_sorted,200,9,5,2312
ternary_string_quicksort,reverse_sorted,200,10,4,2312
ternary_string_quicksort,reverse_sorted,300,1,11,3782
ternary_string_quicksort,reverse_sorted,300,2,8,3782
ternary_string_quicksort,reverse_sorted,300,3,9,3782
ternary_string_quicksort,reverse_sorted,300,4,8,3782
ternary_string_quicksort,reverse_sorted,300,5,8,3782
ternary_string_quicksort,reverse_sorted,300,6,8,3782
ternary_string_quicksort,reverse_sorted,300,7,8,3782
ternary_string_quicksort,reverse_sorted,300,8,8,3782
ternary_string_quicksort,reverse_sorted,300,9,8,3782
ternary_string_quicksort,reverse_sorted,300,10,8,3782
ternary_string_quicksort,reverse_sorted,400,1,14,4658
ternary_string_quicksort,reverse_sorted,400,2,10,4658
ternary_string_quicksort,reverse_sorted,400,3,9,4658
ternary_string_quicksort,reverse_sorted,400,4,9,4658
ternary_string_quicksort,reverse_sorted,400,5,9,4658
ternary_string_quicksort,reverse_sorted,400,6,9,4658
ternary_string_quicksort,reverse_sorted,400,7,9,4658
ternary_string_quicksort,reverse_sorted,400,8,9,4658
ternary_string_quicksort,reverse_sorted,400,9,9,4658
ternary_string_quicksort,reverse_sorted,400,10,9,4658
ternary_string_quicksort,reverse_sorted,500,1,16,6089
ternary_string_quicksort,reverse_sorted,500,2,13,6089
ternary_string_quicksort,reverse_sorted,500,3,13,6089
ternary_string_quicksort,reverse_sorted,500,4,11,6089
ternary_string_quicksort,reverse_sorted,500,5,11,6089
ternary_string_quicksort,reverse_sorted,500,6,13,6089
ternary_string_quicksort,reverse_sorted,500,7,11,6089
ternary_string_quicksort,reverse_sorted,500,8,14,6089
ternary_string_quicksort,reverse_sorted,500,9,11,6089
ternary_string_quicksort,reverse_sorted,500,10,11,6089
ternary_string_quicksort,reverse_sorted,600,1,18,7370
ternary_string_quicksort,reverse_sorted,600,2,15,7370
ternary_string_quicksort,reverse_sorted,600,3,14,7370
ternary_string_quicksort,reverse_sorted,600,4,14,7370
ternary_string_quicksort,reverse_sorted,600,5,15,7370
ternary_string_quicksort,reverse_sorted,600,6,15,7370
ternary_string_quicksort,reverse_sorted,600,7,15,7370
ternary_string_quicksort,reverse_sorted,600,8,14,7370
ternary_string_quicksort,reverse_sorted,600,9,14,7370
ternary_string_quicksort,reverse_sorted,600,10,15,7370
ternary_string_quicksort,reverse_sorted,700,1,23,8917
ternary_string_quicksort,reverse_sorted,700,2,18,8917
ternary_string_quicksort,reverse_sorted,700,3,27,8917
ternary_string_quicksort,reverse_sorted,700,4,17,8917
ternary_string_quicksort,reverse_sorted,700,5,16,8917
ternary_string_quicksort,reverse_sorted,700,6,17,8917
ternary_string_quicksort,reverse_sorted,700,7,17,8917
ternary_string_quicksort,reverse_sorted,700,8,16,8917
ternary_string_quicksort,reverse_sorted,700,9,17,8917
ternary_string_quicksort,reverse_sorted,700,10,17,8917
ternary_string_quicksort,reverse_sorted,800,1,24,10352
ternary_string_quicksort,reverse_sorted,800,2,21,10352
ternary_string_quicksort,reverse_sorted,800,3,20,10352
ternary_string_quicksort,reverse_sorted,800,4,20,10352
ternary_string_quicksort,reverse_sorted,800,5,20,10352
ternary_string_quicksort,reverse_sorted,800,6,20,10352
ternary_string_quicksort,reverse_sorted,800,7,20,10352
ternary_string_quicksort,reverse_sorted,800,8,20,10352
ternary_string_quicksort,reverse_sorted,800,9,20,10352
ternary_string_quicksort,reverse_sorted,800,10,27,10352
ternary_string_quicksort,reverse_sorted,900,1,37,11982
ternary_string_quicksort,reverse_sorted,900,2,26,11982
ternary_string_quicksort,reverse_sorted,900,3,24,11982
ternary_string_quicksort,reverse_sorted,900,4,23,11982
ternary_string_quicksort,reverse_sorted,900,5,23,11982
ternary_string_quicksort,reverse_sorted,900,6,22,11982
ternary_string_quicksort,reverse_sorted,900,7,22,11982
ternary_string_quicksort,reverse_sorted,900,8,23,11982
ternary_string_quicksort,reverse_sorted,900,9,23,11982
ternary_string_quicksort,reverse_sorted,900,10,23,11982
ternary_string_quicksort,reverse_sorted,1000,1,34,13951
ternary_string_quicksort,reverse_sorted,1000,2,36,13951
ternary_string_quicksort,reverse_sorted,1000,3,28,13951
ternary_string_quicksort,reverse_sorted,1000,4,27,13951
ternary_string_quicksort,reverse_sorted,1000,5,28,13951
ternary_string_quicksort,reverse_sorted,1000,6,28,13951
ternary_string_quicksort,reverse_sorted,1000,7,28,13951
ternary_string_quicksort,reverse_sorted,1000,8,27,13951
ternary_string_quicksort,reverse_sorted,1000,9,27,13951
ternary_string_quicksort,reverse_sorted,1000,10,27,13951
ternary_string_quicksort,reverse_sorted,1100,1,42,14823
ternary_string_quicksort,reverse_sorted,1100,2,37,14823
ternary_string_quicksort,reverse_sorted,1100,3,37,14823
ternary_string_quicksort,reverse_sorted,1100,4,30,14823
ternary_string_quicksort,reverse_sorted,1100,5,29,14823
ternary_string_quicksort,reverse_sorted,1100,6,29,14823
ternary_string_quicksort,reverse_sorted,1100,7,29,14823
ternary_string_quicksort,reverse_sorted,1100,8,29,14823
ternary_string_quicksort,reverse_sorted,1100,9,28,14823
ternary_string_quicksort,reverse_sorted,1100,10,27,14823
ternary_string_quicksort,reverse_sorted,1200,1,49,16489
ternary_string_quicksort,reverse_sorted,1200,2,40,16489
ternary_string_quicksort,reverse_sorted,1200,3,34,16489
ternary_string_quicksort,reverse_sorted,1200,4,33,16489
ternary_string_quicksort,reverse_sorted,1200,5,33,16489
ternary_string_quicksort,reverse_sorted,1200,6,41,16489
ternary_string_quicksort,reverse_sorted,1200,7,32,16489
ternary_string_quicksort,reverse_sorted,1200,8,32,16489
ternary_string_quicksort,reverse_sorted,1200,9,32,16489
ternary_string_quicksort,reverse_sorted,1200,10,32,16489
ternary_string_quicksort,reverse_sorted,1300,1,43,17995
ternary_string_quicksort,reverse_sorted,1300,2,37,17995
ternary_string_quicksort,reverse_sorted,1300,3,41,17995
ternary_string_quicksort,reverse_sorted,1300,4,41,17995
ternary_string_quicksort,reverse_sorted,1300,5,35,17995
ternary_string_quicksort,reverse_sorted,1300,6,35,17995
ternary_string_quicksort,reverse_sorted,1300,7,40,17995
ternary_string_quicksort,reverse_sorted,1300,8,35,17995
ternary_string_quicksort,reverse_sorted,1300,9,34,17995
ternary_string_quicksort,reverse_sorted,1300,10,34,17995
ternary_string_quicksort,reverse_sorted,1400,1,45,19511
ternary_string_quicksort,reverse_sorted,1400,2,41,19511
ternary_string_quicksort,reverse_sorted,1400,3,41,19511
ternary_string_quicksort,reverse_sorted,1400,4,39,19511
ternary_string_quicksort,reverse_sorted,1400,5,37,19511
ternary_string_quicksort,reverse_sorted,1400,6,42,19511
ternary_string_quicksort,reverse_sorted,1400,7,46,19511
ternary_string_quicksort,reverse_sorted,1400,8,37,19511
ternary_string_quicksort,reverse_sorted,1400,9,41,19511
ternary_string_quicksort,reverse_sorted,1400,10,37,19511
ternary_string_quicksort,reverse_sorted,1500,1,48,21037
ternary_string_quicksort,reverse_sorted,1500,2,51,21037
ternary_string_quicksort,reverse_sorted,1500,3,47,21037
ternary_string_quicksort,reverse_sorted,1500,4,42,21037
ternary_string_quicksort,reverse_sorted,1500,5,47,21037
ternary_string_quicksort,reverse_sorted,1500,6,46,21037
ternary_string_quicksort,reverse_sorted,1500,7,46,21037
ternary_string_quicksort,reverse_sorted,1500,8,41,21037
ternary_string_quicksort,reverse_sorted,1500,9,46,21037
ternary_string_quicksort,reverse_sorted,1500,10,46,21037
ternary_string_quicksort,reverse_sorted,1600,1,61,22777
ternary_string_quicksort,reverse_sorted,1600,2,55,22777
ternary_string_quicksort,reverse_sorted,1600,3,53,22777
ternary_string_quicksort,reverse_sorted,1600,4,51,22777
ternary_string_quicksort,reverse_sorted,1600,5,46,22777
ternary_string_quicksort,reverse_sorted,1600,6,49,22777
ternary_string_quicksort,reverse_sorted,1600,7,49,22777
ternary_string_quicksort,reverse_sorted,1600,8,49,22777
ternary_string_quicksort,reverse_sorted,1600,9,49,22777
ternary_string_quicksort,reverse_sorted,1600,10,43,22777
ternary_string_quicksort,reverse_sorted,1700,1,64,24390
ternary_string_quicksort,reverse_sorted,1700,2,58,24390
ternary_string_quicksort,reverse_sorted,1700,3,49,24390
ternary_string_quicksort,reverse_sorted,1700,4,49,24390
ternary_string_quicksort,reverse_sorted,1700,5,48,24390
ternary_string_quicksort,reverse_sorted,1700,6,53,24390
ternary_string_quicksort,reverse_sorted,1700,7,53,24390
ternary_string_quicksort,reverse_sorted,1700,8,47,24390
ternary_string_quicksort,reverse_sorted,1700,9,61,24390
ternary_string_quicksort,reverse_sorted,1700,10,56,24390
ternary_string_quicksort,reverse_sorted,1800,1,59,26059
ternary_string_quicksort,reverse_sorted,1800,2,54,26059
ternary_string_quicksort,reverse_sorted,1800,3,54,26059
ternary_string_quicksort,reverse_sorted,1800,4,53,26059
ternary_string_quicksort,reverse_sorted,1800,5,64,26059
ternary_string_quicksort,reverse_sorted,1800,6,56,26059
ternary_string_quicksort,reverse_sorted,1800,7,56,26059
ternary_string_quicksort,reverse_sorted,1800,8,56,26059
ternary_string_quicksort,reverse_sorted,1800,9,56,26059
ternary_string_quicksort,reverse_sorted,1800,10,56,26059
ternary_string_quicksort,reverse_sorted,1900,1,77,27934
ternary_string_quicksort,reverse_sorted,1900,2,60,27934
ternary_string_quicksort,reverse_sorted,1900,3,61,27934
ternary_string_quicksort,reverse_sorted,1900,4,62,27934
ternary_string_quicksort,reverse_sorted,1900,5,61,27934
ternary_string_quicksort,reverse_sorted,1900,6,61,27934
ternary_string_quicksort,reverse_sorted,1900,7,73,27934
ternary_string_quicksort,reverse_sorted,1900,8,60,27934
ternary_string_quicksort,reverse_sorted,1900,9,60,27934
ternary_string_quicksort,reverse_sorted,1900,10,54,27934
ternary_string_quicksort,reverse_sorted,2000,1,72,29292
ternary_string_quicksort,reverse_sorted,2000,2,66,29292
ternary_string_quicksort,reverse_sorted,2000,3,65,29292
ternary_string_quicksort,reverse_sorted,2000,4,65,29292
ternary_string_quicksort,reverse_sorted,2000,5,62,29292
ternary_string_quicksort,reverse_sorted,2000,6,59,29292
ternary_string_quicksort,reverse_sorted,2000,7,58,29292
ternary_string_quicksort,reverse_sorted,2000,8,65,29292
ternary_string_quicksort,reverse_sorted,2000,9,59,29292
ternary_string_quicksort,reverse_sorted,2000,10,56,29292
ternary_string_quicksort,reverse_sorted,2100,1,86,31301
ternary_string_quicksort,reverse_sorted,2100,2,84,31301
ternary_string_quicksort,reverse_sorted,2100,3,67,31301
ternary_string_quicksort,reverse_sorted,2100,4,74,31301
ternary_string_quicksort,reverse_sorted,2100,5,65,31301
ternary_string_quicksort,reverse_sorted,2100,6,62,31301
ternary_string_quicksort,reverse_sorted,2100,7,62,31301
ternary_string_quicksort,reverse_sorted,2100,8,62,31301
ternary_string_quicksort,reverse_sorted,2100,9,61,31301
ternary_string_quicksort,reverse_sorted,2100,10,67,31301
ternary_string_quicksort,reverse_sorted,2200,1,78,32912
ternary_string_quicksort,reverse_sorted,2200,2,71,32912
ternary_string_quicksort,reverse_sorted,2200,3,73,32912
ternary_string_quicksort,reverse_sorted,2200,4,72,32912
ternary_string_quicksort,reverse_sorted,2200,5,72,32912
ternary_string_quicksort,reverse_sorted,2200,6,71,32912
ternary_string_quicksort,reverse_sorted,2200,7,71,32912
ternary_string_quicksort,reverse_sorted,2200,8,70,32912
ternary_string_quicksort,reverse_sorted,2200,9,70,32912
ternary_string_quicksort,reverse_sorted,2200,10,77,32912
ternary_string_quicksort,reverse_sorted,2300,1,84,34486
ternary_string_quicksort,reverse_sorted,2300,2,75,34486
ternary_string_quicksort,reverse_sorted,2300,3,79,34486
ternary_string_quicksort,reverse_sorted,2300,4,72,34486
ternary_string_quicksort,reverse_sorted,2300,5,75,34486
ternary_string_quicksort,reverse_sorted,2300,6,74,34486
ternary_string_quicksort,reverse_sorted,2300,7,70,34486
ternary_string_quicksort,reverse_sorted,2300,8,70,34486
ternary_string_quicksort,reverse_sorted,2300,9,72,34486
ternary_string_quicksort,reverse_sorted,2300,10,80,34486
ternary_string_quicksort,reverse_sorted,2400,1,94,36194
ternary_string_quicksort,reverse_sorted,2400,2,79,36194
ternary_string_quicksort,reverse_sorted,2400,3,85,36194
ternary_string_quicksort,reverse_sorted,2400,4,85,36194
ternary_string_quicksort,reverse_sorted,2400,5,84,36194
ternary_string_quicksort,reverse_sorted,2400,6,83,36194
ternary_string_quicksort,reverse_sorted,2400,7,73,36194
ternary_string_quicksort,reverse_sorted,2400,8,77,36194
ternary_string_quicksort,reverse_sorted,2400,9,72,36194
ternary_string_quicksort,reverse_sorted,2400,10,77,36194
ternary_string_quicksort,reverse_sorted,2500,1,93,38158
ternary_string_quicksort,reverse_sorted,2500,2,86,38158
ternary_string_quicksort,reverse_sorted,2500,3,80,38158
ternary_string_quicksort,reverse_sorted,2500,4,89,38158
ternary_string_quicksort,reverse_sorted,2500,5,91,38158
ternary_string_quicksort,reverse_sorted,2500,6,78,38158
ternary_string_quicksort,reverse_sorted,2500,7,86,38158
ternary_string_quicksort,reverse_sorted,2500,8,78,38158
ternary_string_quicksort,reverse_sorted,2500,9,77,38158
ternary_string_quicksort,reverse_sorted,2500,10,75,38158
ternary_string_quicksort,reverse_sorted,2600,1,96,39774
ternary_string_quicksort,reverse_sorted,2600,2,89,39774
ternary_string_quicksort,reverse_sorted,2600,3,85,39774
ternary_string_quicksort,reverse_sorted,2600,4,84,39774
ternary_string_quicksort,reverse_sorted,2600,5,87,39774
ternary_string_quicksort,reverse_sorted,2600,6,86,39774
ternary_string_quicksort,reverse_sorted,2600,7,90,39774
ternary_string_quicksort,reverse_sorted,2600,8,80,39774
ternary_string_quicksort,reverse_sorted,2600,9,90,39774
ternary_string_quicksort,reverse_sorted,2600,10,91,39774
ternary_string_quicksort,reverse_sorted,2700,1,104,41347
ternary_string_quicksort,reverse_sorted,2700,2,90,41347
ternary_string_quicksort,reverse_sorted,2700,3,91,41347
ternary_string_quicksort,reverse_sorted,2700,4,94,41347
ternary_string_quicksort,reverse_sorted,2700,5,94,41347
ternary_string_quicksort,reverse_sorted,2700,6,90,41347
ternary_string_quicksort,reverse_sorted,2700,7,93,41347
ternary_string_quicksort,reverse_sorted,2700,8,92,41347
ternary_string_quicksort,reverse_sorted,2700,9,87,41347
ternary_string_quicksort,reverse_sorted,2700,10,92,41347
ternary_string_quicksort,reverse_sorted,2800,1,113,43001
ternary_string_quicksort,reverse_sorted,2800,2,100,43001
ternary_string_quicksort,reverse_sorted,2800,3,103,43001
ternary_string_quicksort,reverse_sorted,2800,4,111,43001
ternary_string_quicksort,reverse_sorted,2800,5,99,43001
ternary_string_quicksort,reverse_sorted,2800,6,98,43001
ternary_string_quicksort,reverse_sorted,2800,7,93,43001
ternary_string_quicksort,reverse_sorted,2800,8,97,43001
ternary_string_quicksort,reverse_sorted,2800,9,87,43001
ternary_string_quicksort,reverse_sorted,2800,10,96,43001
ternary_string_quicksort,reverse_sorted,2900,1,118,44797
ternary_string_quicksort,reverse_sorted,2900,2,112,44797
ternary_string_quicksort,reverse_sorted,2900,3,108,44797
ternary_string_quicksort,reverse_sorted,2900,4,100,44797
ternary_string_quicksort,reverse_sorted,2900,5,104,44797
ternary_string_quicksort,reverse_sorted,2900,6,115,44797
ternary_string_quicksort,reverse_sorted,2900,7,102,44797
ternary_string_quicksort,reverse_sorted,2900,8,94,44797
ternary_string_quicksort,reverse_sorted,2900,9,96,44797
ternary_string_quicksort,reverse_sorted,2900,10,109,44797
ternary_string_quicksort,reverse_sorted,3000,1,112,46536
ternary_string_quicksort,reverse_sorted,3000,2,113,46536
ternary_string_quicksort,reverse_sorted,3000,3,123,46536
ternary_string_quicksort,reverse_sorted,3000,4,108,46536
ternary_string_quicksort,reverse_sorted,3000,5,99,46536
ternary_string_quicksort,reverse_sorted,3000,6,98,46536
ternary_string_quicksort,reverse_sorted,3000,7,104,46536
ternary_string_quicksort,reverse_sorted,3000,8,94,46536
ternary_string_quicksort,reverse_sorted,3000,9,94,46536
ternary_string_quicksort,reverse_sorted,3000,10,97,46536
ternary_string_quicksort,nearly_sorted,100,1,4,949
ternary_string_quicksort,nearly_sorted,100,2,2,949
ternary_string_quicksort,nearly_sorted,100,3,3,949
ternary_string_quicksort,nearly_sorted,100,4,2,949
ternary_string_quicksort,nearly_sorted,100,5,3,949
ternary_string_quicksort,nearly_sorted,100,6,2,949
ternary_string_quicksort,nearly_sorted,100,7,2,949
ternary_string_quicksort,nearly_sorted,100,8,2,949
ternary_string_quicksort,nearly_sorted,100,9,2,949
ternary_string_quicksort,nearly_sorted,100,10,2,949
ternary_string_quicksort,nearly_sorted,200,1,5,2097
ternary_string_quicksort,nearly_sorted,200,2,13,2097
ternary_string_quicksort,nearly_sorted,200,3,5,2097
ternary_string_quicksort,nearly_sorted,200,4,5,2097
ternary_string_quicksort,nearly_sorted,200,5,4,2097
ternary_string_quicksort,nearly_sorted,200,6,5,2097
ternary_string_quicksort,nearly_sorted,200,7,4,2097
ternary_string_quicksort,nearly_sorted,200,8,5,2097
ternary_string_quicksort,nearly_sorted,200,9,4,2097
ternary_string_quicksort,nearly_sorted,200,10,4,2097
ternary_string_quicksort,nearly_sorted,300,1,9,3312
ternary_string_quicksort,nearly_sorted,300,2,8,3312
ternary_string_quicksort,nearly_sorted,300,3,7,3312
ternary_string_quicksort,nearly_sorted,300,4,7,3312
ternary_string_quicksort,nearly_sorted,300,5,7,3312
ternary_string_quicksort,nearly_sorted,300,6,7,3312
ternary_string_quicksort,nearly_sorted,300,7,8,3312
ternary_string_quicksort,nearly_sorted,300,8,7,3312
ternary_string_quicksort,nearly_sorted,300,9,7,3312
ternary_string_quicksort,nearly_sorted,300,10,7,3312
ternary_string_quicksort,nearly_sorted,400,1,13,4724
ternary_string_quicksort,nearly_sorted,400,2,9,4724
ternary_string_quicksort,nearly_sorted,400,3,10,4724
ternary_string_quicksort,nearly_sorted,400,4,9,4724
ternary_string_quicksort,nearly_sorted,400,5,9,4724
ternary_string_quicksort,nearly_sorted,400,6,9,4724
ternary_string_quicksort,nearly_sorted,400,7,9,4724
ternary_string_quicksort,nearly_sorted,400,8,9,4724
ternary_string_quicksort,nearly_sorted,400,9,10,4724
ternary_string_quicksort,nearly_sorted,400,10,10,4724
ternary_string_quicksort,nearly_sorted,500,1,17,6007
ternary_string_quicksort,nearly_sorted,500,2,13,6007
ternary_string_quicksort,nearly_sorted,500,3,13,6007
ternary_string_quicksort,nearly_sorted,500,4,13,6007
ternary_string_quicksort,nearly_sorted,500,5,11,6007
ternary_string_quicksort,nearly_sorted,500,6,13,6007
ternary_string_quicksort,nearly_sorted,500,7,11,6007
ternary_string_quicksort,nearly_sorted,500,8,11,6007
ternary_string_quicksort,nearly_sorted,500,9,13,6007
ternary_string_quicksort,nearly_sorted,500,10,13,6007
ternary_string_quicksort,nearly_sorted,600,1,21,7576
ternary_string_quicksort,nearly_sorted,600,2,16,7576
ternary_string_quicksort,nearly_sorted,600,3,16,7576
ternary_string_quicksort,nearly_sorted,600,4,15,7576
ternary_string_quicksort,nearly_sorted,600,5,15,7576
ternary_string_quicksort,nearly_sorted,600,6,15,7576
ternary_string_quicksort,nearly_sorted,600,7,15,7576
ternary_string_quicksort,nearly_sorted,600,8,16,7576
ternary_string_quicksort,nearly_sorted,600,9,15,7576
ternary_string_quicksort,nearly_sorted,600,10,15,7576
ternary_string_quicksort,nearly_sorted,700,1,24,8894
ternary_string_quicksort,nearly_sorted,700,2,20,8894
ternary_string_quicksort,nearly_sorted,700,3,18,8894
ternary_string_quicksort,nearly_sorted,700,4,18,8894
ternary_string_quicksort,nearly_sorted,700,5,18,8894
ternary_string_quicksort,nearly_sorted,700,6,18,8894
ternary_string_quicksort,nearly_sorted,700,7,18,8894
ternary_string_quicksort,nearly_sorted,700,8,17,8894
ternary_string_quicksort,nearly_sorted,700,9,17,8894
ternary_string_quicksort,nearly_sorted,700,10,18,8894
ternary_string_quicksort,nearly_sorted,800,1,28,10301
ternary_string_quicksort,nearly_sorted,800,2,23,10301
ternary_string_quicksort,nearly_sorted,800,3,21,10301
ternary_string_quicksort,nearly_sorted,800,4,21,10301
ternary_string_quicksort,nearly_sorted,800,5,21,10301
ternary_string_quicksort,nearly_sorted,800,6,21,10301
ternary_string_quicksort,nearly_sorted,800,7,21,10301
ternary_string_quicksort,nearly_sorted,800,8,21,10301
ternary_string_quicksort,nearly_sorted,800,9,21,10301
ternary_string_quicksort,nearly_sorted,800,10,20,10301
ternary_string_quicksort,nearly_sorted,900,1,29,12038
ternary_string_quicksort,nearly_sorted,900,2,26,12038
ternary_string_quicksort,nearly_sorted,900,3,24,12038
ternary_string_quicksort,nearly_sorted,900,4,24,12038
ternary_string_quicksort,nearly_sorted,900,5,35,12038
ternary_string_quicksort,nearly_sorted,900,6,23,12038
ternary_string_quicksort,nearly_sorted,900,7,22,12038
ternary_string_quicksort,nearly_sorted,900,8,23,12038
ternary_string_quicksort,nearly_sorted,900,9,23,12038
ternary_string_quicksort,nearly_sorted,900,10,24,12038
ternary_string_quicksort,nearly_sorted,1000,1,39,13367
ternary_string_quicksort,nearly_sorted,1000,2,29,13367
ternary_string_quicksort,nearly_sorted,1000,3,28,13367
ternary_string_quicksort,nearly_sorted,1000,4,27,13367
ternary_string_quicksort,nearly_sorted,1000,5,27,13367
ternary_string_quicksort,nearly_sorted,1000,6,27,13367
ternary_string_quicksort,nearly_sorted,1000,7,27,13367
ternary_string_quicksort,nearly_sorted,1000,8,27,13367
ternary_string_quicksort,nearly_sorted,1000,9,27,13367
ternary_string_quicksort,nearly_sorted,1000,10,27,13367
ternary_string_quicksort,nearly_sorted,1100,1,46,15079
ternary_string_quicksort,nearly_sorted,1100,2,39,15079
ternary_string_quicksort,nearly_sorted,1100,3,37,15079
ternary_string_quicksort,nearly_sorted,1100,4,37,15079
ternary_string_quicksort,nearly_sorted,1100,5,39,15079
ternary_string_quicksort,nearly_sorted,1100,6,39,15079
ternary_string_quicksort,nearly_sorted,1100,7,37,15079
ternary_string_quicksort,nearly_sorted,1100,8,40,15079
ternary_string_quicksort,nearly_sorted,1100,9,39,15079
ternary_string_quicksort,nearly_sorted,1100,10,37,15079
ternary_string_quicksort,nearly_sorted,1200,1,45,16700
ternary_string_quicksort,nearly_sorted,1200,2,45,16700
ternary_string_quicksort,nearly_sorted,1200,3,35,16700
ternary_string_quicksort,nearly_sorted,1200,4,39,16700
ternary_string_quicksort,nearly_sorted,1200,5,34,16700
ternary_string_quicksort,nearly_sorted,1200,6,34,16700
ternary_string_quicksort,nearly_sorted,1200,7,33,16700
ternary_string_quicksort,nearly_sorted,1200,8,42,16700
ternary_string_quicksort,nearly_sorted,1200,9,33,16700
ternary_string_quicksort,nearly_sorted,1200,10,33,16700
ternary_string_quicksort,nearly_sorted,1300,1,53,18216
ternary_string_quicksort,nearly_sorted,1300,2,46,18216
ternary_string_quicksort,nearly_sorted,1300,3,43,18216
ternary_string_quicksort,nearly_sorted,1300,4,43,18216
ternary_string_quicksort,nearly_sorted,1300,5,41,18216
ternary_string_quicksort,nearly_sorted,1300,6,41,18216
ternary_string_quicksort,nearly_sorted,1300,7,45,18216
ternary_string_quicksort,nearly_sorted,1300,8,36,18216
ternary_string_quicksort,nearly_sorted,1300,9,41,18216
ternary_string_quicksort,nearly_sorted,1300,10,39,18216
ternary_string_quicksort,nearly_sorted,1400,1,49,20008
ternary_string_quicksort,nearly_sorted,1400,2,47,20008
ternary_string_quicksort,nearly_sorted,1400,3,46,20008
ternary_string_quicksort,nearly_sorted,1400,4,46,20008
ternary_string_quicksort,nearly_sorted,1400,5,53,20008
ternary_string_quicksort,nearly_sorted,1400,6,46,20008
ternary_string_quicksort,nearly_sorted,1400,7,40,20008
ternary_string_quicksort,nearly_sorted,1400,8,40,20008
ternary_string_quicksort,nearly_sorted,1400,9,45,20008
ternary_string_quicksort,nearly_sorted,1400,10,45,20008
ternary_string_quicksort,nearly_sorted,1500,1,61,21511
ternary_string_quicksort,nearly_sorted,1500,2,52,21511
ternary_string_quicksort,nearly_sorted,1500,3,46,21511
ternary_string_quicksort,nearly_sorted,1500,4,45,21511
ternary_string_quicksort,nearly_sorted,1500,5,48,21511
ternary_string_quicksort,nearly_sorted,1500,6,48,21511
ternary_string_quicksort,nearly_sorted,1500,7,43,21511
ternary_string_quicksort,nearly_sorted,1500,8,47,21511
ternary_string_quicksort,nearly_sorted,1500,9,47,21511
ternary_string_quicksort,nearly_sorted,1500,10,42,21511
ternary_string_quicksort,nearly_sorted,1600,1,59,23020
ternary_string_quicksort,nearly_sorted,1600,2,52,23020
ternary_string_quicksort,nearly_sorted,1600,3,48,23020
ternary_string_quicksort,nearly_sorted,1600,4,52,23020
ternary_string_quicksort,nearly_sorted,1600,5,51,23020
ternary_string_quicksort,nearly_sorted,1600,6,51,23020
ternary_string_quicksort,nearly_sorted,1600,7,49,23020
ternary_string_quicksort,nearly_sorted,1600,8,53,23020
ternary_string_quicksort,nearly_sorted,1600,9,49,23020
ternary_string_quicksort,nearly_sorted,1600,10,49,23020
ternary_string_quicksort,nearly_sorted,1700,1,65,24551
ternary_string_quicksort,nearly_sorted,1700,2,58,24551
ternary_string_quicksort,nearly_sorted,1700,3,56,24551
ternary_string_quicksort,nearly_sorted,1700,4,54,24551
ternary_string_quicksort,nearly_sorted,1700,5,54,24551
ternary_string_quicksort,nearly_sorted,1700,6,53,24551
ternary_string_quicksort,nearly_sorted,1700,7,48,24551
ternary_string_quicksort,nearly_sorted,1700,8,53,24551
ternary_string_quicksort,nearly_sorted,1700,9,53,24551
ternary_string_quicksort,nearly_sorted,1700,10,53,24551
ternary_string_quicksort,nearly_sorted,1800,1,72,26373
ternary_string_quicksort,nearly_sorted,1800,2,58,26373
ternary_string_quicksort,nearly_sorted,1800,3,58,26373
ternary_string_quicksort,nearly_sorted,1800,4,58,26373
ternary_string_quicksort,nearly_sorted,1800,5,56,26373
ternary_string_quicksort,nearly_sorted,1800,6,52,26373
ternary_string_quicksort,nearly_sorted,1800,7,51,26373
ternary_string_quicksort,nearly_sorted,1800,8,60,26373
ternary_string_quicksort,nearly_sorted,1800,9,55,26373
ternary_string_quicksort,nearly_sorted,1800,10,56,26373
ternary_string_quicksort,nearly_sorted,1900,1,75,28351
ternary_string_quicksort,nearly_sorted,1900,2,68,28351
ternary_string_quicksort,nearly_sorted,1900,3,65,28351
ternary_string_quicksort,nearly_sorted,1900,4,65,28351
ternary_string_quicksort,nearly_sorted,1900,5,62,28351
ternary_string_quicksort,nearly_sorted,1900,6,72,28351
ternary_string_quicksort,nearly_sorted,1900,7,58,28351
ternary_string_quicksort,nearly_sorted,1900,8,56,28351
ternary_string_quicksort,nearly_sorted,1900,9,58,28351
ternary_string_quicksort,nearly_sorted,1900,10,70,28351
ternary_string_quicksort,nearly_sorted,2000,1,84,29504
ternary_string_quicksort,nearly_sorted,2000,2,71,29504
ternary_string_quicksort,nearly_sorted,2000,3,67,29504
ternary_string_quicksort,nearly_sorted,2000,4,65,29504
ternary_string_quicksort,nearly_sorted,2000,5,60,29504
ternary_string_quicksort,nearly_sorted,2000,6,60,29504
ternary_string_quicksort,nearly_sorted,2000,7,59,29504
ternary_string_quicksort,nearly_sorted,2000,8,64,29504
ternary_string_quicksort,nearly_sorted,2000,9,62,29504
ternary_string_quicksort,nearly_sorted,2000,10,64,29504
ternary_string_quicksort,nearly_sorted,2100,1,97,31479
ternary_string_quicksort,nearly_sorted,2100,2,73,31479
ternary_string_quicksort,nearly_sorted,2100,3,67,31479
ternary_string_quicksort,nearly_sorted,2100,4,65,31479
ternary_string_quicksort,nearly_sorted,2100,5,67,31479
ternary_string_quicksort,nearly_sorted,2100,6,68,31479
ternary_string_quicksort,nearly_sorted,2100,7,67,31479
ternary_string_quicksort,nearly_sorted,2100,8,64,31479
ternary_string_quicksort,nearly_sorted,2100,9,62,31479
ternary_string_quicksort,nearly_sorted,2100,10,64,31479
ternary_string_quicksort,nearly_sorted,2200,1,78,33068
ternary_string_quicksort,nearly_sorted,2200,2,75,33068
ternary_string_quicksort,nearly_sorted,2200,3,73,33068
ternary_string_quicksort,nearly_sorted,2200,4,72,33068
ternary_string_quicksort,nearly_sorted,2200,5,71,33068
ternary_string_quicksort,nearly_sorted,2200,6,71,33068
ternary_string_quicksort,nearly_sorted,2200,7,71,33068
ternary_string_quicksort,nearly_sorted,2200,8,71,33068
ternary_string_quicksort,nearly_sorted,2200,9,70,33068
ternary_string_quicksort,nearly_sorted,2200,10,70,33068
ternary_string_quicksort,nearly_sorted,2300,1,100,35168
ternary_string_quicksort,nearly_sorted,2300,2,99,35168
ternary_string_quicksort,nearly_sorted,2300,3,75,35168
ternary_string_quicksort,nearly_sorted,2300,4,74,35168
ternary_string_quicksort,nearly_sorted,2300,5,73,35168
ternary_string_quicksort,nearly_sorted,2300,6,84,35168
ternary_string_quicksort,nearly_sorted,2300,7,84,35168
ternary_string_quicksort,nearly_sorted,2300,8,84,35168
ternary_string_quicksort,nearly_sorted,2300,9,81,35168
ternary_string_quicksort,nearly_sorted,2300,10,73,35168
ternary_string_quicksort,nearly_sorted,2400,1,96,36820
ternary_string_quicksort,nearly_sorted,2400,2,92,36820
ternary_string_quicksort,nearly_sorted,2400,3,89,36820
ternary_string_quicksort,nearly_sorted,2400,4,77,36820
ternary_string_quicksort,nearly_sorted,2400,5,80,36820
ternary_string_quicksort,nearly_sorted,2400,6,81,36820
ternary_string_quicksort,nearly_sorted,2400,7,83,36820
ternary_string_quicksort,nearly_sorted,2400,8,84,36820
ternary_string_quicksort,nearly_sorted,2400,9,73,36820
ternary_string_quicksort,nearly_sorted,2400,10,79,36820
ternary_string_quicksort,nearly_sorted,2500,1,116,38483
ternary_string_quicksort,nearly_sorted,2500,2,100,38483
ternary_string_quicksort,nearly_sorted,2500,3,94,38483
ternary_string_quicksort,nearly_sorted,2500,4,86,38483
ternary_string_quicksort,nearly_sorted,2500,5,81,38483
ternary_string_quicksort,nearly_sorted,2500,6,81,38483
ternary_string_quicksort,nearly_sorted,2500,7,79,38483
ternary_string_quicksort,nearly_sorted,2500,8,99,38483
ternary_string_quicksort,nearly_sorted,2500,9,90,38483
ternary_string_quicksort,nearly_sorted,2500,10,93,38483
ternary_string_quicksort,nearly_sorted,2600,1,118,40144
ternary_string_quicksort,nearly_sorted,2600,2,104,40144
ternary_string_quicksort,nearly_sorted,2600,3,98,40144
ternary_string_quicksort,nearly_sorted,2600,4,87,40144
ternary_string_quicksort,nearly_sorted,2600,5,94,40144
ternary_string_quicksort,nearly_sorted,2600,6,85,40144
ternary_string_quicksort,nearly_sorted,2600,7,85,40144
ternary_string_quicksort,nearly_sorted,2600,8,92,40144
ternary_string_quicksort,nearly_sorted,2600,9,84,40144
ternary_string_quicksort,nearly_sorted,2600,10,89,40144
ternary_string_quicksort,nearly_sorted,2700,1,104,41820
ternary_string_quicksort,nearly_sorted,2700,2,106,41820
ternary_string_quicksort,nearly_sorted,2700,3,92,41820
ternary_string_quicksort,nearly_sorted,2700,4,90,41820
ternary_string_quicksort,nearly_sorted,2700,5,93,41820
ternary_string_quicksort,nearly_sorted,2700,6,99,41820
ternary_string_quicksort,nearly_sorted,2700,7,86,41820
ternary_string_quicksort,nearly_sorted,2700,8,86,41820
ternary_string_quicksort,nearly_sorted,2700,9,91,41820
ternary_string_quicksort,nearly_sorted,2700,10,85,41820
ternary_string_quicksort,nearly_sorted,2800,1,111,43827
ternary_string_quicksort,nearly_sorted,2800,2,103,43827
ternary_string_quicksort,nearly_sorted,2800,3,99,43827
ternary_string_quicksort,nearly_sorted,2800,4,106,43827
ternary_string_quicksort,nearly_sorted,2800,5,94,43827
ternary_string_quicksort,nearly_sorted,2800,6,96,43827
ternary_string_quicksort,nearly_sorted,2800,7,91,43827
ternary_string_quicksort,nearly_sorted,2800,8,99,43827
ternary_string_quicksort,nearly_sorted,2800,9,90,43827
ternary_string_quicksort,nearly_sorted,2800,10,93,43827
ternary_string_quicksort,nearly_sorted,2900,1,129,45607
ternary_string_quicksort,nearly_sorted,2900,2,119,45607
ternary_string_quicksort,nearly_sorted,2900,3,104,45607
ternary_string_quicksort,nearly_sorted,2900,4,110,45607
ternary_string_quicksort,nearly_sorted,2900,5,99,45607
ternary_string_quicksort,nearly_sorted,2900,6,108,45607
ternary_string_quicksort,nearly_sorted,2900,7,97,45607
ternary_string_quicksort,nearly_sorted,2900,8,106,45607
ternary_string_quicksort,nearly_sorted,2900,9,96,45607
ternary_string_quicksort,nearly_sorted,2900,10,96,45607
ternary_string_quicksort,nearly_sorted,3000,1,127,47099
ternary_string_quicksort,nearly_sorted,3000,2,115,47099
ternary_string_quicksort,nearly_sorted,3000,3,105,47099
ternary_string_quicksort,nearly_sorted,3000,4,108,47099
ternary_string_quicksort,nearly_sorted,3000,5,111,47099
ternary_string_quicksort,nearly_sorted,3000,6,104,47099
ternary_string_quicksort,nearly_sorted,3000,7,109,47099
ternary_string_quicksort,nearly_sorted,3000,8,109,47099
ternary_string_quicksort,nearly_sorted,3000,9,108,47099
ternary_string_quicksort,nearly_sorted,3000,10,108,47099
ternary_string_quicksort,common_prefix,100,1,27,13018
ternary_string_quicksort,common_prefix,100,2,11,13018
ternary_string_quicksort,common_prefix,100,3,8,13018
ternary_string_quicksort,common_prefix,100,4,8,13018
ternary_string_quicksort,common_prefix,100,5,9,13018
ternary_string_quicksort,common_prefix,100,6,9,13018
ternary_string_quicksort,common_prefix,100,7,8,13018
ternary_string_quicksort,common_prefix,100,8,8,13018
ternary_string_quicksort,common_prefix,100,9,8,13018
ternary_string_quicksort,common_prefix,100,10,8,13018
ternary_string_quicksort,common_prefix,200,1,24,26967
ternary_string_quicksort,common_prefix,200,2,21,26967
ternary_string_quicksort,common_prefix,200,3,17,26967
ternary_string_quicksort,common_prefix,200,4,17,26967
ternary_string_quicksort,common_prefix,200,5,17,26967
ternary_string_quicksort,common_prefix,200,6,17,26967
ternary_string_quicksort,common_prefix,200,7,17,26967
ternary_string_quicksort,common_prefix,200,8,17,26967
ternary_string_quicksort,common_prefix,200,9,18,26967
ternary_string_quicksort,common_prefix,200,10,17,26967
ternary_string_quicksort,common_prefix,300,1,40,40299
ternary_string_quicksort,common_prefix,300,2,28,40299
ternary_string_quicksort,common_prefix,300,3,26,40299
ternary_string_quicksort,common_prefix,300,4,24,40299
ternary_string_quicksort,common_prefix,300,5,26,40299
ternary_string_quicksort,common_prefix,300,6,26,40299
ternary_string_quicksort,common_prefix,300,7,26,40299
ternary_string_quicksort,common_prefix,300,8,26,40299
ternary_string_quicksort,common_prefix,300,9,24,40299
ternary_string_quicksort,common_prefix,300,10,26,40299
ternary_string_quicksort,common_prefix,400,1,52,54122
ternary_string_quicksort,common_prefix,400,2,42,54122
ternary_string_quicksort,common_prefix,400,3,39,54122
ternary_string_quicksort,common_prefix,400,4,37,54122
ternary_string_quicksort,common_prefix,400,5,39,54122
ternary_string_quicksort,common_prefix,400,6,37,54122
ternary_string_quicksort,common_prefix,400,7,39,54122
ternary_string_quicksort,common_prefix,400,8,39,54122
ternary_string_quicksort,common_prefix,400,9,37,54122
ternary_string_quicksort,common_prefix,400,10,37,54122
ternary_string_quicksort,common_prefix,500,1,62,67749
ternary_string_quicksort,common_prefix,500,2,51,67749
ternary_string_quicksort,common_prefix,500,3,47,67749
ternary_string_quicksort,common_prefix,500,4,46,67749
ternary_string_quicksort,common_prefix,500,5,45,67749
ternary_string_quicksort,common_prefix,500,6,43,67749
ternary_string_quicksort,common_prefix,500,7,46,67749
ternary_string_quicksort,common_prefix,500,8,46,67749
ternary_string_quicksort,common_prefix,500,9,45,67749
ternary_string_quicksort,common_prefix,500,10,41,67749
ternary_string_quicksort,common_prefix,600,1,72,80600
ternary_string_quicksort,common_prefix,600,2,54,80600
ternary_string_quicksort,common_prefix,600,3,51,80600
ternary_string_quicksort,common_prefix,600,4,49,80600
ternary_string_quicksort,common_prefix,600,5,54,80600
ternary_string_quicksort,common_prefix,600,6,53,80600
ternary_string_quicksort,common_prefix,600,7,53,80600
ternary_string_quicksort,common_prefix,600,8,64,80600
ternary_string_quicksort,common_prefix,600,9,53,80600
ternary_string_quicksort,common_prefix,600,10,53,80600
ternary_string_quicksort,common_prefix,700,1,93,95181
ternary_string_quicksort,common_prefix,700,2,72,95181
ternary_string_quicksort,common_prefix,700,3,60,95181
ternary_string_quicksort,common_prefix,700,4,64,95181
ternary_string_quicksort,common_prefix,700,5,64,95181
ternary_string_quicksort,common_prefix,700,6,62,95181
ternary_string_quicksort,common_prefix,700,7,62,95181
ternary_string_quicksort,common_prefix,700,8,70,95181
ternary_string_quicksort,common_prefix,700,9,62,95181
ternary_string_quicksort,common_prefix,700,10,62,95181
ternary_string_quicksort,common_prefix,800,1,108,110248
ternary_string_quicksort,common_prefix,800,2,86,110248
ternary_string_quicksort,common_prefix,800,3,80,110248
ternary_string_quicksort,common_prefix,800,4,84,110248
ternary_string_quicksort,common_prefix,800,5,74,110248
ternary_string_quicksort,common_prefix,800,6,84,110248
ternary_string_quicksort,common_prefix,800,7,74,110248
ternary_string_quicksort,common_prefix,800,8,73,110248
ternary_string_quicksort,common_prefix,800,9,73,110248
ternary_string_quicksort,common_prefix,800,10,73,110248
ternary_string_quicksort,common_prefix,900,1,109,123442
ternary_string_quicksort,common_prefix,900,2,91,123442
ternary_string_quicksort,common_prefix,900,3,102,123442
ternary_string_quicksort,common_prefix,900,4,84,123442
ternary_string_quicksort,common_prefix,900,5,87,123442
ternary_string_quicksort,common_prefix,900,6,81,123442
ternary_string_quicksort,common_prefix,900,7,77,123442
ternary_string_quicksort,common_prefix,900,8,86,123442
ternary_string_quicksort,common_prefix,900,9,86,123442
ternary_string_quicksort,common_prefix,900,10,80,123442
ternary_string_quicksort,common_prefix,1000,1,123,137384
ternary_string_quicksort,common_prefix,1000,2,111,137384
ternary_string_quicksort,common_prefix,1000,3,106,137384
ternary_string_quicksort,common_prefix,1000,4,102,137384
ternary_string_quicksort,common_prefix,1000,5,98,137384
ternary_string_quicksort,common_prefix,1000,6,97,137384
ternary_string_quicksort,common_prefix,1000,7,110,137384
ternary_string_quicksort,common_prefix,1000,8,105,137384
ternary_string_quicksort,common_prefix,1000,9,102,137384
ternary_string_quicksort,common_prefix,1000,10,97,137384
ternary_string_quicksort,common_prefix,1100,1,143,149462
ternary_string_quicksort,common_prefix,1100,2,131,149462
ternary_string_quicksort,common_prefix,1100,3,104,149462
ternary_string_quicksort,common_prefix,1100,4,100,149462
ternary_string_quicksort,common_prefix,1100,5,97,149462
ternary_string_quicksort,common_prefix,1100,6,97,149462
ternary_string_quicksort,common_prefix,1100,7,94,149462
ternary_string_quicksort,common_prefix,1100,8,108,149462
ternary_string_quicksort,common_prefix,1100,9,99,149462
ternary_string_quicksort,common_prefix,1100,10,104,149462
ternary_string_quicksort,common_prefix,1200,1,151,165263
ternary_string_quicksort,common_prefix,1200,2,131,165263
ternary_string_quicksort,common_prefix,1200,3,132,165263
ternary_string_quicksort,common_prefix,1200,4,143,165263
ternary_string_quicksort,common_prefix,1200,5,141,165263
ternary_string_quicksort,common_prefix,1200,6,129,165263
ternary_string_quicksort,common_prefix,1200,7,121,165263
ternary_string_quicksort,common_prefix,1200,8,129,165263
ternary_string_quicksort,common_prefix,1200,9,113,165263
ternary_string_quicksort,common_prefix,1200,10,112,165263
ternary_string_quicksort,common_prefix,1300,1,166,178342
ternary_string_quicksort,common_prefix,1300,2,150,178342
ternary_string_quicksort,common_prefix,1300,3,138,178342
ternary_string_quicksort,common_prefix,1300,4,124,178342
ternary_string_quicksort,common_prefix,1300,5,125,178342
ternary_string_quicksort,common_prefix,1300,6,122,178342
ternary_string_quicksort,common_prefix,1300,7,124,178342
ternary_string_quicksort,common_prefix,1300,8,129,178342
ternary_string_quicksort,common_prefix,1300,9,127,178342
ternary_string_quicksort,common_prefix,1300,10,115,178342
ternary_string_quicksort,common_prefix,1400,1,181,192658
ternary_string_quicksort,common_prefix,1400,2,188,192658
ternary_string_quicksort,common_prefix,1400,3,146,192658
ternary_string_quicksort,common_prefix,1400,4,146,192658
ternary_string_quicksort,common_prefix,1400,5,143,192658
ternary_string_quicksort,common_prefix,1400,6,153,192658
ternary_string_quicksort,common_prefix,1400,7,129,192658
ternary_string_quicksort,common_prefix,1400,8,134,192658
ternary_string_quicksort,common_prefix,1400,9,136,192658
ternary_string_quicksort,common_prefix,1400,10,135,192658
ternary_string_quicksort,common_prefix,1500,1,191,205328
ternary_string_quicksort,common_prefix,1500,2,179,205328
ternary_string_quicksort,common_prefix,1500,3,160,205328
ternary_string_quicksort,common_prefix,1500,4,154,205328
ternary_string_quicksort,common_prefix,1500,5,166,205328
ternary_string_quicksort,common_prefix,1500,6,151,205328
ternary_string_quicksort,common_prefix,1500,7,144,205328
ternary_string_quicksort,common_prefix,1500,8,138,205328
ternary_string_quicksort,common_prefix,1500,9,156,205328
ternary_string_quicksort,common_prefix,1500,10,137,205328
ternary_string_quicksort,common_prefix,1600,1,219,221283
ternary_string_quicksort,common_prefix,1600,2,201,221283
ternary_string_quicksort,common_prefix,1600,3,182,221283
ternary_string_quicksort,common_prefix,1600,4,166,221283
ternary_string_quicksort,common_prefix,1600,5,170,221283
ternary_string_quicksort,common_prefix,1600,6,182,221283
ternary_string_quicksort,common_prefix,1600,7,166,221283
ternary_string_quicksort,common_prefix,1600,8,163,221283
ternary_string_quicksort,common_prefix,1600,9,163,221283
ternary_string_quicksort,common_prefix,1600,10,174,221283
ternary_string_quicksort,common_prefix,1700,1,224,235954
ternary_string_quicksort,common_prefix,1700,2,199,235954
ternary_string_quicksort,common_prefix,1700,3,200,235954
ternary_string_quicksort,common_prefix,1700,4,175,235954
ternary_string_quicksort,common_prefix,1700,5,172,235954
ternary_string_quicksort,common_prefix,1700,6,168,235954
ternary_string_quicksort,common_prefix,1700,7,180,235954
ternary_string_quicksort,common_prefix,1700,8,168,235954
ternary_string_quicksort,common_prefix,1700,9,163,235954
ternary_string_quicksort,common_prefix,1700,10,165,235954
ternary_string_quicksort,common_prefix,1800,1,230,246203
ternary_string_quicksort,common_prefix,1800,2,212,246203
ternary_string_quicksort,common_prefix,1800,3,195,246203
ternary_string_quicksort,common_prefix,1800,4,206,246203
ternary_string_quicksort,common_prefix,1800,5,200,246203
ternary_string_quicksort,common_prefix,1800,6,195,246203
ternary_string_quicksort,common_prefix,1800,7,199,246203
ternary_string_quicksort,common_prefix,1800,8,216,246203
ternary_string_quicksort,common_prefix,1800,9,205,246203
ternary_string_quicksort,common_prefix,1800,10,210,246203
ternary_string_quicksort,common_prefix,1900,1,249,260739
ternary_string_quicksort,common_prefix,1900,2,230,260739
ternary_string_quicksort,common_prefix,1900,3,231,260739
ternary_string_quicksort,common_prefix,1900,4,212,260739
ternary_string_quicksort,common_prefix,1900,5,206,260739
ternary_string_quicksort,common_prefix,1900,6,219,260739
ternary_string_quicksort,common_prefix,1900,7,198,260739
ternary_string_quicksort,common_prefix,1900,8,191,260739
ternary_string_quicksort,common_prefix,1900,9,207,260739
ternary_string_quicksort,common_prefix,1900,10,199,260739
ternary_string_quicksort,common_prefix,2000,1,261,278133
ternary_string_quicksort,common_prefix,2000,2,254,278133
ternary_string_quicksort,common_prefix,2000,3,226,278133
ternary_string_quicksort,common_prefix,2000,4,226,278133
ternary_string_quicksort,common_prefix,2000,5,246,278133
ternary_string_quicksort,common_prefix,2000,6,223,278133
ternary_string_quicksort,common_prefix,2000,7,219,278133
ternary_string_quicksort,common_prefix,2000,8,236,278133
ternary_string_quicksort,common_prefix,2000,9,216,278133
ternary_string_quicksort,common_prefix,2000,10,212,278133
ternary_string_quicksort,common_prefix,2100,1,290,290014
ternary_string_quicksort,common_prefix,2100,2,265,290014
ternary_string_quicksort,common_prefix,2100,3,245,290014
ternary_string_quicksort,common_prefix,2100,4,263,290014
ternary_string_quicksort,common_prefix,2100,5,244,290014
ternary_string_quicksort,common_prefix,2100,6,261,290014
ternary_string_quicksort,common_prefix,2100,7,244,290014
ternary_string_quicksort,common_prefix,2100,8,246,290014
ternary_string_quicksort,common_prefix,2100,9,261,290014
ternary_string_quicksort,common_prefix,2100,10,248,290014
ternary_string_quicksort,common_prefix,2200,1,303,306333
ternary_string_quicksort,common_prefix,2200,2,267,306333
ternary_string_quicksort,common_prefix,2200,3,263,306333
ternary_string_quicksort,common_prefix,2200,4,279,306333
ternary_string_quicksort,common_prefix,2200,5,257,306333
ternary_string_quicksort,common_prefix,2200,6,252,306333
ternary_string_quicksort,common_prefix,2200,7,245,306333
ternary_string_quicksort,common_prefix,2200,8,269,306333
ternary_string_quicksort,common_prefix,2200,9,265,306333
ternary_string_quicksort,common_prefix,2200,10,249,306333
ternary_string_quicksort,common_prefix,2300,1,303,319574
ternary_string_quicksort,common_prefix,2300,2,294,319574
ternary_string_quicksort,common_prefix,2300,3,273,319574
ternary_string_quicksort,common_prefix,2300,4,284,319574
ternary_string_quicksort,common_prefix,2300,5,271,319574
ternary_string_quicksort,common_prefix,2300,6,262,319574
ternary_string_quicksort,common_prefix,2300,7,258,319574
ternary_string_quicksort,common_prefix,2300,8,267,319574
ternary_string_quicksort,common_prefix,2300,9,274,319574
ternary_string_quicksort,common_prefix,2300,10,258,319574
ternary_string_quicksort,common_prefix,2400,1,319,333131
ternary_string_quicksort,common_prefix,2400,2,298,333131
ternary_string_quicksort,common_prefix,2400,3,292,333131
ternary_string_quicksort,common_prefix,2400,4,290,333131
ternary_string_quicksort,common_prefix,2400,5,281,333131
ternary_string_quicksort,common_prefix,2400,6,311,333131
ternary_string_quicksort,common_prefix,2400,7,286,333131
ternary_string_quicksort,common_prefix,2400,8,274,333131
ternary_string_quicksort,common_prefix,2400,9,293,333131
ternary_string_quicksort,common_prefix,2400,10,286,333131
ternary_string_quicksort,common_prefix,2500,1,352,354623
ternary_string_quicksort,common_prefix,2500,2,327,354623
ternary_string_quicksort,common_prefix,2500,3,325,354623
ternary_string_quicksort,common_prefix,2500,4,312,354623
ternary_string_quicksort,common_prefix,2500,5,326,354623
ternary_string_quicksort,common_prefix,2500,6,303,354623
ternary_string_quicksort,common_prefix,2500,7,309,354623
ternary_string_quicksort,common_prefix,2500,8,296,354623
ternary_string_quicksort,common_prefix,2500,9,289,354623
ternary_string_quicksort,common_prefix,2500,10,320,354623
ternary_string_quicksort,common_prefix,2600,1,356,360688
ternary_string_quicksort,common_prefix,2600,2,339,360688
ternary_string_quicksort,common_prefix,2600,3,326,360688
ternary_string_quicksort,common_prefix,2600,4,321,360688
ternary_string_quicksort,common_prefix,2600,5,322,360688
ternary_string_quicksort,common_prefix,2600,6,318,360688
ternary_string_quicksort,common_prefix,2600,7,306,360688
ternary_string_quicksort,common_prefix,2600,8,325,360688
ternary_string_quicksort,common_prefix,2600,9,311,360688
ternary_string_quicksort,common_prefix,2600,10,330,360688
ternary_string_quicksort,common_prefix,2700,1,369,375839
ternary_string_quicksort,common_prefix,2700,2,369,375839
ternary_string_quicksort,common_prefix,2700,3,343,375839
ternary_string_quicksort,common_prefix,2700,4,353,375839
ternary_string_quicksort,common_prefix,2700,5,321,375839
ternary_string_quicksort,common_prefix,2700,6,340,375839
ternary_string_quicksort,common_prefix,2700,7,327,375839
ternary_string_quicksort,common_prefix,2700,8,369,375839
ternary_string_quicksort,common_prefix,2700,9,320,375839
ternary_string_quicksort,common_prefix,2700,10,325,375839
ternary_string_quicksort,common_prefix,2800,1,385,389726
ternary_string_quicksort,common_prefix,2800,2,384,389726
ternary_string_quicksort,common_prefix,2800,3,362,389726
ternary_string_quicksort,common_prefix,2800,4,353,389726
ternary_string_quicksort,common_prefix,2800,5,350,389726
ternary_string_quicksort,common_prefix,2800,6,364,389726
ternary_string_quicksort,common_prefix,2800,7,356,389726
ternary_string_quicksort,common_prefix,2800,8,345,389726
ternary_string_quicksort,common_prefix,2800,9,352,389726
ternary_string_quicksort,common_prefix,2800,10,346,389726
ternary_string_quicksort,common_prefix,2900,1,415,402821
ternary_string_quicksort,common_prefix,2900,2,376,402821
ternary_string_quicksort,common_prefix,2900,3,360,402821
ternary_string_quicksort,common_prefix,2900,4,351,402821
ternary_string_quicksort,common_prefix,2900,5,384,402821
ternary_string_quicksort,common_prefix,2900,6,384,402821
ternary_string_quicksort,common_prefix,2900,7,368,402821
ternary_string_quicksort,common_prefix,2900,8,364,402821
ternary_string_quicksort,common_prefix,2900,9,363,402821
ternary_string_quicksort,common_prefix,2900,10,377,402821
ternary_string_quicksort,common_prefix,3000,1,397,414751
ternary_string_quicksort,common_prefix,3000,2,408,414751
ternary_string_quicksort,common_prefix,3000,3,373,414751
ternary_string_quicksort,common_prefix,3000,4,372,414751
ternary_string_quicksort,common_prefix,3000,5,371,414751
ternary_string_quicksort,common_prefix,3000,6,355,414751
ternary_string_quicksort,common_prefix,3000,7,351,414751
ternary_string_quicksort,common_prefix,3000,8,369,414751
ternary_string_quicksort,common_prefix,3000,9,368,414751
ternary_string_quicksort,common_prefix,3000,10,381,414751
lcp_mergesort,random,100,1,37,519
lcp_mergesort,random,100,2,32,519
lcp_mergesort,random,100,3,26,519
lcp_mergesort,random,100,4,23,519
lcp_mergesort,random,100,5,23,519
lcp_mergesort,random,100,6,22,519
lcp_mergesort,random,100,7,22,519
lcp_mergesort,random,100,8,23,519
lcp_mergesort,random,100,9,23,519
lcp_mergesort,random,100,10,22,519
lcp_mergesort,random,200,1,115,1175
lcp_mergesort,random,200,2,70,1175
lcp_mergesort,random,200,3,60,1175
lcp_mergesort,random,200,4,59,1175
lcp_mergesort,random,200,5,55,1175
lcp_mergesort,random,200,6,55,1175
lcp_mergesort,random,200,7,55,1175
lcp_mergesort,random,200,8,54,1175
lcp_mergesort,random,200,9,54,1175
lcp_mergesort,random,200,10,53,1175
lcp_mergesort,random,300,1,129,1912
lcp_mergesort,random,300,2,119,1912
lcp_mergesort,random,300,3,115,1912
lcp_mergesort,random,300,4,97,1912
lcp_mergesort,random,300,5,93,1912
lcp_mergesort,random,300,6,92,1912
lcp_mergesort,random,300,7,97,1912
lcp_mergesort,random,300,8,96,1912
lcp_mergesort,random,300,9,91,1912
lcp_mergesort,random,300,10,94,1912
lcp_mergesort,random,400,1,186,2729
lcp_mergesort,random,400,2,168,2729
lcp_mergesort,random,400,3,156,2729
lcp_mergesort,random,400,4,148,2729
lcp_mergesort,random,400,5,144,2729
lcp_mergesort,random,400,6,142,2729
lcp_mergesort,random,400,7,138,2729
lcp_mergesort,random,400,8,136,2729
lcp_mergesort,random,400,9,141,2729
lcp_mergesort,random,400,10,157,2729
lcp_mergesort,random,500,1,218,3522
lcp_mergesort,random,500,2,225,3522
lcp_mergesort,random,500,3,214,3522
lcp_mergesort,random,500,4,211,3522
lcp_mergesort,random,500,5,201,3522
lcp_mergesort,random,500,6,218,3522
lcp_mergesort,random,500,7,189,3522
lcp_mergesort,random,500,8,194,3522
lcp_mergesort,random,500,9,194,3522
lcp_mergesort,random,500,10,204,3522
lcp_mergesort,random,600,1,271,4361
lcp_mergesort,random,600,2,261,4361
lcp_mergesort,random,600,3,271,4361
lcp_mergesort,random,600,4,262,4361
lcp_mergesort,random,600,5,257,4361
lcp_mergesort,random,600,6,248,4361
lcp_mergesort,random,600,7,261,4361
lcp_mergesort,random,600,8,257,4361
lcp_mergesort,random,600,9,246,4361
lcp_mergesort,random,600,10,255,4361
lcp_mergesort,random,700,1,325,5235
lcp_mergesort,random,700,2,319,5235
lcp_mergesort,random,700,3,321,5235
lcp_mergesort,random,700,4,306,5235
lcp_mergesort,random,700,5,312,5235
lcp_mergesort,random,700,6,313,5235
lcp_mergesort,random,700,7,315,5235
lcp_mergesort,random,700,8,330,5235
lcp_mergesort,random,700,9,309,5235
lcp_mergesort,random,700,10,313,5235
lcp_mergesort,random,800,1,402,6141
lcp_mergesort,random,800,2,370,6141
lcp_mergesort,random,800,3,389,6141
lcp_mergesort,random,800,4,365,6141
lcp_mergesort,random,800,5,384,6141
lcp_mergesort,random,800,6,376,6141
lcp_mergesort,random,800,7,365,6141
lcp_mergesort,random,800,8,378,6141
lcp_mergesort,random,800,9,360,6141
lcp_mergesort,random,800,10,377,6141
lcp_mergesort,random,900,1,429,7006
lcp_mergesort,random,900,2,442,7006
lcp_mergesort,random,900,3,416,7006
lcp_mergesort,random,900,4,439,7006
lcp_mergesort,random,900,5,426,7006
lcp_mergesort,random,900,6,440,7006
lcp_mergesort,random,900,7,414,7006
lcp_mergesort,random,900,8,442,7006
lcp_mergesort,random,900,9,421,7006
lcp_mergesort,random,900,10,433,7006
lcp_mergesort,random,1000,1,485,7933
lcp_mergesort,random,1000,2,487,7933
lcp_mergesort,random,1000,3,479,7933
lcp_mergesort,random,1000,4,485,7933
lcp_mergesort,random,1000,5,471,7933
lcp_mergesort,random,1000,6,476,7933
lcp_mergesort,random,1000,7,493,7933
lcp_mergesort,random,1000,8,477,7933
lcp_mergesort,random,1000,9,502,7933
lcp_mergesort,random,1000,10,471,7933
lcp_mergesort,random,1100,1,569,8806
lcp_mergesort,random,1100,2,560,8806
lcp_mergesort,random,1100,3,534,8806
lcp_mergesort,random,1100,4,560,8806
lcp_mergesort,random,1100,5,537,8806
lcp_mergesort,random,1100,6,530,8806
lcp_mergesort,random,1100,7,556,8806
lcp_mergesort,random,1100,8,531,8806
lcp_mergesort,random,1100,9,558,8806
lcp_mergesort,random,1100,10,552,8806
lcp_mergesort,random,1200,1,594,9807
lcp_mergesort,random,1200,2,611,9807
lcp_mergesort,random,1200,3,619,9807
lcp_mergesort,random,1200,4,604,9807
lcp_mergesort,random,1200,5,616,9807
lcp_mergesort,random,1200,6,606,9807
lcp_mergesort,random,1200,7,593,9807
lcp_mergesort,random,1200,8,613,9807
lcp_mergesort,random,1200,9,604,9807
lcp_mergesort,random,1200,10,606,9807
lcp_mergesort,random,1300,1,850,10700
lcp_mergesort,random,1300,2,704,10700
lcp_mergesort,random,1300,3,704,10700
lcp_mergesort,random,1300,4,686,10700
lcp_mergesort,random,1300,5,699,10700
lcp_mergesort,random,1300,6,669,10700
lcp_mergesort,random,1300,7,674,10700
lcp_mergesort,random,1300,8,700,10700
lcp_mergesort,random,1300,9,693,10700
lcp_mergesort,random,1300,10,677,10700
lcp_mergesort,random,1400,1,877,11694
lcp_mergesort,random,1400,2,743,11694
lcp_mergesort,random,1400,3,738,11694
lcp_mergesort,random,1400,4,750,11694
lcp_mergesort,random,1400,5,769,11694
lcp_mergesort,random,1400,6,762,11694
lcp_mergesort,random,1400,7,756,11694
lcp_mergesort,random,1400,8,736,11694
lcp_mergesort,random,1400,9,732,11694
lcp_mergesort,random,1400,10,763,11694
lcp_mergesort,random,1500,1,966,12691
lcp_mergesort,random,1500,2,822,12691
lcp_mergesort,random,1500,3,812,12691
lcp_mergesort,random,1500,4,820,12691
lcp_mergesort,random,1500,5,833,12691
lcp_mergesort,random,1500,6,808,12691
lcp_mergesort,random,1500,7,795,12691
lcp_mergesort,random,1500,8,804,12691
lcp_mergesort,random,1500,9,801,12691
lcp_mergesort,random,1500,10,806,12691
lcp_mergesort,random,1600,1,890,13641
lcp_mergesort,random,1600,2,856,13641
lcp_mergesort,random,1600,3,839,13641
lcp_mergesort,random,1600,4,896,13641
lcp_mergesort,random,1600,5,875,13641
lcp_mergesort,random,1600,6,840,13641
lcp_mergesort,random,1600,7,854,13641
lcp_mergesort,random,1600,8,860,13641
lcp_mergesort,random,1600,9,899,13641
lcp_mergesort,random,1600,10,863,13641
lcp_mergesort,random,1700,1,915,14544
lcp_mergesort,random,1700,2,918,14544
lcp_mergesort,random,1700,3,920,14544
lcp_mergesort,random,1700,4,917,14544
lcp_mergesort,random,1700,5,915,14544
lcp_mergesort,random,1700,6,902,14544
lcp_mergesort,random,1700,7,905,14544
lcp_mergesort,random,1700,8,905,14544
lcp_mergesort,random,1700,9,911,14544
lcp_mergesort,random,1700,10,899,14544
lcp_mergesort,random,1800,1,985,15522
lcp_mergesort,random,1800,2,974,15522
lcp_mergesort,random,1800,3,992,15522
lcp_mergesort,random,1800,4,955,15522
lcp_mergesort,random,1800,5,989,15522
lcp_mergesort,random,1800,6,1011,15522
lcp_mergesort,random,1800,7,991,15522
lcp_mergesort,random,1800,8,1067,15522
lcp_mergesort,random,1800,9,1079,15522
lcp_mergesort,random,1800,10,996,15522
lcp_mergesort,random,1900,1,1151,16552
lcp_mergesort,random,1900,2,1065,16552
lcp_mergesort,random,1900,3,1057,16552
lcp_mergesort,random,1900,4,1038,16552
lcp_mergesort,random,1900,5,1036,16552
lcp_mergesort,random,1900,6,1037,16552
lcp_mergesort,random,1900,7,1056,16552
lcp_mergesort,random,1900,8,1046,16552
lcp_mergesort,random,1900,9,1036,16552
lcp_mergesort,random,1900,10,1081,16552
lcp_mergesort,random,2000,1,1263,17526
lcp_mergesort,random,2000,2,1108,17526
lcp_mergesort,random,2000,3,1098,17526
lcp_mergesort,random,2000,4,1093,17526
lcp_mergesort,random,2000,5,1087,17526
lcp_mergesort,random,2000,6,1110,17526
lcp_mergesort,random,2000,7,1086,17526
lcp_mergesort,random,2000,8,1088,17526
lcp_mergesort,random,2000,9,1093,17526
lcp_mergesort,random,2000,10,1097,17526
lcp_mergesort,random,2100,1,1154,18549
lcp_mergesort,random,2100,2,1145,18549
lcp_mergesort,random,2100,3,1154,18549
lcp_mergesort,random,2100,4,1169,18549
lcp_mergesort,random,2100,5,1155,18549
lcp_mergesort,random,2100,6,1158,18549
lcp_mergesort,random,2100,7,1156,18549
lcp_mergesort,random,2100,8,1148,18549
lcp_mergesort,random,2100,9,1165,18549
lcp_mergesort,random,2100,10,1167,18549
lcp_mergesort,random,2200,1,1243,19481
lcp_mergesort,random,2200,2,1259,19481
lcp_mergesort,random,2200,3,1268,19481
lcp_mergesort,random,2200,4,1227,19481
lcp_mergesort,random,2200,5,1221,19481
lcp_mergesort,random,2200,6,1233,19481
lcp_mergesort,random,2200,7,1212,19481
lcp_mergesort,random,2200,8,1233,19481
lcp_mergesort,random,2200,9,1222,19481
lcp_mergesort,random,2200,10,1226,19481
lcp_mergesort,random,2300,1,1348,20563
lcp_mergesort,random,2300,2,1291,20563
lcp_mergesort,random,2300,3,1288,20563
lcp_mergesort,random,2300,4,1287,20563
lcp_mergesort,random,2300,5,1361,20563
lcp_mergesort,random,2300,6,1335,20563
lcp_mergesort,random,2300,7,1306,20563
lcp_mergesort,random,2300,8,1325,20563
lcp_mergesort,random,2300,9,1308,20563
lcp_mergesort,random,2300,10,1328,20563
lcp_mergesort,random,2400,1,1391,21604
lcp_mergesort,random,2400,2,1358,21604
lcp_mergesort,random,2400,3,1374,21604
lcp_mergesort,random,2400,4,1355,21604
lcp_mergesort,random,2400,5,1398,21604
lcp_mergesort,random,2400,6,1370,21604
lcp_mergesort,random,2400,7,1372,21604
lcp_mergesort,random,2400,8,1361,21604
lcp_mergesort,random,2400,9,1359,21604
lcp_mergesort,random,2400,10,1395,21604
lcp_mergesort,random,2500,1,1390,22663
lcp_mergesort,random,2500,2,1397,22663
lcp_mergesort,random,2500,3,1428,22663
lcp_mergesort,random,2500,4,1414,22663
lcp_mergesort,random,2500,5,1412,22663
lcp_mergesort,random,2500,6,1424,22663
lcp_mergesort,random,2500,7,1468,22663
lcp_mergesort,random,2500,8,1416,22663
lcp_mergesort,random,2500,9,1422,22663
lcp_mergesort,random,2500,10,1403,22663
lcp_mergesort,random,2600,1,1480,23652
lcp_mergesort,random,2600,2,1466,23652
lcp_mergesort,random,2600,3,1478,23652
lcp_mergesort,random,2600,4,1500,23652
lcp_mergesort,random,2600,5,1457,23652
lcp_mergesort,random,2600,6,1497,23652
lcp_mergesort,random,2600,7,1485,23652
lcp_mergesort,random,2600,8,1448,23652
lcp_mergesort,random,2600,9,1478,23652
lcp_mergesort,random,2600,10,1456,23652
lcp_mergesort,random,2700,1,1517,24641
lcp_mergesort,random,2700,2,1547,24641
lcp_mergesort,random,2700,3,1539,24641
lcp_mergesort,random,2700,4,1536,24641
lcp_mergesort,random,2700,5,1542,24641
lcp_mergesort,random,2700,6,1541,24641
lcp_mergesort,random,2700,7,1583,24641
lcp_mergesort,random,2700,8,1525,24641
lcp_mergesort,random,2700,9,1543,24641
lcp_mergesort,random,2700,10,1528,24641
lcp_mergesort,random,2800,1,1604,25771
lcp_mergesort,random,2800,2,1609,25771
lcp_mergesort,random,2800,3,1617,25771
lcp_mergesort,random,2800,4,1607,25771
lcp_mergesort,random,2800,5,1619,25771
lcp_mergesort,random,2800,6,1595,25771
lcp_mergesort,random,2800,7,1614,25771
lcp_mergesort,random,2800,8,1617,25771
lcp_mergesort,random,2800,9,1666,25771
lcp_mergesort,random,2800,10,1587,25771
lcp_mergesort,random,2900,1,1661,26789
lcp_mergesort,random,2900,2,1680,26789
lcp_mergesort,random,2900,3,1666,26789
lcp_mergesort,random,2900,4,1700,26789
lcp_mergesort,random,2900,5,1670,26789
lcp_mergesort,random,2900,6,1653,26789
lcp_mergesort,random,2900,7,1640,26789
lcp_mergesort,random,2900,8,1639,26789
lcp_mergesort,random,2900,9,1661,26789
lcp_mergesort,random,2900,10,1675,26789
lcp_mergesort,random,3000,1,1764,27866
lcp_mergesort,random,3000,2,1740,27866
lcp_mergesort,random,3000,3,1719,27866
lcp_mergesort,random,3000,4,1726,27866
lcp_mergesort,random,3000,5,1732,27866
lcp_mergesort,random,3000,6,1718,27866
lcp_mergesort,random,3000,7,1725,27866
lcp_mergesort,random,3000,8,1706,27866
lcp_mergesort,random,3000,9,1691,27866
lcp_mergesort,random,3000,10,1716,27866
lcp_mergesort,reverse_sorted,100,1,39,382
lcp_mergesort,reverse_sorted,100,2,37,382
lcp_mergesort,reverse_sorted,100,3,23,382
lcp_mergesort,reverse_sorted,100,4,34,382
lcp_mergesort,reverse_sorted,100,5,23,382
lcp_mergesort,reverse_sorted,100,6,23,382
lcp_mergesort,reverse_sorted,100,7,23,382
lcp_mergesort,reverse_sorted,100,8,23,382
lcp_mergesort,reverse_sorted,100,9,23,382
lcp_mergesort,reverse_sorted,100,10,23,382
lcp_mergesort,reverse_sorted,200,1,72,765
lcp_mergesort,reverse_sorted,200,2,61,765
lcp_mergesort,reverse_sorted,200,3,66,765
lcp_mergesort,reverse_sorted,200,4,62,765
lcp_mergesort,reverse_sorted,200,5,62,765
lcp_mergesort,reverse_sorted,200,6,58,765
lcp_mergesort,reverse_sorted,200,7,56,765
lcp_mergesort,reverse_sorted,200,8,56,765
lcp_mergesort,reverse_sorted,200,9,51,765
lcp_mergesort,reverse_sorted,200,10,56,765
lcp_mergesort,reverse_sorted,300,1,132,1175
lcp_mergesort,reverse_sorted,300,2,105,1175
lcp_mergesort,reverse_sorted,300,3,105,1175
lcp_mergesort,reverse_sorted,300,4,99,1175
lcp_mergesort,reverse_sorted,300,5,91,1175
lcp_mergesort,reverse_sorted,300,6,91,1175
lcp_mergesort,reverse_sorted,300,7,98,1175
lcp_mergesort,reverse_sorted,300,8,91,1175
lcp_mergesort,reverse_sorted,300,9,98,1175
lcp_mergesort,reverse_sorted,300,10,85,1175
lcp_mergesort,reverse_sorted,400,1,155,1542
lcp_mergesort,reverse_sorted,400,2,149,1542
lcp_mergesort,reverse_sorted,400,3,144,1542
lcp_mergesort,reverse_sorted,400,4,153,1542
lcp_mergesort,reverse_sorted,400,5,159,1542
lcp_mergesort,reverse_sorted,400,6,135,1542
lcp_mergesort,reverse_sorted,400,7,141,1542
lcp_mergesort,reverse_sorted,400,8,142,1542
lcp_mergesort,reverse_sorted,400,9,138,1542
lcp_mergesort,reverse_sorted,400,10,129,1542
lcp_mergesort,reverse_sorted,500,1,218,1895
lcp_mergesort,reverse_sorted,500,2,185,1895
lcp_mergesort,reverse_sorted,500,3,192,1895
lcp_mergesort,reverse_sorted,500,4,186,1895
lcp_mergesort,reverse_sorted,500,5,175,1895
lcp_mergesort,reverse_sorted,500,6,182,1895
lcp_mergesort,reverse_sorted,500,7,172,1895
lcp_mergesort,reverse_sorted,500,8,170,1895
lcp_mergesort,reverse_sorted,500,9,169,1895
lcp_mergesort,reverse_sorted,500,10,180,1895
lcp_mergesort,reverse_sorted,600,1,244,2387
lcp_mergesort,reverse_sorted,600,2,231,2387
lcp_mergesort,reverse_sorted,600,3,229,2387
lcp_mergesort,reverse_sorted,600,4,238,2387
lcp_mergesort,reverse_sorted,600,5,231,2387
lcp_mergesort,reverse_sorted,600,6,225,2387
lcp_mergesort,reverse_sorted,600,7,231,2387
lcp_mergesort,reverse_sorted,600,8,227,2387
lcp_mergesort,reverse_sorted,600,9,226,2387
lcp_mergesort,reverse_sorted,600,10,236,2387
lcp_mergesort,reverse_sorted,700,1,305,2734
lcp_mergesort,reverse_sorted,700,2,280,2734
lcp_mergesort,reverse_sorted,700,3,279,2734
lcp_mergesort,reverse_sorted,700,4,288,2734
lcp_mergesort,reverse_sorted,700,5,271,2734
lcp_mergesort,reverse_sorted,700,6,269,2734
lcp_mergesort,reverse_sorted,700,7,292,2734
lcp_mergesort,reverse_sorted,700,8,280,2734
lcp_mergesort,reverse_sorted,700,9,281,2734
lcp_mergesort,reverse_sorted,700,10,284,2734
lcp_mergesort,reverse_sorted,800,1,360,3121
lcp_mergesort,reverse_sorted,800,2,349,3121
lcp_mergesort,reverse_sorted,800,3,343,3121
lcp_mergesort,reverse_sorted,800,4,321,3121
lcp_mergesort,reverse_sorted,800,5,339,3121
lcp_mergesort,reverse_sorted,800,6,326,3121
lcp_mergesort,reverse_sorted,800,7,327,3121
lcp_mergesort,reverse_sorted,800,8,320,3121
lcp_mergesort,reverse_sorted,800,9,327,3121
lcp_mergesort,reverse_sorted,800,10,337,3121
lcp_mergesort,reverse_sorted,900,1,407,3478
lcp_mergesort,reverse_sorted,900,2,408,3478
lcp_mergesort,reverse_sorted,900,3,400,3478
lcp_mergesort,reverse_sorted,900,4,394,3478
lcp_mergesort,reverse_sorted,900,5,375,3478
lcp_mergesort,reverse_sorted,900,6,383,3478
lcp_mergesort,reverse_sorted,900,7,364,3478
lcp_mergesort,reverse_sorted,900,8,363,3478
lcp_mergesort,reverse_sorted,900,9,411,3478
lcp_mergesort,reverse_sorted,900,10,373,3478
lcp_mergesort,reverse_sorted,1000,1,483,3769
lcp_mergesort,reverse_sorted,1000,2,417,3769
lcp_mergesort,reverse_sorted,1000,3,435,3769
lcp_mergesort,reverse_sorted,1000,4,427,3769
lcp_mergesort,reverse_sorted,1000,5,439,3769
lcp_mergesort,reverse_sorted,1000,6,423,3769
lcp_mergesort,reverse_sorted,1000,7,425,3769
lcp_mergesort,reverse_sorted,1000,8,436,3769
lcp_mergesort,reverse_sorted,1000,9,427,3769
lcp_mergesort,reverse_sorted,1000,10,435,3769
lcp_mergesort,reverse_sorted,1100,1,499,4254
lcp_mergesort,reverse_sorted,1100,2,492,4254
lcp_mergesort,reverse_sorted,1100,3,476,4254
lcp_mergesort,reverse_sorted,1100,4,510,4254
lcp_mergesort,reverse_sorted,1100,5,478,4254
lcp_mergesort,reverse_sorted,1100,6,466,4254
lcp_mergesort,reverse_sorted,1100,7,492,4254
lcp_mergesort,reverse_sorted,1100,8,471,4254
lcp_mergesort,reverse_sorted,1100,9,476,4254
lcp_mergesort,reverse_sorted,1100,10,474,4254
lcp_mergesort,reverse_sorted,1200,1,542,4724
lcp_mergesort,reverse_sorted,1200,2,541,4724
lcp_mergesort,reverse_sorted,1200,3,514,4724
lcp_mergesort,reverse_sorted,1200,4,544,4724
lcp_mergesort,reverse_sorted,1200,5,528,4724
lcp_mergesort,reverse_sorted,1200,6,521,4724
lcp_mergesort,reverse_sorted,1200,7,521,4724
lcp_mergesort,reverse_sorted,1200,8,530,4724
lcp_mergesort,reverse_sorted,1200,9,548,4724
lcp_mergesort,reverse_sorted,1200,10,539,4724
lcp_mergesort,reverse_sorted,1300,1,577,5164
lcp_mergesort,reverse_sorted,1300,2,582,5164
lcp_mergesort,reverse_sorted,1300,3,587,5164
lcp_mergesort,reverse_sorted,1300,4,565,5164
lcp_mergesort,reverse_sorted,1300,5,568,5164
lcp_mergesort,reverse_sorted,1300,6,577,5164
lcp_mergesort,reverse_sorted,1300,7,568,5164
lcp_mergesort,reverse_sorted,1300,8,577,5164
lcp_mergesort,reverse_sorted,1300,9,588,5164
lcp_mergesort,reverse_sorted,1300,10,566,5164
lcp_mergesort,reverse_sorted,1400,1,634,5497
lcp_mergesort,reverse_sorted,1400,2,634,5497
lcp_mergesort,reverse_sorted,1400,3,631,5497
lcp_mergesort,reverse_sorted,1400,4,611,5497
lcp_mergesort,reverse_sorted,1400,5,619,5497
lcp_mergesort,reverse_sorted,1400,6,647,5497
lcp_mergesort,reverse_sorted,1400,7,623,5497
lcp_mergesort,reverse_sorted,1400,8,616,5497
lcp_mergesort,reverse_sorted,1400,9,615,5497
lcp_mergesort,reverse_sorted,1400,10,632,5497
lcp_mergesort,reverse_sorted,1500,1,710,5947
lcp_mergesort,reverse_sorted,1500,2,696,5947
lcp_mergesort,reverse_sorted,1500,3,687,5947
lcp_mergesort,reverse_sorted,1500,4,701,5947
lcp_mergesort,reverse_sorted,1500,5,713,5947
lcp_mergesort,reverse_sorted,1500,6,704,5947
lcp_mergesort,reverse_sorted,1500,7,698,5947
lcp_mergesort,reverse_sorted,1500,8,693,5947
lcp_mergesort,reverse_sorted,1500,9,702,5947
lcp_mergesort,reverse_sorted,1500,10,708,5947
lcp_mergesort,reverse_sorted,1600,1,733,6328
lcp_mergesort,reverse_sorted,1600,2,753,6328
lcp_mergesort,reverse_sorted,1600,3,728,6328
lcp_mergesort,reverse_sorted,1600,4,701,6328
lcp_mergesort,reverse_sorted,1600,5,717,6328
lcp_mergesort,reverse_sorted,1600,6,725,6328
lcp_mergesort,reverse_sorted,1600,7,724,6328
lcp_mergesort,reverse_sorted,1600,8,720,6328
lcp_mergesort,reverse_sorted,1600,9,723,6328
lcp_mergesort,reverse_sorted,1600,10,705,6328
lcp_mergesort,reverse_sorted,1700,1,807,6701
lcp_mergesort,reverse_sorted,1700,2,765,6701
lcp_mergesort,reverse_sorted,1700,3,777,6701
lcp_mergesort,reverse_sorted,1700,4,768,6701
lcp_mergesort,reverse_sorted,1700,5,818,6701
lcp_mergesort,reverse_sorted,1700,6,782,6701
lcp_mergesort,reverse_sorted,1700,7,765,6701
lcp_mergesort,reverse_sorted,1700,8,766,6701
lcp_mergesort,reverse_sorted,1700,9,774,6701
lcp_mergesort,reverse_sorted,1700,10,761,6701
lcp_mergesort,reverse_sorted,1800,1,858,6936
lcp_mergesort,reverse_sorted,1800,2,848,6936
lcp_mergesort,reverse_sorted,1800,3,910,6936
lcp_mergesort,reverse_sorted,1800,4,850,6936
lcp_mergesort,reverse_sorted,1800,5,865,6936
lcp_mergesort,reverse_sorted,1800,6,852,6936
lcp_mergesort,reverse_sorted,1800,7,832,6936
lcp_mergesort,reverse_sorted,1800,8,832,6936
lcp_mergesort,reverse_sorted,1800,9,875,6936
lcp_mergesort,reverse_sorted,1800,10,827,6936
lcp_mergesort,reverse_sorted,1900,1,951,7337
lcp_mergesort,reverse_sorted,1900,2,904,7337
lcp_mergesort,reverse_sorted,1900,3,890,7337
lcp_mergesort,reverse_sorted,1900,4,928,7337
lcp_mergesort,reverse_sorted,1900,5,911,7337
lcp_mergesort,reverse_sorted,1900,6,898,7337
lcp_mergesort,reverse_sorted,1900,7,889,7337
lcp_mergesort,reverse_sorted,1900,8,890,7337
lcp_mergesort,reverse_sorted,1900,9,891,7337
lcp_mergesort,reverse_sorted,1900,10,886,7337
lcp_mergesort,reverse_sorted,2000,1,935,7612
lcp_mergesort,reverse_sorted,2000,2,936,7612
lcp_mergesort,reverse_sorted,2000,3,937,7612
lcp_mergesort,reverse_sorted,2000,4,961,7612
lcp_mergesort,reverse_sorted,2000,5,952,7612
lcp_mergesort,reverse_sorted,2000,6,962,7612
lcp_mergesort,reverse_sorted,2000,7,935,7612
lcp_mergesort,reverse_sorted,2000,8,924,7612
lcp_mergesort,reverse_sorted,2000,9,954,7612
lcp_mergesort,reverse_sorted,2000,10,965,7612
lcp_mergesort,reverse_sorted,2100,1,1016,8060
lcp_mergesort,reverse_sorted,2100,2,999,8060
lcp_mergesort,reverse_sorted,2100,3,997,8060
lcp_mergesort,reverse_sorted,2100,4,991,8060
lcp_mergesort,reverse_sorted,2100,5,1003,8060
lcp_mergesort,reverse_sorted,2100,6,1013,8060
lcp_mergesort,reverse_sorted,2100,7,999,8060
lcp_mergesort,reverse_sorted,2100,8,1002,8060
lcp_mergesort,reverse_sorted,2100,9,1002,8060
lcp_mergesort,reverse_sorted,2100,10,1011,8060
lcp_mergesort,reverse_sorted,2200,1,1060,8612
lcp_mergesort,reverse_sorted,2200,2,1050,8612
lcp_mergesort,reverse_sorted,2200,3,1065,8612
lcp_mergesort,reverse_sorted,2200,4,1063,8612
lcp_mergesort,reverse_sorted,2200,5,1059,8612
lcp_mergesort,reverse_sorted,2200,6,1061,8612
lcp_mergesort,reverse_sorted,2200,7,1066,8612
lcp_mergesort,reverse_sorted,2200,8,1069,8612
lcp_mergesort,reverse_sorted,2200,9,1072,8612
lcp_mergesort,reverse_sorted,2200,10,1068,8612
lcp_mergesort,reverse_sorted,2300,1,1152,9073
lcp_mergesort,reverse_sorted,2300,2,1158,9073
lcp_mergesort,reverse_sorted,2300,3,1116,9073
lcp_mergesort,reverse_sorted,2300,4,1156,9073
lcp_mergesort,reverse_sorted,2300,5,1143,9073
lcp_mergesort,reverse_sorted,2300,6,1106,9073
lcp_mergesort,reverse_sorted,2300,7,1114,9073
lcp_mergesort,reverse_sorted,2300,8,1176,9073
lcp_mergesort,reverse_sorted,2300,9,1133,9073
lcp_mergesort,reverse_sorted,2300,10,1214,9073
lcp_mergesort,reverse_sorted,2400,1,1344,9492
lcp_mergesort,reverse_sorted,2400,2,1186,9492
lcp_mergesort,reverse_sorted,2400,3,1177,9492
lcp_mergesort,reverse_sorted,2400,4,1178,9492
lcp_mergesort,reverse_sorted,2400,5,1170,9492
lcp_mergesort,reverse_sorted,2400,6,1187,9492
lcp_mergesort,reverse_sorted,2400,7,1165,9492
lcp_mergesort,reverse_sorted,2400,8,1182,9492
lcp_mergesort,reverse_sorted,2400,9,1169,9492
lcp_mergesort,reverse_sorted,2400,10,1176,9492
lcp_mergesort,reverse_sorted,2500,1,1244,9861
lcp_mergesort,reverse_sorted,2500,2,1238,9861
lcp_mergesort,reverse_sorted,2500,3,1215,9861
lcp_mergesort,reverse_sorted,2500,4,1237,9861
lcp_mergesort,reverse_sorted,2500,5,1277,9861
lcp_mergesort,reverse_sorted,2500,6,1226,9861
lcp_mergesort,reverse_sorted,2500,7,1215,9861
lcp_mergesort,reverse_sorted,2500,8,1216,9861
lcp_mergesort,reverse_sorted,2500,9,1268,9861
lcp_mergesort,reverse_sorted,2500,10,1251,9861
lcp_mergesort,reverse_sorted,2600,1,1290,10415
lcp_mergesort,reverse_sorted,2600,2,1272,10415
lcp_mergesort,reverse_sorted,2600,3,1259,10415
lcp_mergesort,reverse_sorted,2600,4,1278,10415
lcp_mergesort,reverse_sorted,2600,5,1268,10415
lcp_mergesort,reverse_sorted,2600,6,1290,10415
lcp_mergesort,reverse_sorted,2600,7,1283,10415
lcp_mergesort,reverse_sorted,2600,8,1288,10415
lcp_mergesort,reverse_sorted,2600,9,1259,10415
lcp_mergesort,reverse_sorted,2600,10,1270,10415
lcp_mergesort,reverse_sorted,2700,1,1332,10856
lcp_mergesort,reverse_sorted,2700,2,1347,10856
lcp_mergesort,reverse_sorted,2700,3,1325,10856
lcp_mergesort,reverse_sorted,2700,4,1334,10856
lcp_mergesort,reverse_sorted,2700,5,1333,10856
lcp_mergesort,reverse_sorted,2700,6,1329,10856
lcp_mergesort,reverse_sorted,2700,7,1313,10856
lcp_mergesort,reverse_sorted,2700,8,1345,10856
lcp_mergesort,reverse_sorted,2700,9,1321,10856
lcp_mergesort,reverse_sorted,2700,10,1332,10856
lcp_mergesort,reverse_sorted,2800,1,1450,11138
lcp_mergesort,reverse_sorted,2800,2,1385,11138
lcp_mergesort,reverse_sorted,2800,3,1570,11138
lcp_mergesort,reverse_sorted,2800,4,1555,11138
lcp_mergesort,reverse_sorted,2800,5,1482,11138
lcp_mergesort,reverse_sorted,2800,6,1438,11138
lcp_mergesort,reverse_sorted,2800,7,1398,11138
lcp_mergesort,reverse_sorted,2800,8,1404,11138
lcp_mergesort,reverse_sorted,2800,9,1418,11138
lcp_mergesort,reverse_sorted,2800,10,1430,11138
lcp_mergesort,reverse_sorted,2900,1,1422,11492
lcp_mergesort,reverse_sorted,2900,2,1433,11492
lcp_mergesort,reverse_sorted,2900,3,1428,11492
lcp_mergesort,reverse_sorted,2900,4,1423,11492
lcp_mergesort,reverse_sorted,2900,5,1428,11492
lcp_mergesort,reverse_sorted,2900,6,1486,11492
lcp_mergesort,reverse_sorted,2900,7,1457,11492
lcp_mergesort,reverse_sorted,2900,8,1461,11492
lcp_mergesort,reverse_sorted,2900,9,1417,11492
lcp_mergesort,reverse_sorted,2900,10,1455,11492
lcp_mergesort,reverse_sorted,3000,1,1537,11985
lcp_mergesort,reverse_sorted,3000,2,1457,11985
lcp_mergesort,reverse_sorted,3000,3,1636,11985
lcp_mergesort,reverse_sorted,3000,4,1471,11985
lcp_mergesort,reverse_sorted,3000,5,1493,11985
lcp_mergesort,reverse_sorted,3000,6,1461,11985
lcp_mergesort,reverse_sorted,3000,7,1481,11985
lcp_mergesort,reverse_sorted,3000,8,1481,11985
lcp_mergesort,reverse_sorted,3000,9,1475,11985
lcp_mergesort,reverse_sorted,3000,10,1484,11985
lcp_mergesort,nearly_sorted,100,1,32,379
lcp_mergesort,nearly_sorted,100,2,29,379
lcp_mergesort,nearly_sorted,100,3,27,379
lcp_mergesort,nearly_sorted,100,4,23,379
lcp_mergesort,nearly_sorted,100,5,23,379
lcp_mergesort,nearly_sorted,100,6,22,379
lcp_mergesort,nearly_sorted,100,7,24,379
lcp_mergesort,nearly_sorted,100,8,22,379
lcp_mergesort,nearly_sorted,100,9,24,379
lcp_mergesort,nearly_sorted,100,10,28,379
lcp_mergesort,nearly_sorted,200,1,68,783
lcp_mergesort,nearly_sorted,200,2,59,783
lcp_mergesort,nearly_sorted,200,3,58,783
lcp_mergesort,nearly_sorted,200,4,55,783
lcp_mergesort,nearly_sorted,200,5,53,783
lcp_mergesort,nearly_sorted,200,6,53,783
lcp_mergesort,nearly_sorted,200,7,58,783
lcp_mergesort,nearly_sorted,200,8,54,783
lcp_mergesort,nearly_sorted,200,9,54,783
lcp_mergesort,nearly_sorted,200,10,53,783
lcp_mergesort,nearly_sorted,300,1,108,1179
lcp_mergesort,nearly_sorted,300,2,109,1179
lcp_mergesort,nearly_sorted,300,3,103,1179
lcp_mergesort,nearly_sorted,300,4,92,1179
lcp_mergesort,nearly_sorted,300,5,94,1179
lcp_mergesort,nearly_sorted,300,6,96,1179
lcp_mergesort,nearly_sorted,300,7,103,1179
lcp_mergesort,nearly_sorted,300,8,97,1179
lcp_mergesort,nearly_sorted,300,9,93,1179
lcp_mergesort,nearly_sorted,300,10,83,1179
lcp_mergesort,nearly_sorted,400,1,146,1576
lcp_mergesort,nearly_sorted,400,2,142,1576
lcp_mergesort,nearly_sorted,400,3,132,1576
lcp_mergesort,nearly_sorted,400,4,150,1576
lcp_mergesort,nearly_sorted,400,5,128,1576
lcp_mergesort,nearly_sorted,400,6,124,1576
lcp_mergesort,nearly_sorted,400,7,127,1576
lcp_mergesort,nearly_sorted,400,8,130,1576
lcp_mergesort,nearly_sorted,400,9,130,1576
lcp_mergesort,nearly_sorted,400,10,142,1576
lcp_mergesort,nearly_sorted,500,1,186,2097
lcp_mergesort,nearly_sorted,500,2,189,2097
lcp_mergesort,nearly_sorted,500,3,181,2097
lcp_mergesort,nearly_sorted,500,4,176,2097
lcp_mergesort,nearly_sorted,500,5,191,2097
lcp_mergesort,nearly_sorted,500,6,175,2097
lcp_mergesort,nearly_sorted,500,7,168,2097
lcp_mergesort,nearly_sorted,500,8,163,2097
lcp_mergesort,nearly_sorted,500,9,168,2097
lcp_mergesort,nearly_sorted,500,10,185,2097
lcp_mergesort,nearly_sorted,600,1,229,2454
lcp_mergesort,nearly_sorted,600,2,230,2454
lcp_mergesort,nearly_sorted,600,3,226,2454
lcp_mergesort,nearly_sorted,600,4,225,2454
lcp_mergesort,nearly_sorted,600,5,219,2454
lcp_mergesort,nearly_sorted,600,6,218,2454
lcp_mergesort,nearly_sorted,600,7,225,2454
lcp_mergesort,nearly_sorted,600,8,216,2454
lcp_mergesort,nearly_sorted,600,9,216,2454
lcp_mergesort,nearly_sorted,600,10,225,2454
lcp_mergesort,nearly_sorted,700,1,288,2872
lcp_mergesort,nearly_sorted,700,2,299,2872
lcp_mergesort,nearly_sorted,700,3,284,2872
lcp_mergesort,nearly_sorted,700,4,286,2872
lcp_mergesort,nearly_sorted,700,5,274,2872
lcp_mergesort,nearly_sorted,700,6,261,2872
lcp_mergesort,nearly_sorted,700,7,277,2872
lcp_mergesort,nearly_sorted,700,8,268,2872
lcp_mergesort,nearly_sorted,700,9,268,2872
lcp_mergesort,nearly_sorted,700,10,283,2872
lcp_mergesort,nearly_sorted,800,1,322,3191
lcp_mergesort,nearly_sorted,800,2,320,3191
lcp_mergesort,nearly_sorted,800,3,341,3191
lcp_mergesort,nearly_sorted,800,4,315,3191
lcp_mergesort,nearly_sorted,800,5,332,3191
lcp_mergesort,nearly_sorted,800,6,324,3191
lcp_mergesort,nearly_sorted,800,7,322,3191
lcp_mergesort,nearly_sorted,800,8,331,3191
lcp_mergesort,nearly_sorted,800,9,315,3191
lcp_mergesort,nearly_sorted,800,10,308,3191
lcp_mergesort,nearly_sorted,900,1,369,3691
lcp_mergesort,nearly_sorted,900,2,369,3691
lcp_mergesort,nearly_sorted,900,3,381,3691
lcp_mergesort,nearly_sorted,900,4,365,3691
lcp_mergesort,nearly_sorted,900,5,382,3691
lcp_mergesort,nearly_sorted,900,6,371,3691
lcp_mergesort,nearly_sorted,900,7,396,3691
lcp_mergesort,nearly_sorted,900,8,377,3691
lcp_mergesort,nearly_sorted,900,9,357,3691
lcp_mergesort,nearly_sorted,900,10,355,3691
lcp_mergesort,nearly_sorted,1000,1,403,4110
lcp_mergesort,nearly_sorted,1000,2,482,4110
lcp_mergesort,nearly_sorted,1000,3,559,4110
lcp_mergesort,nearly_sorted,1000,4,401,4110
lcp_mergesort,nearly_sorted,1000,5,427,4110
lcp_mergesort,nearly_sorted,1000,6,404,4110
lcp_mergesort,nearly_sorted,1000,7,406,4110
lcp_mergesort,nearly_sorted,1000,8,416,4110
lcp_mergesort,nearly_sorted,1000,9,403,4110
lcp_mergesort,nearly_sorted,1000,10,465,4110
lcp_mergesort,nearly_sorted,1100,1,571,4511
lcp_mergesort,nearly_sorted,1100,2,466,4511
lcp_mergesort,nearly_sorted,1100,3,485,4511
lcp_mergesort,nearly_sorted,1100,4,463,4511
lcp_mergesort,nearly_sorted,1100,5,463,4511
lcp_mergesort,nearly_sorted,1100,6,463,4511
lcp_mergesort,nearly_sorted,1100,7,454,4511
lcp_mergesort,nearly_sorted,1100,8,489,4511
lcp_mergesort,nearly_sorted,1100,9,465,4511
lcp_mergesort,nearly_sorted,1100,10,478,4511
lcp_mergesort,nearly_sorted,1200,1,547,4836
lcp_mergesort,nearly_sorted,1200,2,502,4836
lcp_mergesort,nearly_sorted,1200,3,525,4836
lcp_mergesort,nearly_sorted,1200,4,515,4836
lcp_mergesort,nearly_sorted,1200,5,539,4836
lcp_mergesort,nearly_sorted,1200,6,510,4836
lcp_mergesort,nearly_sorted,1200,7,506,4836
lcp_mergesort,nearly_sorted,1200,8,523,4836
lcp_mergesort,nearly_sorted,1200,9,516,4836
lcp_mergesort,nearly_sorted,1200,10,531,4836
lcp_mergesort,nearly_sorted,1300,1,705,5231
lcp_mergesort,nearly_sorted,1300,2,574,5231
lcp_mergesort,nearly_sorted,1300,3,600,5231
lcp_mergesort,nearly_sorted,1300,4,591,5231
lcp_mergesort,nearly_sorted,1300,5,565,5231
lcp_mergesort,nearly_sorted,1300,6,565,5231
lcp_mergesort,nearly_sorted,1300,7,606,5231
lcp_mergesort,nearly_sorted,1300,8,585,5231
lcp_mergesort,nearly_sorted,1300,9,580,5231
lcp_mergesort,nearly_sorted,1300,10,598,5231
lcp_mergesort,nearly_sorted,1400,1,680,5639
lcp_mergesort,nearly_sorted,1400,2,619,5639
lcp_mergesort,nearly_sorted,1400,3,721,5639
lcp_mergesort,nearly_sorted,1400,4,653,5639
lcp_mergesort,nearly_sorted,1400,5,643,5639
lcp_mergesort,nearly_sorted,1400,6,624,5639
lcp_mergesort,nearly_sorted,1400,7,643,5639
lcp_mergesort,nearly_sorted,1400,8,636,5639
lcp_mergesort,nearly_sorted,1400,9,620,5639
lcp_mergesort,nearly_sorted,1400,10,649,5639
lcp_mergesort,nearly_sorted,1500,1,720,6068
lcp_mergesort,nearly_sorted,1500,2,682,6068
lcp_mergesort,nearly_sorted,1500,3,669,6068
lcp_mergesort,nearly_sorted,1500,4,828,6068
lcp_mergesort,nearly_sorted,1500,5,667,6068
lcp_mergesort,nearly_sorted,1500,6,691,6068
lcp_mergesort,nearly_sorted,1500,7,674,6068
lcp_mergesort,nearly_sorted,1500,8,683,6068
lcp_mergesort,nearly_sorted,1500,9,670,6068
lcp_mergesort,nearly_sorted,1500,10,686,6068
lcp_mergesort,nearly_sorted,1600,1,901,6380
lcp_mergesort,nearly_sorted,1600,2,756,6380
lcp_mergesort,nearly_sorted,1600,3,755,6380
lcp_mergesort,nearly_sorted,1600,4,756,6380
lcp_mergesort,nearly_sorted,1600,5,753,6380
lcp_mergesort,nearly_sorted,1600,6,777,6380
lcp_mergesort,nearly_sorted,1600,7,742,6380
lcp_mergesort,nearly_sorted,1600,8,718,6380
lcp_mergesort,nearly_sorted,1600,9,723,6380
lcp_mergesort,nearly_sorted,1600,10,732,6380
lcp_mergesort,nearly_sorted,1700,1,791,6812
lcp_mergesort,nearly_sorted,1700,2,783,6812
lcp_mergesort,nearly_sorted,1700,3,774,6812
lcp_mergesort,nearly_sorted,1700,4,772,6812
lcp_mergesort,nearly_sorted,1700,5,783,6812
lcp_mergesort,nearly_sorted,1700,6,795,6812
lcp_mergesort,nearly_sorted,1700,7,774,6812
lcp_mergesort,nearly_sorted,1700,8,797,6812
lcp_mergesort,nearly_sorted,1700,9,782,6812
lcp_mergesort,nearly_sorted,1700,10,774,6812
lcp_mergesort,nearly_sorted,1800,1,837,7316
lcp_mergesort,nearly_sorted,1800,2,823,7316
lcp_mergesort,nearly_sorted,1800,3,844,7316
lcp_mergesort,nearly_sorted,1800,4,829,7316
lcp_mergesort,nearly_sorted,1800,5,835,7316
lcp_mergesort,nearly_sorted,1800,6,856,7316
lcp_mergesort,nearly_sorted,1800,7,839,7316
lcp_mergesort,nearly_sorted,1800,8,840,7316
lcp_mergesort,nearly_sorted,1800,9,806,7316
lcp_mergesort,nearly_sorted,1800,10,819,7316
lcp_mergesort,nearly_sorted,1900,1,883,7662
lcp_mergesort,nearly_sorted,1900,2,882,7662
lcp_mergesort,nearly_sorted,1900,3,877,7662
lcp_mergesort,nearly_sorted,1900,4,873,7662
lcp_mergesort,nearly_sorted,1900,5,872,7662
lcp_mergesort,nearly_sorted,1900,6,861,7662
lcp_mergesort,nearly_sorted,1900,7,864,7662
lcp_mergesort,nearly_sorted,1900,8,913,7662
lcp_mergesort,nearly_sorted,1900,9,863,7662
lcp_mergesort,nearly_sorted,1900,10,853,7662
lcp_mergesort,nearly_sorted,2000,1,1015,8131
lcp_mergesort,nearly_sorted,2000,2,945,8131
lcp_mergesort,nearly_sorted,2000,3,922,8131
lcp_mergesort,nearly_sorted,2000,4,937,8131
lcp_mergesort,nearly_sorted,2000,5,920,8131
lcp_mergesort,nearly_sorted,2000,6,928,8131
lcp_mergesort,nearly_sorted,2000,7,939,8131
lcp_mergesort,nearly_sorted,2000,8,970,8131
lcp_mergesort,nearly_sorted,2000,9,934,8131
lcp_mergesort,nearly_sorted,2000,10,921,8131
lcp_mergesort,nearly_sorted,2100,1,985,8659
lcp_mergesort,nearly_sorted,2100,2,989,8659
lcp_mergesort,nearly_sorted,2100,3,1021,8659
lcp_mergesort,nearly_sorted,2100,4,973,8659
lcp_mergesort,nearly_sorted,2100,5,1018,8659
lcp_mergesort,nearly_sorted,2100,6,996,8659
lcp_mergesort,nearly_sorted,2100,7,985,8659
lcp_mergesort,nearly_sorted,2100,8,984,8659
lcp_mergesort,nearly_sorted,2100,9,971,8659
lcp_mergesort,nearly_sorted,2100,10,980,8659
lcp_mergesort,nearly_sorted,2200,1,1037,8881
lcp_mergesort,nearly_sorted,2200,2,1028,8881
lcp_mergesort,nearly_sorted,2200,3,1057,8881
lcp_mergesort,nearly_sorted,2200,4,1049,8881
lcp_mergesort,nearly_sorted,2200,5,1085,8881
lcp_mergesort,nearly_sorted,2200,6,1029,8881
lcp_mergesort,nearly_sorted,2200,7,1035,8881
lcp_mergesort,nearly_sorted,2200,8,1028,8881
lcp_mergesort,nearly_sorted,2200,9,1034,8881
lcp_mergesort,nearly_sorted,2200,10,1047,8881
lcp_mergesort,nearly_sorted,2300,1,1117,9363
lcp_mergesort,nearly_sorted,2300,2,1074,9363
lcp_mergesort,nearly_sorted,2300,3,1078,9363
lcp_mergesort,nearly_sorted,2300,4,1086,9363
lcp_mergesort,nearly_sorted,2300,5,1086,9363
lcp_mergesort,nearly_sorted,2300,6,1093,9363
lcp_mergesort,nearly_sorted,2300,7,1082,9363
lcp_mergesort,nearly_sorted,2300,8,1085,9363
lcp_mergesort,nearly_sorted,2300,9,1078,9363
lcp_mergesort,nearly_sorted,2300,10,1085,9363
lcp_mergesort,nearly_sorted,2400,1,1152,9559
lcp_mergesort,nearly_sorted,2400,2,1123,9559
lcp_mergesort,nearly_sorted,2400,3,1152,9559
lcp_mergesort,nearly_sorted,2400,4,1132,9559
lcp_mergesort,nearly_sorted,2400,5,1119,9559
lcp_mergesort,nearly_sorted,2400,6,1121,9559
lcp_mergesort,nearly_sorted,2400,7,1157,9559
lcp_mergesort,nearly_sorted,2400,8,1119,9559
lcp_mergesort,nearly_sorted,2400,9,1180,9559
lcp_mergesort,nearly_sorted,2400,10,1145,9559
lcp_mergesort,nearly_sorted,2500,1,1543,10026
lcp_mergesort,nearly_sorted,2500,2,1212,10026
lcp_mergesort,nearly_sorted,2500,3,1187,10026
lcp_mergesort,nearly_sorted,2500,4,1190,10026
lcp_mergesort,nearly_sorted,2500,5,1184,10026
lcp_mergesort,nearly_sorted,2500,6,1192,10026
lcp_mergesort,nearly_sorted,2500,7,1211,10026
lcp_mergesort,nearly_sorted,2500,8,1190,10026
lcp_mergesort,nearly_sorted,2500,9,1183,10026
lcp_mergesort,nearly_sorted,2500,10,1187,10026
lcp_mergesort,nearly_sorted,2600,1,1264,10358
lcp_mergesort,nearly_sorted,2600,2,1272,10358
lcp_mergesort,nearly_sorted,2600,3,1246,10358
lcp_mergesort,nearly_sorted,2600,4,1304,10358
lcp_mergesort,nearly_sorted,2600,5,1233,10358
lcp_mergesort,nearly_sorted,2600,6,1232,10358
lcp_mergesort,nearly_sorted,2600,7,1279,10358
lcp_mergesort,nearly_sorted,2600,8,1231,10358
lcp_mergesort,nearly_sorted,2600,9,1246,10358
lcp_mergesort,nearly_sorted,2600,10,1239,10358
lcp_mergesort,nearly_sorted,2700,1,1303,10808
lcp_mergesort,nearly_sorted,2700,2,1291,10808
lcp_mergesort,nearly_sorted,2700,3,1276,10808
lcp_mergesort,nearly_sorted,2700,4,1279,10808
lcp_mergesort,nearly_sorted,2700,5,1277,10808
lcp_mergesort,nearly_sorted,2700,6,1296,10808
lcp_mergesort,nearly_sorted,2700,7,1288,10808
lcp_mergesort,nearly_sorted,2700,8,1285,10808
lcp_mergesort,nearly_sorted,2700,9,1292,10808
lcp_mergesort,nearly_sorted,2700,10,1287,10808
lcp_mergesort,nearly_sorted,2800,1,1321,11208
lcp_mergesort,nearly_sorted,2800,2,1340,11208
lcp_mergesort,nearly_sorted,2800,3,1330,11208
lcp_mergesort,nearly_sorted,2800,4,1338,11208
lcp_mergesort,nearly_sorted,2800,5,1334,11208
lcp_mergesort,nearly_sorted,2800,6,1334,11208
lcp_mergesort,nearly_sorted,2800,7,1345,11208
lcp_mergesort,nearly_sorted,2800,8,1336,11208
lcp_mergesort,nearly_sorted,2800,9,1352,11208
lcp_mergesort,nearly_sorted,2800,10,1348,11208
lcp_mergesort,nearly_sorted,2900,1,1378,11648
lcp_mergesort,nearly_sorted,2900,2,1399,11648
lcp_mergesort,nearly_sorted,2900,3,1402,11648
lcp_mergesort,nearly_sorted,2900,4,1392,11648
lcp_mergesort,nearly_sorted,2900,5,1393,11648
lcp_mergesort,nearly_sorted,2900,6,1423,11648
lcp_mergesort,nearly_sorted,2900,7,1437,11648
lcp_mergesort,nearly_sorted,2900,8,1403,11648
lcp_mergesort,nearly_sorted,2900,9,1417,11648
lcp_mergesort,nearly_sorted,2900,10,1392,11648
lcp_mergesort,nearly_sorted,3000,1,1453,12080
lcp_mergesort,nearly_sorted,3000,2,1447,12080
lcp_mergesort,nearly_sorted,3000,3,1460,12080
lcp_mergesort,nearly_sorted,3000,4,1442,12080
lcp_mergesort,nearly_sorted,3000,5,1454,12080
lcp_mergesort,nearly_sorted,3000,6,1429,12080
lcp_mergesort,nearly_sorted,3000,7,1430,12080
lcp_mergesort,nearly_sorted,3000,8,1457,12080
lcp_mergesort,nearly_sorted,3000,9,1457,12080
lcp_mergesort,nearly_sorted,3000,10,1481,12080
lcp_mergesort,common_prefix,100,1,36,6438
lcp_mergesort,common_prefix,100,2,32,6438
lcp_mergesort,common_prefix,100,3,27,6438
lcp_mergesort,common_prefix,100,4,26,6438
lcp_mergesort,common_prefix,100,5,26,6438
lcp_mergesort,common_prefix,100,6,26,6438
lcp_mergesort,common_prefix,100,7,27,6438
lcp_mergesort,common_prefix,100,8,26,6438
lcp_mergesort,common_prefix,100,9,27,6438
lcp_mergesort,common_prefix,100,10,27,6438
lcp_mergesort,common_prefix,200,1,84,13094
lcp_mergesort,common_prefix,200,2,94,13094
lcp_mergesort,common_prefix,200,3,68,13094
lcp_mergesort,common_prefix,200,4,71,13094
lcp_mergesort,common_prefix,200,5,67,13094
lcp_mergesort,common_prefix,200,6,68,13094
lcp_mergesort,common_prefix,200,7,66,13094
lcp_mergesort,common_prefix,200,8,66,13094
lcp_mergesort,common_prefix,200,9,64,13094
lcp_mergesort,common_prefix,200,10,64,13094
lcp_mergesort,common_prefix,300,1,141,19841
lcp_mergesort,common_prefix,300,2,137,19841
lcp_mergesort,common_prefix,300,3,137,19841
lcp_mergesort,common_prefix,300,4,117,19841
lcp_mergesort,common_prefix,300,5,111,19841
lcp_mergesort,common_prefix,300,6,109,19841
lcp_mergesort,common_prefix,300,7,108,19841
lcp_mergesort,common_prefix,300,8,108,19841
lcp_mergesort,common_prefix,300,9,104,19841
lcp_mergesort,common_prefix,300,10,115,19841
lcp_mergesort,common_prefix,400,1,180,26570
lcp_mergesort,common_prefix,400,2,175,26570
lcp_mergesort,common_prefix,400,3,172,26570
lcp_mergesort,common_prefix,400,4,175,26570
lcp_mergesort,common_prefix,400,5,182,26570
lcp_mergesort,common_prefix,400,6,161,26570
lcp_mergesort,common_prefix,400,7,167,26570
lcp_mergesort,common_prefix,400,8,168,26570
lcp_mergesort,common_prefix,400,9,160,26570
lcp_mergesort,common_prefix,400,10,162,26570
lcp_mergesort,common_prefix,500,1,241,33438
lcp_mergesort,common_prefix,500,2,230,33438
lcp_mergesort,common_prefix,500,3,242,33438
lcp_mergesort,common_prefix,500,4,250,33438
lcp_mergesort,common_prefix,500,5,230,33438
lcp_mergesort,common_prefix,500,6,225,33438
lcp_mergesort,common_prefix,500,7,227,33438
lcp_mergesort,common_prefix,500,8,245,33438
lcp_mergesort,common_prefix,500,9,223,33438
lcp_mergesort,common_prefix,500,10,226,33438
lcp_mergesort,common_prefix,600,1,308,40238
lcp_mergesort,common_prefix,600,2,292,40238
lcp_mergesort,common_prefix,600,3,288,40238
lcp_mergesort,common_prefix,600,4,305,40238
lcp_mergesort,common_prefix,600,5,283,40238
lcp_mergesort,common_prefix,600,6,282,40238
lcp_mergesort,common_prefix,600,7,292,40238
lcp_mergesort,common_prefix,600,8,281,40238
lcp_mergesort,common_prefix,600,9,283,40238
lcp_mergesort,common_prefix,600,10,280,40238
lcp_mergesort,common_prefix,700,1,350,47094
lcp_mergesort,common_prefix,700,2,343,47094
lcp_mergesort,common_prefix,700,3,349,47094
lcp_mergesort,common_prefix,700,4,346,47094
lcp_mergesort,common_prefix,700,5,349,47094
lcp_mergesort,common_prefix,700,6,339,47094
lcp_mergesort,common_prefix,700,7,350,47094
lcp_mergesort,common_prefix,700,8,365,47094
lcp_mergesort,common_prefix,700,9,341,47094
lcp_mergesort,common_prefix,700,10,346,47094
lcp_mergesort,common_prefix,800,1,409,53904
lcp_mergesort,common_prefix,800,2,411,53904
lcp_mergesort,common_prefix,800,3,395,53904
lcp_mergesort,common_prefix,800,4,395,53904
lcp_mergesort,common_prefix,800,5,401,53904
lcp_mergesort,common_prefix,800,6,398,53904
lcp_mergesort,common_prefix,800,7,420,53904
lcp_mergesort,common_prefix,800,8,400,53904
lcp_mergesort,common_prefix,800,9,408,53904
lcp_mergesort,common_prefix,800,10,395,53904
lcp_mergesort,common_prefix,900,1,505,60883
lcp_mergesort,common_prefix,900,2,459,60883
lcp_mergesort,common_prefix,900,3,472,60883
lcp_mergesort,common_prefix,900,4,460,60883
lcp_mergesort,common_prefix,900,5,479,60883
lcp_mergesort,common_prefix,900,6,451,60883
lcp_mergesort,common_prefix,900,7,467,60883
lcp_mergesort,common_prefix,900,8,453,60883
lcp_mergesort,common_prefix,900,9,458,60883
lcp_mergesort,common_prefix,900,10,453,60883
lcp_mergesort,common_prefix,1000,1,533,67784
lcp_mergesort,common_prefix,1000,2,541,67784
lcp_mergesort,common_prefix,1000,3,527,67784
lcp_mergesort,common_prefix,1000,4,552,67784
lcp_mergesort,common_prefix,1000,5,543,67784
lcp_mergesort,common_prefix,1000,6,528,67784
lcp_mergesort,common_prefix,1000,7,537,67784
lcp_mergesort,common_prefix,1000,8,518,67784
lcp_mergesort,common_prefix,1000,9,549,67784
lcp_mergesort,common_prefix,1000,10,537,67784
lcp_mergesort,common_prefix,1100,1,587,74665
lcp_mergesort,common_prefix,1100,2,605,74665
lcp_mergesort,common_prefix,1100,3,601,74665
lcp_mergesort,common_prefix,1100,4,592,74665
lcp_mergesort,common_prefix,1100,5,590,74665
lcp_mergesort,common_prefix,1100,6,606,74665
lcp_mergesort,common_prefix,1100,7,600,74665
lcp_mergesort,common_prefix,1100,8,604,74665
lcp_mergesort,common_prefix,1100,9,601,74665
lcp_mergesort,common_prefix,1100,10,607,74665
lcp_mergesort,common_prefix,1200,1,695,81605
lcp_mergesort,common_prefix,1200,2,675,81605
lcp_mergesort,common_prefix,1200,3,670,81605
lcp_mergesort,common_prefix,1200,4,653,81605
lcp_mergesort,common_prefix,1200,5,676,81605
lcp_mergesort,common_prefix,1200,6,679,81605
lcp_mergesort,common_prefix,1200,7,655,81605
lcp_mergesort,common_prefix,1200,8,654,81605
lcp_mergesort,common_prefix,1200,9,664,81605
lcp_mergesort,common_prefix,1200,10,673,81605
lcp_mergesort,common_prefix,1300,1,904,88500
lcp_mergesort,common_prefix,1300,2,734,88500
lcp_mergesort,common_prefix,1300,3,721,88500
lcp_mergesort,common_prefix,1300,4,723,88500
lcp_mergesort,common_prefix,1300,5,728,88500
lcp_mergesort,common_prefix,1300,6,715,88500
lcp_mergesort,common_prefix,1300,7,730,88500
lcp_mergesort,common_prefix,1300,8,731,88500
lcp_mergesort,common_prefix,1300,9,714,88500
lcp_mergesort,common_prefix,1300,10,732,88500
lcp_mergesort,common_prefix,1400,1,841,95468
lcp_mergesort,common_prefix,1400,2,796,95468
lcp_mergesort,common_prefix,1400,3,795,95468
lcp_mergesort,common_prefix,1400,4,785,95468
lcp_mergesort,common_prefix,1400,5,800,95468
lcp_mergesort,common_prefix,1400,6,781,95468
lcp_mergesort,common_prefix,1400,7,783,95468
lcp_mergesort,common_prefix,1400,8,783,95468
lcp_mergesort,common_prefix,1400,9,802,95468
lcp_mergesort,common_prefix,1400,10,776,95468
lcp_mergesort,common_prefix,1500,1,930,102453
lcp_mergesort,common_prefix,1500,2,853,102453
lcp_mergesort,common_prefix,1500,3,854,102453
lcp_mergesort,common_prefix,1500,4,842,102453
lcp_mergesort,common_prefix,1500,5,859,102453
lcp_mergesort,common_prefix,1500,6,857,102453
lcp_mergesort,common_prefix,1500,7,850,102453
lcp_mergesort,common_prefix,1500,8,842,102453
lcp_mergesort,common_prefix,1500,9,866,102453
lcp_mergesort,common_prefix,1500,10,831,102453
lcp_mergesort,common_prefix,1600,1,908,109309
lcp_mergesort,common_prefix,1600,2,917,109309
lcp_mergesort,common_prefix,1600,3,890,109309
lcp_mergesort,common_prefix,1600,4,878,109309
lcp_mergesort,common_prefix,1600,5,882,109309
lcp_mergesort,common_prefix,1600,6,873,109309
lcp_mergesort,common_prefix,1600,7,867,109309
lcp_mergesort,common_prefix,1600,8,883,109309
lcp_mergesort,common_prefix,1600,9,885,109309
lcp_mergesort,common_prefix,1600,10,884,109309
lcp_mergesort,common_prefix,1700,1,966,116376
lcp_mergesort,common_prefix,1700,2,959,116376
lcp_mergesort,common_prefix,1700,3,971,116376
lcp_mergesort,common_prefix,1700,4,968,116376
lcp_mergesort,common_prefix,1700,5,974,116376
lcp_mergesort,common_prefix,1700,6,964,116376
lcp_mergesort,common_prefix,1700,7,971,116376
lcp_mergesort,common_prefix,1700,8,966,116376
lcp_mergesort,common_prefix,1700,9,971,116376
lcp_mergesort,common_prefix,1700,10,959,116376
lcp_mergesort,common_prefix,1800,1,1013,123446
lcp_mergesort,common_prefix,1800,2,1028,123446
lcp_mergesort,common_prefix,1800,3,1023,123446
lcp_mergesort,common_prefix,1800,4,1044,123446
lcp_mergesort,common_prefix,1800,5,1031,123446
lcp_mergesort,common_prefix,1800,6,1018,123446
lcp_mergesort,common_prefix,1800,7,1078,123446
lcp_mergesort,common_prefix,1800,8,1059,123446
lcp_mergesort,common_prefix,1800,9,1031,123446
lcp_mergesort,common_prefix,1800,10,1004,123446
lcp_mergesort,common_prefix,1900,1,1080,130429
lcp_mergesort,common_prefix,1900,2,1057,130429
lcp_mergesort,common_prefix,1900,3,1056,130429
lcp_mergesort,common_prefix,1900,4,1101,130429
lcp_mergesort,common_prefix,1900,5,1107,130429
lcp_mergesort,common_prefix,1900,6,1097,130429
lcp_mergesort,common_prefix,1900,7,1100,130429
lcp_mergesort,common_prefix,1900,8,1056,130429
lcp_mergesort,common_prefix,1900,9,1053,130429
lcp_mergesort,common_prefix,1900,10,1074,130429
lcp_mergesort,common_prefix,2000,1,1190,137431
lcp_mergesort,common_prefix,2000,2,1136,137431
lcp_mergesort,common_prefix,2000,3,1131,137431
lcp_mergesort,common_prefix,2000,4,1142,137431
lcp_mergesort,common_prefix,2000,5,1123,137431
lcp_mergesort,common_prefix,2000,6,1125,137431
lcp_mergesort,common_prefix,2000,7,1150,137431
lcp_mergesort,common_prefix,2000,8,1125,137431
lcp_mergesort,common_prefix,2000,9,1127,137431
lcp_mergesort,common_prefix,2000,10,1124,137431
lcp_mergesort,common_prefix,2100,1,1245,144358
lcp_mergesort,common_prefix,2100,2,1230,144358
lcp_mergesort,common_prefix,2100,3,1215,144358
lcp_mergesort,common_prefix,2100,4,1240,144358
lcp_mergesort,common_prefix,2100,5,1222,144358
lcp_mergesort,common_prefix,2100,6,1244,144358
lcp_mergesort,common_prefix,2100,7,1275,144358
lcp_mergesort,common_prefix,2100,8,1278,144358
lcp_mergesort,common_prefix,2100,9,1235,144358
lcp_mergesort,common_prefix,2100,10,1240,144358
lcp_mergesort,common_prefix,2200,1,1291,151406
lcp_mergesort,common_prefix,2200,2,1283,151406
lcp_mergesort,common_prefix,2200,3,1291,151406
lcp_mergesort,common_prefix,2200,4,1285,151406
lcp_mergesort,common_prefix,2200,5,1306,151406
lcp_mergesort,common_prefix,2200,6,1357,151406
lcp_mergesort,common_prefix,2200,7,1290,151406
lcp_mergesort,common_prefix,2200,8,1273,151406
lcp_mergesort,common_prefix,2200,9,1273,151406
lcp_mergesort,common_prefix,2200,10,1287,151406
lcp_mergesort,common_prefix,2300,1,1349,158467
lcp_mergesort,common_prefix,2300,2,1349,158467
lcp_mergesort,common_prefix,2300,3,1354,158467
lcp_mergesort,common_prefix,2300,4,1346,158467
lcp_mergesort,common_prefix,2300,5,1355,158467
lcp_mergesort,common_prefix,2300,6,1353,158467
lcp_mergesort,common_prefix,2300,7,1342,158467
lcp_mergesort,common_prefix,2300,8,1342,158467
lcp_mergesort,common_prefix,2300,9,1347,158467
lcp_mergesort,common_prefix,2300,10,1382,158467
lcp_mergesort,common_prefix,2400,1,1410,165461
lcp_mergesort,common_prefix,2400,2,1453,165461
lcp_mergesort,common_prefix,2400,3,1490,165461
lcp_mergesort,common_prefix,2400,4,1484,165461
lcp_mergesort,common_prefix,2400,5,1493,165461
lcp_mergesort,common_prefix,2400,6,1428,165461
lcp_mergesort,common_prefix,2400,7,1462,165461
lcp_mergesort,common_prefix,2400,8,1423,165461
lcp_mergesort,common_prefix,2400,9,1437,165461
lcp_mergesort,common_prefix,2400,10,1456,165461
lcp_mergesort,common_prefix,2500,1,1554,172471
lcp_mergesort,common_prefix,2500,2,1466,172471
lcp_mergesort,common_prefix,2500,3,1482,172471
lcp_mergesort,common_prefix,2500,4,1488,172471
lcp_mergesort,common_prefix,2500,5,1495,172471
lcp_mergesort,common_prefix,2500,6,1499,172471
lcp_mergesort,common_prefix,2500,7,1468,172471
lcp_mergesort,common_prefix,2500,8,1484,172471
lcp_mergesort,common_prefix,2500,9,1493,172471
lcp_mergesort,common_prefix,2500,10,1503,172471
lcp_mergesort,common_prefix,2600,1,1544,179444
lcp_mergesort,common_prefix,2600,2,1555,179444
lcp_mergesort,common_prefix,2600,3,1541,179444
lcp_mergesort,common_prefix,2600,4,1562,179444
lcp_mergesort,common_prefix,2600,5,1566,179444
lcp_mergesort,common_prefix,2600,6,1564,179444
lcp_mergesort,common_prefix,2600,7,1561,179444
lcp_mergesort,common_prefix,2600,8,1571,179444
lcp_mergesort,common_prefix,2600,9,1581,179444
lcp_mergesort,common_prefix,2600,10,1569,179444
lcp_mergesort,common_prefix,2700,1,1628,186519
lcp_mergesort,common_prefix,2700,2,1598,186519
lcp_mergesort,common_prefix,2700,3,1609,186519
lcp_mergesort,common_prefix,2700,4,1628,186519
lcp_mergesort,common_prefix,2700,5,1619,186519
lcp_mergesort,common_prefix,2700,6,1600,186519
lcp_mergesort,common_prefix,2700,7,1601,186519
lcp_mergesort,common_prefix,2700,8,1618,186519
lcp_mergesort,common_prefix,2700,9,1602,186519
lcp_mergesort,common_prefix,2700,10,1594,186519
lcp_mergesort,common_prefix,2800,1,1656,193491
lcp_mergesort,common_prefix,2800,2,1697,193491
lcp_mergesort,common_prefix,2800,3,1741,193491
lcp_mergesort,common_prefix,2800,4,1703,193491
lcp_mergesort,common_prefix,2800,5,1689,193491
lcp_mergesort,common_prefix,2800,6,1689,193491
lcp_mergesort,common_prefix,2800,7,1691,193491
lcp_mergesort,common_prefix,2800,8,1676,193491
lcp_mergesort,common_prefix,2800,9,1684,193491
lcp_mergesort,common_prefix,2800,10,1688,193491
lcp_mergesort,common_prefix,2900,1,1738,200673
lcp_mergesort,common_prefix,2900,2,1751,200673
lcp_mergesort,common_prefix,2900,3,1740,200673
lcp_mergesort,common_prefix,2900,4,1746,200673
lcp_mergesort,common_prefix,2900,5,1754,200673
lcp_mergesort,common_prefix,2900,6,1758,200673
lcp_mergesort,common_prefix,2900,7,1752,200673
lcp_mergesort,common_prefix,2900,8,1824,200673
lcp_mergesort,common_prefix,2900,9,1953,200673
lcp_mergesort,common_prefix,2900,10,1796,200673
lcp_mergesort,common_prefix,3000,1,1827,207694
lcp_mergesort,common_prefix,3000,2,1831,207694
lcp_mergesort,common_prefix,3000,3,1843,207694
lcp_mergesort,common_prefix,3000,4,1812,207694
lcp_mergesort,common_prefix,3000,5,1823,207694
lcp_mergesort,common_prefix,3000,6,1811,207694
lcp_mergesort,common_prefix,3000,7,1821,207694
lcp_mergesort,common_prefix,3000,8,1810,207694
lcp_mergesort,common_prefix,3000,9,1823,207694
lcp_mergesort,common_prefix,3000,10,1823,207694
msd_radix_sort,random,100,1,35,171
msd_radix_sort,random,100,2,30,171
msd_radix_sort,random,100,3,27,171
msd_radix_sort,random,100,4,36,171
msd_radix_sort,random,100,5,24,171
msd_radix_sort,random,100,6,24,171
msd_radix_sort,random,100,7,23,171
msd_radix_sort,random,100,8,24,171
msd_radix_sort,random,100,9,24,171
msd_radix_sort,random,100,10,23,171
msd_radix_sort,random,200,1,70,398
msd_radix_sort,random,200,2,64,398
msd_radix_sort,random,200,3,59,398
msd_radix_sort,random,200,4,59,398
msd_radix_sort,random,200,5,60,398
msd_radix_sort,random,200,6,56,398
msd_radix_sort,random,200,7,54,398
msd_radix_sort,random,200,8,55,398
msd_radix_sort,random,200,9,53,398
msd_radix_sort,random,200,10,53,398
msd_radix_sort,random,300,1,109,618
msd_radix_sort,random,300,2,93,618
msd_radix_sort,random,300,3,86,618
msd_radix_sort,random,300,4,84,618
msd_radix_sort,random,300,5,79,618
msd_radix_sort,random,300,6,77,618
msd_radix_sort,random,300,7,75,618
msd_radix_sort,random,300,8,75,618
msd_radix_sort,random,300,9,75,618
msd_radix_sort,random,300,10,75,618
msd_radix_sort,random,400,1,132,835
msd_radix_sort,random,400,2,116,835
msd_radix_sort,random,400,3,110,835
msd_radix_sort,random,400,4,104,835
msd_radix_sort,random,400,5,103,835
msd_radix_sort,random,400,6,103,835
msd_radix_sort,random,400,7,102,835
msd_radix_sort,random,400,8,98,835
msd_radix_sort,random,400,9,105,835
msd_radix_sort,random,400,10,96,835
msd_radix_sort,random,500,1,144,1048
msd_radix_sort,random,500,2,138,1048
msd_radix_sort,random,500,3,135,1048
msd_radix_sort,random,500,4,131,1048
msd_radix_sort,random,500,5,138,1048
msd_radix_sort,random,500,6,124,1048
msd_radix_sort,random,500,7,123,1048
msd_radix_sort,random,500,8,121,1048
msd_radix_sort,random,500,9,121,1048
msd_radix_sort,random,500,10,122,1048
msd_radix_sort,random,600,1,184,1269
msd_radix_sort,random,600,2,166,1269
msd_radix_sort,random,600,3,165,1269
msd_radix_sort,random,600,4,159,1269
msd_radix_sort,random,600,5,156,1269
msd_radix_sort,random,600,6,162,1269
msd_radix_sort,random,600,7,151,1269
msd_radix_sort,random,600,8,150,1269
msd_radix_sort,random,600,9,150,1269
msd_radix_sort,random,600,10,148,1269
msd_radix_sort,random,700,1,207,1498
msd_radix_sort,random,700,2,193,1498
msd_radix_sort,random,700,3,189,1498
msd_radix_sort,random,700,4,185,1498
msd_radix_sort,random,700,5,184,1498
msd_radix_sort,random,700,6,185,1498
msd_radix_sort,random,700,7,187,1498
msd_radix_sort,random,700,8,185,1498
msd_radix_sort,random,700,9,184,1498
msd_radix_sort,random,700,10,195,1498
msd_radix_sort,random,800,1,226,1711
msd_radix_sort,random,800,2,218,1711
msd_radix_sort,random,800,3,214,1711
msd_radix_sort,random,800,4,210,1711
msd_radix_sort,random,800,5,206,1711
msd_radix_sort,random,800,6,207,1711
msd_radix_sort,random,800,7,213,1711
msd_radix_sort,random,800,8,212,1711
msd_radix_sort,random,800,9,205,1711
msd_radix_sort,random,800,10,204,1711
msd_radix_sort,random,900,1,268,1941
msd_radix_sort,random,900,2,239,1941
msd_radix_sort,random,900,3,233,1941
msd_radix_sort,random,900,4,243,1941
msd_radix_sort,random,900,5,233,1941
msd_radix_sort,random,900,6,232,1941
msd_radix_sort,random,900,7,230,1941
msd_radix_sort,random,900,8,232,1941
msd_radix_sort,random,900,9,230,1941
msd_radix_sort,random,900,10,232,1941
msd_radix_sort,random,1000,1,283,2165
msd_radix_sort,random,1000,2,263,2165
msd_radix_sort,random,1000,3,267,2165
msd_radix_sort,random,1000,4,274,2165
msd_radix_sort,random,1000,5,260,2165
msd_radix_sort,random,1000,6,258,2165
msd_radix_sort,random,1000,7,273,2165
msd_radix_sort,random,1000,8,270,2165
msd_radix_sort,random,1000,9,269,2165
msd_radix_sort,random,1000,10,274,2165
msd_radix_sort,random,1100,1,306,2396
msd_radix_sort,random,1100,2,307,2396
msd_radix_sort,random,1100,3,289,2396
msd_radix_sort,random,1100,4,292,2396
msd_radix_sort,random,1100,5,314,2396
msd_radix_sort,random,1100,6,298,2396
msd_radix_sort,random,1100,7,288,2396
msd_radix_sort,random,1100,8,302,2396
msd_radix_sort,random,1100,9,294,2396
msd_radix_sort,random,1100,10,286,2396
msd_radix_sort,random,1200,1,345,2643
msd_radix_sort,random,1200,2,328,2643
msd_radix_sort,random,1200,3,338,2643
msd_radix_sort,random,1200,4,328,2643
msd_radix_sort,random,1200,5,351,2643
msd_radix_sort,random,1200,6,322,2643
msd_radix_sort,random,1200,7,321,2643
msd_radix_sort,random,1200,8,321,2643
msd_radix_sort,random,1200,9,325,2643
msd_radix_sort,random,1200,10,333,2643
msd_radix_sort,random,1300,1,371,2892
msd_radix_sort,random,1300,2,384,2892
msd_radix_sort,random,1300,3,362,2892
msd_radix_sort,random,1300,4,375,2892
msd_radix_sort,random,1300,5,364,2892
msd_radix_sort,random,1300,6,365,2892
msd_radix_sort,random,1300,7,366,2892
msd_radix_sort,random,1300,8,363,2892
msd_radix_sort,random,1300,9,368,2892
msd_radix_sort,random,1300,10,359,2892
msd_radix_sort,random,1400,1,411,3140
msd_radix_sort,random,1400,2,400,3140
msd_radix_sort,random,1400,3,407,3140
msd_radix_sort,random,1400,4,390,3140
msd_radix_sort,random,1400,5,414,3140
msd_radix_sort,random,1400,6,397,3140
msd_radix_sort,random,1400,7,400,3140
msd_radix_sort,random,1400,8,396,3140
msd_radix_sort,random,1400,9,413,3140
msd_radix_sort,random,1400,10,390,3140
msd_radix_sort,random,1500,1,444,3379
msd_radix_sort,random,1500,2,417,3379
msd_radix_sort,random,1500,3,428,3379
msd_radix_sort,random,1500,4,421,3379
msd_radix_sort,random,1500,5,428,3379
msd_radix_sort,random,1500,6,423,3379
msd_radix_sort,random,1500,7,426,3379
msd_radix_sort,random,1500,8,439,3379
msd_radix_sort,random,1500,9,417,3379
msd_radix_sort,random,1500,10,442,3379
msd_radix_sort,random,1600,1,461,3636
msd_radix_sort,random,1600,2,476,3636
msd_radix_sort,random,1600,3,452,3636
msd_radix_sort,random,1600,4,451,3636
msd_radix_sort,random,1600,5,460,3636
msd_radix_sort,random,1600,6,452,3636
msd_radix_sort,random,1600,7,460,3636
msd_radix_sort,random,1600,8,451,3636
msd_radix_sort,random,1600,9,465,3636
msd_radix_sort,random,1600,10,458,3636
msd_radix_sort,random,1700,1,508,3881
msd_radix_sort,random,1700,2,515,3881
msd_radix_sort,random,1700,3,490,3881
msd_radix_sort,random,1700,4,503,3881
msd_radix_sort,random,1700,5,490,3881
msd_radix_sort,random,1700,6,486,3881
msd_radix_sort,random,1700,7,501,3881
msd_radix_sort,random,1700,8,497,3881
msd_radix_sort,random,1700,9,514,3881
msd_radix_sort,random,1700,10,510,3881
msd_radix_sort,random,1800,1,521,4117
msd_radix_sort,random,1800,2,537,4117
msd_radix_sort,random,1800,3,531,4117
msd_radix_sort,random,1800,4,512,4117
msd_radix_sort,random,1800,5,529,4117
msd_radix_sort,random,1800,6,521,4117
msd_radix_sort,random,1800,7,523,4117
msd_radix_sort,random,1800,8,529,4117
msd_radix_sort,random,1800,9,514,4117
msd_radix_sort,random,1800,10,525,4117
msd_radix_sort,random,1900,1,567,4371
msd_radix_sort,random,1900,2,575,4371
msd_radix_sort,random,1900,3,561,4371
msd_radix_sort,random,1900,4,563,4371
msd_radix_sort,random,1900,5,559,4371
msd_radix_sort,random,1900,6,548,4371
msd_radix_sort,random,1900,7,571,4371
msd_radix_sort,random,1900,8,567,4371
msd_radix_sort,random,1900,9,546,4371
msd_radix_sort,random,1900,10,552,4371
msd_radix_sort,random,2000,1,604,4614
msd_radix_sort,random,2000,2,603,4614
msd_radix_sort,random,2000,3,590,4614
msd_radix_sort,random,2000,4,601,4614
msd_radix_sort,random,2000,5,611,4614
msd_radix_sort,random,2000,6,607,4614
msd_radix_sort,random,2000,7,591,4614
msd_radix_sort,random,2000,8,634,4614
msd_radix_sort,random,2000,9,599,4614
msd_radix_sort,random,2000,10,579,4614
msd_radix_sort,random,2100,1,632,4865
msd_radix_sort,random,2100,2,641,4865
msd_radix_sort,random,2100,3,650,4865
msd_radix_sort,random,2100,4,644,4865
msd_radix_sort,random,2100,5,632,4865
msd_radix_sort,random,2100,6,622,4865
msd_radix_sort,random,2100,7,641,4865
msd_radix_sort,random,2100,8,639,4865
msd_radix_sort,random,2100,9,642,4865
msd_radix_sort,random,2100,10,677,4865
msd_radix_sort,random,2200,1,701,5131
msd_radix_sort,random,2200,2,661,5131
msd_radix_sort,random,2200,3,672,5131
msd_radix_sort,random,2200,4,691,5131
msd_radix_sort,random,2200,5,688,5131
msd_radix_sort,random,2200,6,672,5131
msd_radix_sort,random,2200,7,669,5131
msd_radix_sort,random,2200,8,669,5131
msd_radix_sort,random,2200,9,698,5131
msd_radix_sort,random,2200,10,669,5131
msd_radix_sort,random,2300,1,747,5411
msd_radix_sort,random,2300,2,733,5411
msd_radix_sort,random,2300,3,771,5411
msd_radix_sort,random,2300,4,712,5411
msd_radix_sort,random,2300,5,736,5411
msd_radix_sort,random,2300,6,711,5411
msd_radix_sort,random,2300,7,721,5411
msd_radix_sort,random,2300,8,724,5411
msd_radix_sort,random,2300,9,721,5411
msd_radix_sort,random,2300,10,737,5411
msd_radix_sort,random,2400,1,769,5667
msd_radix_sort,random,2400,2,756,5667
msd_radix_sort,random,2400,3,757,5667
msd_radix_sort,random,2400,4,757,5667
msd_radix_sort,random,2400,5,755,5667
msd_radix_sort,random,2400,6,740,5667
msd_radix_sort,random,2400,7,746,5667
msd_radix_sort,random,2400,8,739,5667
msd_radix_sort,random,2400,9,747,5667
msd_radix_sort,random,2400,10,769,5667
msd_radix_sort,random,2500,1,823,5920
msd_radix_sort,random,2500,2,800,5920
msd_radix_sort,random,2500,3,784,5920
msd_radix_sort,random,2500,4,777,5920
msd_radix_sort,random,2500,5,770,5920
msd_radix_sort,random,2500,6,789,5920
msd_radix_sort,random,2500,7,781,5920
msd_radix_sort,random,2500,8,796,5920
msd_radix_sort,random,2500,9,789,5920
msd_radix_sort,random,2500,10,782,5920
msd_radix_sort,random,2600,1,842,6182
msd_radix_sort,random,2600,2,827,6182
msd_radix_sort,random,2600,3,828,6182
msd_radix_sort,random,2600,4,827,6182
msd_radix_sort,random,2600,5,829,6182
msd_radix_sort,random,2600,6,829,6182
msd_radix_sort,random,2600,7,832,6182
msd_radix_sort,random,2600,8,831,6182
msd_radix_sort,random,2600,9,827,6182
msd_radix_sort,random,2600,10,819,6182
msd_radix_sort,random,2700,1,897,6451
msd_radix_sort,random,2700,2,870,6451
msd_radix_sort,random,2700,3,857,6451
msd_radix_sort,random,2700,4,860,6451
msd_radix_sort,random,2700,5,839,6451
msd_radix_sort,random,2700,6,889,6451
msd_radix_sort,random,2700,7,851,6451
msd_radix_sort,random,2700,8,851,6451
msd_radix_sort,random,2700,9,857,6451
msd_radix_sort,random,2700,10,920,6451
msd_radix_sort,random,2800,1,922,6729
msd_radix_sort,random,2800,2,907,6729
msd_radix_sort,random,2800,3,948,6729
msd_radix_sort,random,2800,4,940,6729
msd_radix_sort,random,2800,5,941,6729
msd_radix_sort,random,2800,6,951,6729
msd_radix_sort,random,2800,7,959,6729
msd_radix_sort,random,2800,8,930,6729
msd_radix_sort,random,2800,9,914,6729
msd_radix_sort,random,2800,10,926,6729
msd_radix_sort,random,2900,1,1005,6989
msd_radix_sort,random,2900,2,959,6989
msd_radix_sort,random,2900,3,960,6989
msd_radix_sort,random,2900,4,971,6989
msd_radix_sort,random,2900,5,983,6989
msd_radix_sort,random,2900,6,977,6989
msd_radix_sort,random,2900,7,1017,6989
msd_radix_sort,random,2900,8,1009,6989
msd_radix_sort,random,2900,9,1002,6989
msd_radix_sort,random,2900,10,959,6989
msd_radix_sort,random,3000,1,1012,7259
msd_radix_sort,random,3000,2,999,7259
msd_radix_sort,random,3000,3,992,7259
msd_radix_sort,random,3000,4,998,7259
msd_radix_sort,random,3000,5,1042,7259
msd_radix_sort,random,3000,6,1051,7259
msd_radix_sort,random,3000,7,1010,7259
msd_radix_sort,random,3000,8,1010,7259
msd_radix_sort,random,3000,9,1003,7259
msd_radix_sort,random,3000,10,999,7259
msd_radix_sort,reverse_sorted,100,1,33,241
msd_radix_sort,reverse_sorted,100,2,37,241
msd_radix_sort,reverse_sorted,100,3,26,241
msd_radix_sort,reverse_sorted,100,4,24,241
msd_radix_sort,reverse_sorted,100,5,23,241
msd_radix_sort,reverse_sorted,100,6,23,241
msd_radix_sort,reverse_sorted,100,7,23,241
msd_radix_sort,reverse_sorted,100,8,23,241
msd_radix_sort,reverse_sorted,100,9,23,241
msd_radix_sort,reverse_sorted,100,10,23,241
msd_radix_sort,reverse_sorted,200,1,66,488
msd_radix_sort,reverse_sorted,200,2,61,488
msd_radix_sort,reverse_sorted,200,3,64,488
msd_radix_sort,reverse_sorted,200,4,56,488
msd_radix_sort,reverse_sorted,200,5,54,488
msd_radix_sort,reverse_sorted,200,6,53,488
msd_radix_sort,reverse_sorted,200,7,53,488
msd_radix_sort,reverse_sorted,200,8,52,488
msd_radix_sort,reverse_sorted,200,9,52,488
msd_radix_sort,reverse_sorted,200,10,51,488
msd_radix_sort,reverse_sorted,300,1,134,736
msd_radix_sort,reverse_sorted,300,2,128,736
msd_radix_sort,reverse_sorted,300,3,130,736
msd_radix_sort,reverse_sorted,300,4,99,736
msd_radix_sort,reverse_sorted,300,5,87,736
msd_radix_sort,reverse_sorted,300,6,86,736
msd_radix_sort,reverse_sorted,300,7,85,736
msd_radix_sort,reverse_sorted,300,8,84,736
msd_radix_sort,reverse_sorted,300,9,87,736
msd_radix_sort,reverse_sorted,300,10,83,736
msd_radix_sort,reverse_sorted,400,1,163,970
msd_radix_sort,reverse_sorted,400,2,135,970
msd_radix_sort,reverse_sorted,400,3,124,970
msd_radix_sort,reverse_sorted,400,4,142,970
msd_radix_sort,reverse_sorted,400,5,160,970
msd_radix_sort,reverse_sorted,400,6,153,970
msd_radix_sort,reverse_sorted,400,7,151,970
msd_radix_sort,reverse_sorted,400,8,161,970
msd_radix_sort,reverse_sorted,400,9,113,970
msd_radix_sort,reverse_sorted,400,10,118,970
msd_radix_sort,reverse_sorted,500,1,178,1229
msd_radix_sort,reverse_sorted,500,2,172,1229
msd_radix_sort,reverse_sorted,500,3,180,1229
msd_radix_sort,reverse_sorted,500,4,160,1229
msd_radix_sort,reverse_sorted,500,5,159,1229
msd_radix_sort,reverse_sorted,500,6,151,1229
msd_radix_sort,reverse_sorted,500,7,153,1229
msd_radix_sort,reverse_sorted,500,8,159,1229
msd_radix_sort,reverse_sorted,500,9,166,1229
msd_radix_sort,reverse_sorted,500,10,156,1229
msd_radix_sort,reverse_sorted,600,1,216,1471
msd_radix_sort,reverse_sorted,600,2,205,1471
msd_radix_sort,reverse_sorted,600,3,225,1471
msd_radix_sort,reverse_sorted,600,4,188,1471
msd_radix_sort,reverse_sorted,600,5,195,1471
msd_radix_sort,reverse_sorted,600,6,195,1471
msd_radix_sort,reverse_sorted,600,7,208,1471
msd_radix_sort,reverse_sorted,600,8,192,1471
msd_radix_sort,reverse_sorted,600,9,184,1471
msd_radix_sort,reverse_sorted,600,10,191,1471
msd_radix_sort,reverse_sorted,700,1,262,1718
msd_radix_sort,reverse_sorted,700,2,230,1718
msd_radix_sort,reverse_sorted,700,3,225,1718
msd_radix_sort,reverse_sorted,700,4,227,1718
msd_radix_sort,reverse_sorted,700,5,232,1718
msd_radix_sort,reverse_sorted,700,6,220,1718
msd_radix_sort,reverse_sorted,700,7,222,1718
msd_radix_sort,reverse_sorted,700,8,220,1718
msd_radix_sort,reverse_sorted,700,9,224,1718
msd_radix_sort,reverse_sorted,700,10,218,1718
msd_radix_sort,reverse_sorted,800,1,279,1947
msd_radix_sort,reverse_sorted,800,2,281,1947
msd_radix_sort,reverse_sorted,800,3,267,1947
msd_radix_sort,reverse_sorted,800,4,267,1947
msd_radix_sort,reverse_sorted,800,5,273,1947
msd_radix_sort,reverse_sorted,800,6,254,1947
msd_radix_sort,reverse_sorted,800,7,254,1947
msd_radix_sort,reverse_sorted,800,8,260,1947
msd_radix_sort,reverse_sorted,800,9,256,1947
msd_radix_sort,reverse_sorted,800,10,250,1947
msd_radix_sort,reverse_sorted,900,1,327,2195
msd_radix_sort,reverse_sorted,900,2,290,2195
msd_radix_sort,reverse_sorted,900,3,286,2195
msd_radix_sort,reverse_sorted,900,4,302,2195
msd_radix_sort,reverse_sorted,900,5,292,2195
msd_radix_sort,reverse_sorted,900,6,287,2195
msd_radix_sort,reverse_sorted,900,7,284,2195
msd_radix_sort,reverse_sorted,900,8,293,2195
msd_radix_sort,reverse_sorted,900,9,295,2195
msd_radix_sort,reverse_sorted,900,10,296,2195
msd_radix_sort,reverse_sorted,1000,1,338,2437
msd_radix_sort,reverse_sorted,1000,2,337,2437
msd_radix_sort,reverse_sorted,1000,3,322,2437
msd_radix_sort,reverse_sorted,1000,4,324,2437
msd_radix_sort,reverse_sorted,1000,5,313,2437
msd_radix_sort,reverse_sorted,1000,6,315,2437
msd_radix_sort,reverse_sorted,1000,7,324,2437
msd_radix_sort,reverse_sorted,1000,8,326,2437
msd_radix_sort,reverse_sorted,1000,9,319,2437
msd_radix_sort,reverse_sorted,1000,10,322,2437
msd_radix_sort,reverse_sorted,1100,1,378,2680
msd_radix_sort,reverse_sorted,1100,2,381,2680
msd_radix_sort,reverse_sorted,1100,3,364,2680
msd_radix_sort,reverse_sorted,1100,4,378,2680
msd_radix_sort,reverse_sorted,1100,5,352,2680
msd_radix_sort,reverse_sorted,1100,6,360,2680
msd_radix_sort,reverse_sorted,1100,7,353,2680
msd_radix_sort,reverse_sorted,1100,8,363,2680
msd_radix_sort,reverse_sorted,1100,9,378,2680
msd_radix_sort,reverse_sorted,1100,10,353,2680
msd_radix_sort,reverse_sorted,1200,1,411,2931
msd_radix_sort,reverse_sorted,1200,2,395,2931
msd_radix_sort,reverse_sorted,1200,3,401,2931
msd_radix_sort,reverse_sorted,1200,4,390,2931
msd_radix_sort,reverse_sorted,1200,5,408,2931
msd_radix_sort,reverse_sorted,1200,6,392,2931
msd_radix_sort,reverse_sorted,1200,7,392,2931
msd_radix_sort,reverse_sorted,1200,8,389,2931
msd_radix_sort,reverse_sorted,1200,9,408,2931
msd_radix_sort,reverse_sorted,1200,10,381,2931
msd_radix_sort,reverse_sorted,1300,1,441,3174
msd_radix_sort,reverse_sorted,1300,2,423,3174
msd_radix_sort,reverse_sorted,1300,3,441,3174
msd_radix_sort,reverse_sorted,1300,4,416,3174
msd_radix_sort,reverse_sorted,1300,5,434,3174
msd_radix_sort,reverse_sorted,1300,6,417,3174
msd_radix_sort,reverse_sorted,1300,7,427,3174
msd_radix_sort,reverse_sorted,1300,8,416,3174
msd_radix_sort,reverse_sorted,1300,9,427,3174
msd_radix_sort,reverse_sorted,1300,10,421,3174
msd_radix_sort,reverse_sorted,1400,1,477,3410
msd_radix_sort,reverse_sorted,1400,2,451,3410
msd_radix_sort,reverse_sorted,1400,3,444,3410
msd_radix_sort,reverse_sorted,1400,4,465,3410
msd_radix_sort,reverse_sorted,1400,5,448,3410
msd_radix_sort,reverse_sorted,1400,6,471,3410
msd_radix_sort,reverse_sorted,1400,7,445,3410
msd_radix_sort,reverse_sorted,1400,8,466,3410
msd_radix_sort,reverse_sorted,1400,9,451,3410
msd_radix_sort,reverse_sorted,1400,10,457,3410
msd_radix_sort,reverse_sorted,1500,1,479,3643
msd_radix_sort,reverse_sorted,1500,2,483,3643
msd_radix_sort,reverse_sorted,1500,3,501,3643
msd_radix_sort,reverse_sorted,1500,4,473,3643
msd_radix_sort,reverse_sorted,1500,5,498,3643
msd_radix_sort,reverse_sorted,1500,6,474,3643
msd_radix_sort,reverse_sorted,1500,7,480,3643
msd_radix_sort,reverse_sorted,1500,8,493,3643
msd_radix_sort,reverse_sorted,1500,9,471,3643
msd_radix_sort,reverse_sorted,1500,10,493,3643
msd_radix_sort,reverse_sorted,1600,1,520,3884
msd_radix_sort,reverse_sorted,1600,2,529,3884
msd_radix_sort,reverse_sorted,1600,3,510,3884
msd_radix_sort,reverse_sorted,1600,4,506,3884
msd_radix_sort,reverse_sorted,1600,5,521,3884
msd_radix_sort,reverse_sorted,1600,6,523,3884
msd_radix_sort,reverse_sorted,1600,7,515,3884
msd_radix_sort,reverse_sorted,1600,8,533,3884
msd_radix_sort,reverse_sorted,1600,9,510,3884
msd_radix_sort,reverse_sorted,1600,10,506,3884
msd_radix_sort,reverse_sorted,1700,1,566,4123
msd_radix_sort,reverse_sorted,1700,2,535,4123
msd_radix_sort,reverse_sorted,1700,3,546,4123
msd_radix_sort,reverse_sorted,1700,4,560,4123
msd_radix_sort,reverse_sorted,1700,5,535,4123
msd_radix_sort,reverse_sorted,1700,6,535,4123
msd_radix_sort,reverse_sorted,1700,7,540,4123
msd_radix_sort,reverse_sorted,1700,8,530,4123
msd_radix_sort,reverse_sorted,1700,9,544,4123
msd_radix_sort,reverse_sorted,1700,10,559,4123
msd_radix_sort,reverse_sorted,1800,1,598,4362
msd_radix_sort,reverse_sorted,1800,2,575,4362
msd_radix_sort,reverse_sorted,1800,3,586,4362
msd_radix_sort,reverse_sorted,1800,4,593,4362
msd_radix_sort,reverse_sorted,1800,5,573,4362
msd_radix_sort,reverse_sorted,1800,6,596,4362
msd_radix_sort,reverse_sorted,1800,7,584,4362
msd_radix_sort,reverse_sorted,1800,8,577,4362
msd_radix_sort,reverse_sorted,1800,9,584,4362
msd_radix_sort,reverse_sorted,1800,10,597,4362
msd_radix_sort,reverse_sorted,1900,1,612,4609
msd_radix_sort,reverse_sorted,1900,2,604,4609
msd_radix_sort,reverse_sorted,1900,3,605,4609
msd_radix_sort,reverse_sorted,1900,4,620,4609
msd_radix_sort,reverse_sorted,1900,5,623,4609
msd_radix_sort,reverse_sorted,1900,6,603,4609
msd_radix_sort,reverse_sorted,1900,7,607,4609
msd_radix_sort,reverse_sorted,1900,8,619,4609
msd_radix_sort,reverse_sorted,1900,9,615,4609
msd_radix_sort,reverse_sorted,1900,10,600,4609
msd_radix_sort,reverse_sorted,2000,1,648,4849
msd_radix_sort,reverse_sorted,2000,2,656,4849
msd_radix_sort,reverse_sorted,2000,3,655,4849
msd_radix_sort,reverse_sorted,2000,4,649,4849
msd_radix_sort,reverse_sorted,2000,5,635,4849
msd_radix_sort,reverse_sorted,2000,6,649,4849
msd_radix_sort,reverse_sorted,2000,7,645,4849
msd_radix_sort,reverse_sorted,2000,8,643,4849
msd_radix_sort,reverse_sorted,2000,9,631,4849
msd_radix_sort,reverse_sorted,2000,10,628,4849
msd_radix_sort,reverse_sorted,2100,1,683,5093
msd_radix_sort,reverse_sorted,2100,2,683,5093
msd_radix_sort,reverse_sorted,2100,3,682,5093
msd_radix_sort,reverse_sorted,2100,4,685,5093
msd_radix_sort,reverse_sorted,2100,5,668,5093
msd_radix_sort,reverse_sorted,2100,6,683,5093
msd_radix_sort,reverse_sorted,2100,7,685,5093
msd_radix_sort,reverse_sorted,2100,8,680,5093
msd_radix_sort,reverse_sorted,2100,9,699,5093
msd_radix_sort,reverse_sorted,2100,10,663,5093
msd_radix_sort,reverse_sorted,2200,1,696,5337
msd_radix_sort,reverse_sorted,2200,2,717,5337
msd_radix_sort,reverse_sorted,2200,3,711,5337
msd_radix_sort,reverse_sorted,2200,4,714,5337
msd_radix_sort,reverse_sorted,2200,5,708,5337
msd_radix_sort,reverse_sorted,2200,6,715,5337
msd_radix_sort,reverse_sorted,2200,7,706,5337
msd_radix_sort,reverse_sorted,2200,8,700,5337
msd_radix_sort,reverse_sorted,2200,9,702,5337
msd_radix_sort,reverse_sorted,2200,10,718,5337
msd_radix_sort,reverse_sorted,2300,1,746,5572
msd_radix_sort,reverse_sorted,2300,2,743,5572
msd_radix_sort,reverse_sorted,2300,3,743,5572
msd_radix_sort,reverse_sorted,2300,4,740,5572
msd_radix_sort,reverse_sorted,2300,5,731,5572
msd_radix_sort,reverse_sorted,2300,6,733,5572
msd_radix_sort,reverse_sorted,2300,7,720,5572
msd_radix_sort,reverse_sorted,2300,8,725,5572
msd_radix_sort,reverse_sorted,2300,9,733,5572
msd_radix_sort,reverse_sorted,2300,10,734,5572
msd_radix_sort,reverse_sorted,2400,1,778,5813
msd_radix_sort,reverse_sorted,2400,2,778,5813
msd_radix_sort,reverse_sorted,2400,3,781,5813
msd_radix_sort,reverse_sorted,2400,4,774,5813
msd_radix_sort,reverse_sorted,2400,5,772,5813
msd_radix_sort,reverse_sorted,2400,6,770,5813
msd_radix_sort,reverse_sorted,2400,7,778,5813
msd_radix_sort,reverse_sorted,2400,8,781,5813
msd_radix_sort,reverse_sorted,2400,9,770,5813
msd_radix_sort,reverse_sorted,2400,10,778,5813
msd_radix_sort,reverse_sorted,2500,1,819,6052
msd_radix_sort,reverse_sorted,2500,2,812,6052
msd_radix_sort,reverse_sorted,2500,3,800,6052
msd_radix_sort,reverse_sorted,2500,4,823,6052
msd_radix_sort,reverse_sorted,2500,5,804,6052
msd_radix_sort,reverse_sorted,2500,6,796,6052
msd_radix_sort,reverse_sorted,2500,7,790,6052
msd_radix_sort,reverse_sorted,2500,8,795,6052
msd_radix_sort,reverse_sorted,2500,9,785,6052
msd_radix_sort,reverse_sorted,2500,10,780,6052
msd_radix_sort,reverse_sorted,2600,1,838,6287
msd_radix_sort,reverse_sorted,2600,2,846,6287
msd_radix_sort,reverse_sorted,2600,3,812,6287
msd_radix_sort,reverse_sorted,2600,4,812,6287
msd_radix_sort,reverse_sorted,2600,5,825,6287
msd_radix_sort,reverse_sorted,2600,6,809,6287
msd_radix_sort,reverse_sorted,2600,7,819,6287
msd_radix_sort,reverse_sorted,2600,8,818,6287
msd_radix_sort,reverse_sorted,2600,9,816,6287
msd_radix_sort,reverse_sorted,2600,10,810,6287
msd_radix_sort,reverse_sorted,2700,1,873,6532
msd_radix_sort,reverse_sorted,2700,2,860,6532
msd_radix_sort,reverse_sorted,2700,3,865,6532
msd_radix_sort,reverse_sorted,2700,4,853,6532
msd_radix_sort,reverse_sorted,2700,5,877,6532
msd_radix_sort,reverse_sorted,2700,6,861,6532
msd_radix_sort,reverse_sorted,2700,7,860,6532
msd_radix_sort,reverse_sorted,2700,8,866,6532
msd_radix_sort,reverse_sorted,2700,9,873,6532
msd_radix_sort,reverse_sorted,2700,10,863,6532
msd_radix_sort,reverse_sorted,2800,1,875,6769
msd_radix_sort,reverse_sorted,2800,2,888,6769
msd_radix_sort,reverse_sorted,2800,3,884,6769
msd_radix_sort,reverse_sorted,2800,4,872,6769
msd_radix_sort,reverse_sorted,2800,5,866,6769
msd_radix_sort,reverse_sorted,2800,6,867,6769
msd_radix_sort,reverse_sorted,2800,7,886,6769
msd_radix_sort,reverse_sorted,2800,8,885,6769
msd_radix_sort,reverse_sorted,2800,9,882,6769
msd_radix_sort,reverse_sorted,2800,10,901,6769
msd_radix_sort,reverse_sorted,2900,1,941,7019
msd_radix_sort,reverse_sorted,2900,2,923,7019
msd_radix_sort,reverse_sorted,2900,3,946,7019
msd_radix_sort,reverse_sorted,2900,4,937,7019
msd_radix_sort,reverse_sorted,2900,5,911,7019
msd_radix_sort,reverse_sorted,2900,6,923,7019
msd_radix_sort,reverse_sorted,2900,7,930,7019
msd_radix_sort,reverse_sorted,2900,8,952,7019
msd_radix_sort,reverse_sorted,2900,9,926,7019
msd_radix_sort,reverse_sorted,2900,10,939,7019
msd_radix_sort,reverse_sorted,3000,1,975,7259
msd_radix_sort,reverse_sorted,3000,2,954,7259
msd_radix_sort,reverse_sorted,3000,3,974,7259
msd_radix_sort,reverse_sorted,3000,4,956,7259
msd_radix_sort,reverse_sorted,3000,5,961,7259
msd_radix_sort,reverse_sorted,3000,6,955,7259
msd_radix_sort,reverse_sorted,3000,7,942,7259
msd_radix_sort,reverse_sorted,3000,8,939,7259
msd_radix_sort,reverse_sorted,3000,9,954,7259
msd_radix_sort,reverse_sorted,3000,10,961,7259
msd_radix_sort,nearly_sorted,100,1,32,240
msd_radix_sort,nearly_sorted,100,2,27,240
msd_radix_sort,nearly_sorted,100,3,26,240
msd_radix_sort,nearly_sorted,100,4,27,240
msd_radix_sort,nearly_sorted,100,5,23,240
msd_radix_sort,nearly_sorted,100,6,23,240
msd_radix_sort,nearly_sorted,100,7,26,240
msd_radix_sort,nearly_sorted,100,8,24,240
msd_radix_sort,nearly_sorted,100,9,23,240
msd_radix_sort,nearly_sorted,100,10,22,240
msd_radix_sort,nearly_sorted,200,1,62,490
msd_radix_sort,nearly_sorted,200,2,56,490
msd_radix_sort,nearly_sorted,200,3,60,490
msd_radix_sort,nearly_sorted,200,4,49,490
msd_radix_sort,nearly_sorted,200,5,48,490
msd_radix_sort,nearly_sorted,200,6,48,490
msd_radix_sort,nearly_sorted,200,7,49,490
msd_radix_sort,nearly_sorted,200,8,51,490
msd_radix_sort,nearly_sorted,200,9,48,490
msd_radix_sort,nearly_sorted,200,10,48,490
msd_radix_sort,nearly_sorted,300,1,85,727
msd_radix_sort,nearly_sorted,300,2,83,727
msd_radix_sort,nearly_sorted,300,3,79,727
msd_radix_sort,nearly_sorted,300,4,83,727
msd_radix_sort,nearly_sorted,300,5,85,727
msd_radix_sort,nearly_sorted,300,6,96,727
msd_radix_sort,nearly_sorted,300,7,84,727
msd_radix_sort,nearly_sorted,300,8,78,727
msd_radix_sort,nearly_sorted,300,9,84,727
msd_radix_sort,nearly_sorted,300,10,83,727
msd_radix_sort,nearly_sorted,400,1,124,972
msd_radix_sort,nearly_sorted,400,2,116,972
msd_radix_sort,nearly_sorted,400,3,109,972
msd_radix_sort,nearly_sorted,400,4,123,972
msd_radix_sort,nearly_sorted,400,5,113,972
msd_radix_sort,nearly_sorted,400,6,113,972
msd_radix_sort,nearly_sorted,400,7,106,972
msd_radix_sort,nearly_sorted,400,8,102,972
msd_radix_sort,nearly_sorted,400,9,112,972
msd_radix_sort,nearly_sorted,400,10,111,972
msd_radix_sort,nearly_sorted,500,1,156,1207
msd_radix_sort,nearly_sorted,500,2,143,1207
msd_radix_sort,nearly_sorted,500,3,142,1207
msd_radix_sort,nearly_sorted,500,4,142,1207
msd_radix_sort,nearly_sorted,500,5,140,1207
msd_radix_sort,nearly_sorted,500,6,141,1207
msd_radix_sort,nearly_sorted,500,7,150,1207
msd_radix_sort,nearly_sorted,500,8,137,1207
msd_radix_sort,nearly_sorted,500,9,140,1207
msd_radix_sort,nearly_sorted,500,10,137,1207
msd_radix_sort,nearly_sorted,600,1,169,1446
msd_radix_sort,nearly_sorted,600,2,175,1446
msd_radix_sort,nearly_sorted,600,3,165,1446
msd_radix_sort,nearly_sorted,600,4,162,1446
msd_radix_sort,nearly_sorted,600,5,163,1446
msd_radix_sort,nearly_sorted,600,6,170,1446
msd_radix_sort,nearly_sorted,600,7,169,1446
msd_radix_sort,nearly_sorted,600,8,163,1446
msd_radix_sort,nearly_sorted,600,9,167,1446
msd_radix_sort,nearly_sorted,600,10,165,1446
msd_radix_sort,nearly_sorted,700,1,193,1687
msd_radix_sort,nearly_sorted,700,2,218,1687
msd_radix_sort,nearly_sorted,700,3,188,1687
msd_radix_sort,nearly_sorted,700,4,195,1687
msd_radix_sort,nearly_sorted,700,5,195,1687
msd_radix_sort,nearly_sorted,700,6,205,1687
msd_radix_sort,nearly_sorted,700,7,200,1687
msd_radix_sort,nearly_sorted,700,8,188,1687
msd_radix_sort,nearly_sorted,700,9,192,1687
msd_radix_sort,nearly_sorted,700,10,205,1687
msd_radix_sort,nearly_sorted,800,1,216,1922
msd_radix_sort,nearly_sorted,800,2,223,1922
msd_radix_sort,nearly_sorted,800,3,218,1922
msd_radix_sort,nearly_sorted,800,4,243,1922
msd_radix_sort,nearly_sorted,800,5,220,1922
msd_radix_sort,nearly_sorted,800,6,214,1922
msd_radix_sort,nearly_sorted,800,7,223,1922
msd_radix_sort,nearly_sorted,800,8,220,1922
msd_radix_sort,nearly_sorted,800,9,225,1922
msd_radix_sort,nearly_sorted,800,10,224,1922
msd_radix_sort,nearly_sorted,900,1,276,2166
msd_radix_sort,nearly_sorted,900,2,256,2166
msd_radix_sort,nearly_sorted,900,3,250,2166
msd_radix_sort,nearly_sorted,900,4,263,2166
msd_radix_sort,nearly_sorted,900,5,251,2166
msd_radix_sort,nearly_sorted,900,6,250,2166
msd_radix_sort,nearly_sorted,900,7,255,2166
msd_radix_sort,nearly_sorted,900,8,254,2166
msd_radix_sort,nearly_sorted,900,9,251,2166
msd_radix_sort,nearly_sorted,900,10,254,2166
msd_radix_sort,nearly_sorted,1000,1,282,2410
msd_radix_sort,nearly_sorted,1000,2,280,2410
msd_radix_sort,nearly_sorted,1000,3,289,2410
msd_radix_sort,nearly_sorted,1000,4,271,2410
msd_radix_sort,nearly_sorted,1000,5,273,2410
msd_radix_sort,nearly_sorted,1000,6,283,2410
msd_radix_sort,nearly_sorted,1000,7,271,2410
msd_radix_sort,nearly_sorted,1000,8,275,2410
msd_radix_sort,nearly_sorted,1000,9,290,2410
msd_radix_sort,nearly_sorted,1000,10,271,2410
msd_radix_sort,nearly_sorted,1100,1,309,2648
msd_radix_sort,nearly_sorted,1100,2,311,2648
msd_radix_sort,nearly_sorted,1100,3,301,2648
msd_radix_sort,nearly_sorted,1100,4,320,2648
msd_radix_sort,nearly_sorted,1100,5,300,2648
msd_radix_sort,nearly_sorted,1100,6,308,2648
msd_radix_sort,nearly_sorted,1100,7,338,2648
msd_radix_sort,nearly_sorted,1100,8,298,2648
msd_radix_sort,nearly_sorted,1100,9,305,2648
msd_radix_sort,nearly_sorted,1100,10,317,2648
msd_radix_sort,nearly_sorted,1200,1,363,2897
msd_radix_sort,nearly_sorted,1200,2,362,2897
msd_radix_sort,nearly_sorted,1200,3,340,2897
msd_radix_sort,nearly_sorted,1200,4,358,2897
msd_radix_sort,nearly_sorted,1200,5,328,2897
msd_radix_sort,nearly_sorted,1200,6,330,2897
msd_radix_sort,nearly_sorted,1200,7,337,2897
msd_radix_sort,nearly_sorted,1200,8,343,2897
msd_radix_sort,nearly_sorted,1200,9,347,2897
msd_radix_sort,nearly_sorted,1200,10,355,2897
msd_radix_sort,nearly_sorted,1300,1,397,3134
msd_radix_sort,nearly_sorted,1300,2,363,3134
msd_radix_sort,nearly_sorted,1300,3,368,3134
msd_radix_sort,nearly_sorted,1300,4,356,3134
msd_radix_sort,nearly_sorted,1300,5,364,3134
msd_radix_sort,nearly_sorted,1300,6,364,3134
msd_radix_sort,nearly_sorted,1300,7,357,3134
msd_radix_sort,nearly_sorted,1300,8,357,3134
msd_radix_sort,nearly_sorted,1300,9,364,3134
msd_radix_sort,nearly_sorted,1300,10,382,3134
msd_radix_sort,nearly_sorted,1400,1,390,3374
msd_radix_sort,nearly_sorted,1400,2,401,3374
msd_radix_sort,nearly_sorted,1400,3,383,3374
msd_radix_sort,nearly_sorted,1400,4,400,3374
msd_radix_sort,nearly_sorted,1400,5,382,3374
msd_radix_sort,nearly_sorted,1400,6,397,3374
msd_radix_sort,nearly_sorted,1400,7,378,3374
msd_radix_sort,nearly_sorted,1400,8,397,3374
msd_radix_sort,nearly_sorted,1400,9,391,3374
msd_radix_sort,nearly_sorted,1400,10,402,3374
msd_radix_sort,nearly_sorted,1500,1,426,3616
msd_radix_sort,nearly_sorted,1500,2,436,3616
msd_radix_sort,nearly_sorted,1500,3,419,3616
msd_radix_sort,nearly_sorted,1500,4,441,3616
msd_radix_sort,nearly_sorted,1500,5,422,3616
msd_radix_sort,nearly_sorted,1500,6,422,3616
msd_radix_sort,nearly_sorted,1500,7,415,3616
msd_radix_sort,nearly_sorted,1500,8,417,3616
msd_radix_sort,nearly_sorted,1500,9,419,3616
msd_radix_sort,nearly_sorted,1500,10,419,3616
msd_radix_sort,nearly_sorted,1600,1,473,3849
msd_radix_sort,nearly_sorted,1600,2,441,3849
msd_radix_sort,nearly_sorted,1600,3,480,3849
msd_radix_sort,nearly_sorted,1600,4,453,3849
msd_radix_sort,nearly_sorted,1600,5,464,3849
msd_radix_sort,nearly_sorted,1600,6,445,3849
msd_radix_sort,nearly_sorted,1600,7,446,3849
msd_radix_sort,nearly_sorted,1600,8,453,3849
msd_radix_sort,nearly_sorted,1600,9,445,3849
msd_radix_sort,nearly_sorted,1600,10,457,3849
msd_radix_sort,nearly_sorted,1700,1,477,4083
msd_radix_sort,nearly_sorted,1700,2,485,4083
msd_radix_sort,nearly_sorted,1700,3,472,4083
msd_radix_sort,nearly_sorted,1700,4,464,4083
msd_radix_sort,nearly_sorted,1700,5,495,4083
msd_radix_sort,nearly_sorted,1700,6,473,4083
msd_radix_sort,nearly_sorted,1700,7,480,4083
msd_radix_sort,nearly_sorted,1700,8,461,4083
msd_radix_sort,nearly_sorted,1700,9,467,4083
msd_radix_sort,nearly_sorted,1700,10,485,4083
msd_radix_sort,nearly_sorted,1800,1,518,4326
msd_radix_sort,nearly_sorted,1800,2,506,4326
msd_radix_sort,nearly_sorted,1800,3,510,4326
msd_radix_sort,nearly_sorted,1800,4,497,4326
msd_radix_sort,nearly_sorted,1800,5,516,4326
msd_radix_sort,nearly_sorted,1800,6,497,4326
msd_radix_sort,nearly_sorted,1800,7,497,4326
msd_radix_sort,nearly_sorted,1800,8,511,4326
msd_radix_sort,nearly_sorted,1800,9,501,4326
msd_radix_sort,nearly_sorted,1800,10,504,4326
msd_radix_sort,nearly_sorted,1900,1,575,4579
msd_radix_sort,nearly_sorted,1900,2,529,4579
msd_radix_sort,nearly_sorted,1900,3,530,4579
msd_radix_sort,nearly_sorted,1900,4,548,4579
msd_radix_sort,nearly_sorted,1900,5,528,4579
msd_radix_sort,nearly_sorted,1900,6,530,4579
msd_radix_sort,nearly_sorted,1900,7,549,4579
msd_radix_sort,nearly_sorted,1900,8,521,4579
msd_radix_sort,nearly_sorted,1900,9,522,4579
msd_radix_sort,nearly_sorted,1900,10,547,4579
msd_radix_sort,nearly_sorted,2000,1,594,4822
msd_radix_sort,nearly_sorted,2000,2,544,4822
msd_radix_sort,nearly_sorted,2000,3,566,4822
msd_radix_sort,nearly_sorted,2000,4,571,4822
msd_radix_sort,nearly_sorted,2000,5,553,4822
msd_radix_sort,nearly_sorted,2000,6,572,4822
msd_radix_sort,nearly_sorted,2000,7,563,4822
msd_radix_sort,nearly_sorted,2000,8,547,4822
msd_radix_sort,nearly_sorted,2000,9,556,4822
msd_radix_sort,nearly_sorted,2000,10,575,4822
msd_radix_sort,nearly_sorted,2100,1,604,5063
msd_radix_sort,nearly_sorted,2100,2,575,5063
msd_radix_sort,nearly_sorted,2100,3,599,5063
msd_radix_sort,nearly_sorted,2100,4,587,5063
msd_radix_sort,nearly_sorted,2100,5,615,5063
msd_radix_sort,nearly_sorted,2100,6,577,5063
msd_radix_sort,nearly_sorted,2100,7,603,5063
msd_radix_sort,nearly_sorted,2100,8,590,5063
msd_radix_sort,nearly_sorted,2100,9,605,5063
msd_radix_sort,nearly_sorted,2100,10,591,5063
msd_radix_sort,nearly_sorted,2200,1,629,5312
msd_radix_sort,nearly_sorted,2200,2,634,5312
msd_radix_sort,nearly_sorted,2200,3,612,5312
msd_radix_sort,nearly_sorted,2200,4,612,5312
msd_radix_sort,nearly_sorted,2200,5,607,5312
msd_radix_sort,nearly_sorted,2200,6,624,5312
msd_radix_sort,nearly_sorted,2200,7,623,5312
msd_radix_sort,nearly_sorted,2200,8,606,5312
msd_radix_sort,nearly_sorted,2200,9,616,5312
msd_radix_sort,nearly_sorted,2200,10,626,5312
msd_radix_sort,nearly_sorted,2300,1,650,5541
msd_radix_sort,nearly_sorted,2300,2,654,5541
msd_radix_sort,nearly_sorted,2300,3,628,5541
msd_radix_sort,nearly_sorted,2300,4,629,5541
msd_radix_sort,nearly_sorted,2300,5,645,5541
msd_radix_sort,nearly_sorted,2300,6,651,5541
msd_radix_sort,nearly_sorted,2300,7,636,5541
msd_radix_sort,nearly_sorted,2300,8,636,5541
msd_radix_sort,nearly_sorted,2300,9,639,5541
msd_radix_sort,nearly_sorted,2300,10,648,5541
msd_radix_sort,nearly_sorted,2400,1,675,5788
msd_radix_sort,nearly_sorted,2400,2,680,5788
msd_radix_sort,nearly_sorted,2400,3,660,5788
msd_radix_sort,nearly_sorted,2400,4,658,5788
msd_radix_sort,nearly_sorted,2400,5,668,5788
msd_radix_sort,nearly_sorted,2400,6,667,5788
msd_radix_sort,nearly_sorted,2400,7,670,5788
msd_radix_sort,nearly_sorted,2400,8,676,5788
msd_radix_sort,nearly_sorted,2400,9,668,5788
msd_radix_sort,nearly_sorted,2400,10,680,5788
msd_radix_sort,nearly_sorted,2500,1,706,6030
msd_radix_sort,nearly_sorted,2500,2,712,6030
msd_radix_sort,nearly_sorted,2500,3,708,6030
msd_radix_sort,nearly_sorted,2500,4,695,6030
msd_radix_sort,nearly_sorted,2500,5,706,6030
msd_radix_sort,nearly_sorted,2500,6,685,6030
msd_radix_sort,nearly_sorted,2500,7,691,6030
msd_radix_sort,nearly_sorted,2500,8,708,6030
msd_radix_sort,nearly_sorted,2500,9,699,6030
msd_radix_sort,nearly_sorted,2500,10,717,6030
msd_radix_sort,nearly_sorted,2600,1,742,6289
msd_radix_sort,nearly_sorted,2600,2,753,6289
msd_radix_sort,nearly_sorted,2600,3,738,6289
msd_radix_sort,nearly_sorted,2600,4,733,6289
msd_radix_sort,nearly_sorted,2600,5,742,6289
msd_radix_sort,nearly_sorted,2600,6,734,6289
msd_radix_sort,nearly_sorted,2600,7,726,6289
msd_radix_sort,nearly_sorted,2600,8,732,6289
msd_radix_sort,nearly_sorted,2600,9,746,6289
msd_radix_sort,nearly_sorted,2600,10,745,6289
msd_radix_sort,nearly_sorted,2700,1,761,6523
msd_radix_sort,nearly_sorted,2700,2,759,6523
msd_radix_sort,nearly_sorted,2700,3,780,6523
msd_radix_sort,nearly_sorted,2700,4,770,6523
msd_radix_sort,nearly_sorted,2700,5,772,6523
msd_radix_sort,nearly_sorted,2700,6,768,6523
msd_radix_sort,nearly_sorted,2700,7,756,6523
msd_radix_sort,nearly_sorted,2700,8,768,6523
msd_radix_sort,nearly_sorted,2700,9,770,6523
msd_radix_sort,nearly_sorted,2700,10,762,6523
msd_radix_sort,nearly_sorted,2800,1,795,6769
msd_radix_sort,nearly_sorted,2800,2,800,6769
msd_radix_sort,nearly_sorted,2800,3,793,6769
msd_radix_sort,nearly_sorted,2800,4,793,6769
msd_radix_sort,nearly_sorted,2800,5,799,6769
msd_radix_sort,nearly_sorted,2800,6,819,6769
msd_radix_sort,nearly_sorted,2800,7,795,6769
msd_radix_sort,nearly_sorted,2800,8,789,6769
msd_radix_sort,nearly_sorted,2800,9,822,6769
msd_radix_sort,nearly_sorted,2800,10,801,6769
msd_radix_sort,nearly_sorted,2900,1,804,7018
msd_radix_sort,nearly_sorted,2900,2,807,7018
msd_radix_sort,nearly_sorted,2900,3,821,7018
msd_radix_sort,nearly_sorted,2900,4,820,7018
msd_radix_sort,nearly_sorted,2900,5,815,7018
msd_radix_sort,nearly_sorted,2900,6,821,7018
msd_radix_sort,nearly_sorted,2900,7,818,7018
msd_radix_sort,nearly_sorted,2900,8,825,7018
msd_radix_sort,nearly_sorted,2900,9,815,7018
msd_radix_sort,nearly_sorted,2900,10,825,7018
msd_radix_sort,nearly_sorted,3000,1,854,7259
msd_radix_sort,nearly_sorted,3000,2,834,7259
msd_radix_sort,nearly_sorted,3000,3,864,7259
msd_radix_sort,nearly_sorted,3000,4,875,7259
msd_radix_sort,nearly_sorted,3000,5,853,7259
msd_radix_sort,nearly_sorted,3000,6,842,7259
msd_radix_sort,nearly_sorted,3000,7,837,7259
msd_radix_sort,nearly_sorted,3000,8,835,7259
msd_radix_sort,nearly_sorted,3000,9,834,7259
msd_radix_sort,nearly_sorted,3000,10,841,7259
msd_radix_sort,common_prefix,100,1,376,6179
msd_radix_sort,common_prefix,100,2,355,6179
msd_radix_sort,common_prefix,100,3,365,6179
msd_radix_sort,common_prefix,100,4,388,6179
msd_radix_sort,common_prefix,100,5,352,6179
msd_radix_sort,common_prefix,100,6,352,6179
msd_radix_sort,common_prefix,100,7,338,6179
msd_radix_sort,common_prefix,100,8,366,6179
msd_radix_sort,common_prefix,100,9,333,6179
msd_radix_sort,common_prefix,100,10,364,6179
msd_radix_sort,common_prefix,200,1,782,12396
msd_radix_sort,common_prefix,200,2,702,12396
msd_radix_sort,common_prefix,200,3,605,12396
msd_radix_sort,common_prefix,200,4,591,12396
msd_radix_sort,common_prefix,200,5,593,12396
msd_radix_sort,common_prefix,200,6,669,12396
msd_radix_sort,common_prefix,200,7,639,12396
msd_radix_sort,common_prefix,200,8,579,12396
msd_radix_sort,common_prefix,200,9,638,12396
msd_radix_sort,common_prefix,200,10,649,12396
msd_radix_sort,common_prefix,300,1,1632,18609
msd_radix_sort,common_prefix,300,2,984,18609
msd_radix_sort,common_prefix,300,3,1040,18609
msd_radix_sort,common_prefix,300,4,945,18609
msd_radix_sort,common_prefix,300,5,993,18609
msd_radix_sort,common_prefix,300,6,973,18609
msd_radix_sort,common_prefix,300,7,929,18609
msd_radix_sort,common_prefix,300,8,891,18609
msd_radix_sort,common_prefix,300,9,987,18609
msd_radix_sort,common_prefix,300,10,914,18609
msd_radix_sort,common_prefix,400,1,1722,24818
msd_radix_sort,common_prefix,400,2,1189,24818
msd_radix_sort,common_prefix,400,3,1116,24818
msd_radix_sort,common_prefix,400,4,1156,24818
msd_radix_sort,common_prefix,400,5,1209,24818
msd_radix_sort,common_prefix,400,6,1148,24818
msd_radix_sort,common_prefix,400,7,1148,24818
msd_radix_sort,common_prefix,400,8,1168,24818
msd_radix_sort,common_prefix,400,9,1127,24818
msd_radix_sort,common_prefix,400,10,1232,24818
msd_radix_sort,common_prefix,500,1,1773,31040
msd_radix_sort,common_prefix,500,2,1412,31040
msd_radix_sort,common_prefix,500,3,1249,31040
msd_radix_sort,common_prefix,500,4,1303,31040
msd_radix_sort,common_prefix,500,5,1246,31040
msd_radix_sort,common_prefix,500,6,1317,31040
msd_radix_sort,common_prefix,500,7,1438,31040
msd_radix_sort,common_prefix,500,8,1351,31040
msd_radix_sort,common_prefix,500,9,1263,31040
msd_radix_sort,common_prefix,500,10,1220,31040
msd_radix_sort,common_prefix,600,1,2395,37255
msd_radix_sort,common_prefix,600,2,1777,37255
msd_radix_sort,common_prefix,600,3,1725,37255
msd_radix_sort,common_prefix,600,4,1756,37255
msd_radix_sort,common_prefix,600,5,1715,37255
msd_radix_sort,common_prefix,600,6,1782,37255
msd_radix_sort,common_prefix,600,7,1725,37255
msd_radix_sort,common_prefix,600,8,2184,37255
msd_radix_sort,common_prefix,600,9,1890,37255
msd_radix_sort,common_prefix,600,10,1941,37255
msd_radix_sort,common_prefix,700,1,2341,43469
msd_radix_sort,common_prefix,700,2,2172,43469
msd_radix_sort,common_prefix,700,3,2084,43469
msd_radix_sort,common_prefix,700,4,2883,43469
msd_radix_sort,common_prefix,700,5,3660,43469
msd_radix_sort,common_prefix,700,6,2064,43469
msd_radix_sort,common_prefix,700,7,1959,43469
msd_radix_sort,common_prefix,700,8,1985,43469
msd_radix_sort,common_prefix,700,9,2290,43469
msd_radix_sort,common_prefix,700,10,2144,43469
msd_radix_sort,common_prefix,800,1,2697,49694
msd_radix_sort,common_prefix,800,2,2405,49694
msd_radix_sort,common_prefix,800,3,2747,49694
msd_radix_sort,common_prefix,800,4,4099,49694
msd_radix_sort,common_prefix,800,5,3020,49694
msd_radix_sort,common_prefix,800,6,2490,49694
msd_radix_sort,common_prefix,800,7,2502,49694
msd_radix_sort,common_prefix,800,8,2315,49694
msd_radix_sort,common_prefix,800,9,2238,49694
msd_radix_sort,common_prefix,800,10,2515,49694
msd_radix_sort,common_prefix,900,1,3053,55915
msd_radix_sort,common_prefix,900,2,2538,55915
msd_radix_sort,common_prefix,900,3,2557,55915
msd_radix_sort,common_prefix,900,4,2781,55915
msd_radix_sort,common_prefix,900,5,2938,55915
msd_radix_sort,common_prefix,900,6,2867,55915
msd_radix_sort,common_prefix,900,7,2657,55915
msd_radix_sort,common_prefix,900,8,4945,55915
msd_radix_sort,common_prefix,900,9,3243,55915
msd_radix_sort,common_prefix,900,10,2655,55915
msd_radix_sort,common_prefix,1000,1,4706,62139
msd_radix_sort,common_prefix,1000,2,4658,62139
msd_radix_sort,common_prefix,1000,3,3016,62139
msd_radix_sort,common_prefix,1000,4,2919,62139
msd_radix_sort,common_prefix,1000,5,2829,62139
msd_radix_sort,common_prefix,1000,6,3204,62139
msd_radix_sort,common_prefix,1000,7,3317,62139
msd_radix_sort,common_prefix,1000,8,3132,62139
msd_radix_sort,common_prefix,1000,9,2849,62139
msd_radix_sort,common_prefix,1000,10,3102,62139
msd_radix_sort,common_prefix,1100,1,4356,68370
msd_radix_sort,common_prefix,1100,2,3389,68370
msd_radix_sort,common_prefix,1100,3,3408,68370
msd_radix_sort,common_prefix,1100,4,3375,68370
msd_radix_sort,common_prefix,1100,5,3217,68370
msd_radix_sort,common_prefix,1100,6,6672,68370
msd_radix_sort,common_prefix,1100,7,4835,68370
msd_radix_sort,common_prefix,1100,8,3406,68370
msd_radix_sort,common_prefix,1100,9,3307,68370
msd_radix_sort,common_prefix,1100,10,3554,68370
msd_radix_sort,common_prefix,1200,1,4156,74609
msd_radix_sort,common_prefix,1200,2,3848,74609
msd_radix_sort,common_prefix,1200,3,3979,74609
msd_radix_sort,common_prefix,1200,4,4166,74609
msd_radix_sort,common_prefix,1200,5,8956,74609
msd_radix_sort,common_prefix,1200,6,3823,74609
msd_radix_sort,common_prefix,1200,7,3823,74609
msd_radix_sort,common_prefix,1200,8,3614,74609
msd_radix_sort,common_prefix,1200,9,3766,74609
msd_radix_sort,common_prefix,1200,10,4206,74609
msd_radix_sort,common_prefix,1300,1,7515,80853
msd_radix_sort,common_prefix,1300,2,4119,80853
msd_radix_sort,common_prefix,1300,3,3995,80853
msd_radix_sort,common_prefix,1300,4,4074,80853
msd_radix_sort,common_prefix,1300,5,3903,80853
msd_radix_sort,common_prefix,1300,6,6918,80853
msd_radix_sort,common_prefix,1300,7,4249,80853
msd_radix_sort,common_prefix,1300,8,4704,80853
msd_radix_sort,common_prefix,1300,9,4180,80853
msd_radix_sort,common_prefix,1300,10,3972,80853
msd_radix_sort,common_prefix,1400,1,4717,87091
msd_radix_sort,common_prefix,1400,2,4590,87091
msd_radix_sort,common_prefix,1400,3,4491,87091
msd_radix_sort,common_prefix,1400,4,4744,87091
msd_radix_sort,common_prefix,1400,5,11625,87091
msd_radix_sort,common_prefix,1400,6,5159,87091
msd_radix_sort,common_prefix,1400,7,4744,87091
msd_radix_sort,common_prefix,1400,8,4628,87091
msd_radix_sort,common_prefix,1400,9,5121,87091
msd_radix_sort,common_prefix,1400,10,4975,87091
msd_radix_sort,common_prefix,1500,1,6242,93329
msd_radix_sort,common_prefix,1500,2,5214,93329
msd_radix_sort,common_prefix,1500,3,5245,93329
msd_radix_sort,common_prefix,1500,4,6707,93329
msd_radix_sort,common_prefix,1500,5,7660,93329
msd_radix_sort,common_prefix,1500,6,11086,93329
msd_radix_sort,common_prefix,1500,7,5101,93329
msd_radix_sort,common_prefix,1500,8,5164,93329
msd_radix_sort,common_prefix,1500,9,5100,93329
msd_radix_sort,common_prefix,1500,10,4960,93329
msd_radix_sort,common_prefix,1600,1,6522,99558
msd_radix_sort,common_prefix,1600,2,5237,99558
msd_radix_sort,common_prefix,1600,3,7078,99558
msd_radix_sort,common_prefix,1600,4,5405,99558
msd_radix_sort,common_prefix,1600,5,8783,99558
msd_radix_sort,common_prefix,1600,6,5682,99558
msd_radix_sort,common_prefix,1600,7,5435,99558
msd_radix_sort,common_prefix,1600,8,5246,99558
msd_radix_sort,common_prefix,1600,9,5599,99558
msd_radix_sort,common_prefix,1600,10,6702,99558
msd_radix_sort,common_prefix,1700,1,8081,105807
msd_radix_sort,common_prefix,1700,2,6046,105807
msd_radix_sort,common_prefix,1700,3,5964,105807
msd_radix_sort,common_prefix,1700,4,5834,105807
msd_radix_sort,common_prefix,1700,5,5791,105807
msd_radix_sort,common_prefix,1700,6,7894,105807
msd_radix_sort,common_prefix,1700,7,7457,105807
msd_radix_sort,common_prefix,1700,8,8731,105807
msd_radix_sort,common_prefix,1700,9,5596,105807
msd_radix_sort,common_prefix,1700,10,5664,105807
msd_radix_sort,common_prefix,1800,1,12778,112063
msd_radix_sort,common_prefix,1800,2,5892,112063
msd_radix_sort,common_prefix,1800,3,6049,112063
msd_radix_sort,common_prefix,1800,4,9828,112063
msd_radix_sort,common_prefix,1800,5,6126,112063
msd_radix_sort,common_prefix,1800,6,6907,112063
msd_radix_sort,common_prefix,1800,7,5869,112063
msd_radix_sort,common_prefix,1800,8,5982,112063
msd_radix_sort,common_prefix,1800,9,6205,112063
msd_radix_sort,common_prefix,1800,10,6084,112063
msd_radix_sort,common_prefix,1900,1,7294,118300
msd_radix_sort,common_prefix,1900,2,7666,118300
msd_radix_sort,common_prefix,1900,3,6347,118300
msd_radix_sort,common_prefix,1900,4,6486,118300
msd_radix_sort,common_prefix,1900,5,5986,118300
msd_radix_sort,common_prefix,1900,6,7113,118300
msd_radix_sort,common_prefix,1900,7,6116,118300
msd_radix_sort,common_prefix,1900,8,6005,118300
msd_radix_sort,common_prefix,1900,9,6480,118300
msd_radix_sort,common_prefix,1900,10,6869,118300
msd_radix_sort,common_prefix,2000,1,6635,124553
msd_radix_sort,common_prefix,2000,2,6429,124553
msd_radix_sort,common_prefix,2000,3,12895,124553
msd_radix_sort,common_prefix,2000,4,8930,124553
msd_radix_sort,common_prefix,2000,5,6152,124553
msd_radix_sort,common_prefix,2000,6,8385,124553
msd_radix_sort,common_prefix,2000,7,6830,124553
msd_radix_sort,common_prefix,2000,8,6255,124553
msd_radix_sort,common_prefix,2000,9,6328,124553
msd_radix_sort,common_prefix,2000,10,6405,124553
msd_radix_sort,common_prefix,2100,1,8764,130816
msd_radix_sort,common_prefix,2100,2,17315,130816
msd_radix_sort,common_prefix,2100,3,7215,130816
msd_radix_sort,common_prefix,2100,4,6943,130816
msd_radix_sort,common_prefix,2100,5,7003,130816
msd_radix_sort,common_prefix,2100,6,7698,130816
msd_radix_sort,common_prefix,2100,7,6888,130816
msd_radix_sort,common_prefix,2100,8,9304,130816
msd_radix_sort,common_prefix,2100,9,12929,130816
msd_radix_sort,common_prefix,2100,10,8123,130816
msd_radix_sort,common_prefix,2200,1,9297,137087
msd_radix_sort,common_prefix,2200,2,7288,137087
msd_radix_sort,common_prefix,2200,3,7121,137087
msd_radix_sort,common_prefix,2200,4,7129,137087
msd_radix_sort,common_prefix,2200,5,7230,137087
msd_radix_sort,common_prefix,2200,6,14099,137087
msd_radix_sort,common_prefix,2200,7,10038,137087
msd_radix_sort,common_prefix,2200,8,7483,137087
msd_radix_sort,common_prefix,2200,9,7208,137087
msd_radix_sort,common_prefix,2200,10,7128,137087
msd_radix_sort,common_prefix,2300,1,7760,143352
msd_radix_sort,common_prefix,2300,2,7351,143352
msd_radix_sort,common_prefix,2300,3,7649,143352
msd_radix_sort,common_prefix,2300,4,12242,143352
msd_radix_sort,common_prefix,2300,5,8258,143352
msd_radix_sort,common_prefix,2300,6,7387,143352
msd_radix_sort,common_prefix,2300,7,7710,143352
msd_radix_sort,common_prefix,2300,8,9005,143352
msd_radix_sort,common_prefix,2300,9,7686,143352
msd_radix_sort,common_prefix,2300,10,9246,143352
msd_radix_sort,common_prefix,2400,1,13174,149622
msd_radix_sort,common_prefix,2400,2,15847,149622
msd_radix_sort,common_prefix,2400,3,7903,149622
msd_radix_sort,common_prefix,2400,4,10481,149622
msd_radix_sort,common_prefix,2400,5,7684,149622
msd_radix_sort,common_prefix,2400,6,7815,149622
msd_radix_sort,common_prefix,2400,7,15346,149622
msd_radix_sort,common_prefix,2400,8,7753,149622
msd_radix_sort,common_prefix,2400,9,7720,149622
msd_radix_sort,common_prefix,2400,10,7956,149622
msd_radix_sort,common_prefix,2500,1,9793,155887
msd_radix_sort,common_prefix,2500,2,10213,155887
msd_radix_sort,common_prefix,2500,3,8083,155887
msd_radix_sort,common_prefix,2500,4,14296,155887
msd_radix_sort,common_prefix,2500,5,10343,155887
msd_radix_sort,common_prefix,2500,6,8011,155887
msd_radix_sort,common_prefix,2500,7,8138,155887
msd_radix_sort,common_prefix,2500,8,9062,155887
msd_radix_sort,common_prefix,2500,9,10902,155887
msd_radix_sort,common_prefix,2500,10,13918,155887
msd_radix_sort,common_prefix,2600,1,8788,162147
msd_radix_sort,common_prefix,2600,2,8537,162147
msd_radix_sort,common_prefix,2600,3,8465,162147
msd_radix_sort,common_prefix,2600,4,10200,162147
msd_radix_sort,common_prefix,2600,5,8501,162147
msd_radix_sort,common_prefix,2600,6,8686,162147
msd_radix_sort,common_prefix,2600,7,16677,162147
msd_radix_sort,common_prefix,2600,8,9313,162147
msd_radix_sort,common_prefix,2600,9,8587,162147
msd_radix_sort,common_prefix,2600,10,8706,162147
msd_radix_sort,common_prefix,2700,1,10684,168418
msd_radix_sort,common_prefix,2700,2,8853,168418
msd_radix_sort,common_prefix,2700,3,15788,168418
msd_radix_sort,common_prefix,2700,4,8940,168418
msd_radix_sort,common_prefix,2700,5,8895,168418
msd_radix_sort,common_prefix,2700,6,9037,168418
msd_radix_sort,common_prefix,2700,7,9607,168418
msd_radix_sort,common_prefix,2700,8,8733,168418
msd_radix_sort,common_prefix,2700,9,8854,168418
msd_radix_sort,common_prefix,2700,10,11671,168418
msd_radix_sort,common_prefix,2800,1,11832,174690
msd_radix_sort,common_prefix,2800,2,9082,174690
msd_radix_sort,common_prefix,2800,3,9219,174690
msd_radix_sort,common_prefix,2800,4,9773,174690
msd_radix_sort,common_prefix,2800,5,9148,174690
msd_radix_sort,common_prefix,2800,6,9326,174690
msd_radix_sort,common_prefix,2800,7,9072,174690
msd_radix_sort,common_prefix,2800,8,10570,174690
msd_radix_sort,common_prefix,2800,9,15035,174690
msd_radix_sort,common_prefix,2800,10,9196,174690
msd_radix_sort,common_prefix,2900,1,9556,180964
msd_radix_sort,common_prefix,2900,2,10812,180964
msd_radix_sort,common_prefix,2900,3,9617,180964
msd_radix_sort,common_prefix,2900,4,10211,180964
msd_radix_sort,common_prefix,2900,5,9296,180964
msd_radix_sort,common_prefix,2900,6,11424,180964
msd_radix_sort,common_prefix,2900,7,11454,180964
msd_radix_sort,common_prefix,2900,8,9628,180964
msd_radix_sort,common_prefix,2900,9,9241,180964
msd_radix_sort,common_prefix,2900,10,8930,180964
msd_radix_sort,common_prefix,3000,1,10723,187241
msd_radix_sort,common_prefix,3000,2,9682,187241
msd_radix_sort,common_prefix,3000,3,9551,187241
msd_radix_sort,common_prefix,3000,4,9320,187241
msd_radix_sort,common_prefix,3000,5,12491,187241
msd_radix_sort,common_prefix,3000,6,9636,187241
msd_radix_sort,common_prefix,3000,7,9507,187241
msd_radix_sort,common_prefix,3000,8,10848,187241
msd_radix_sort,common_prefix,3000,9,11690,187241
msd_radix_sort,common_prefix,3000,10,9557,187241
msd_radix_sort_with_quicksort,random,100,1,17,251
msd_radix_sort_with_quicksort,random,100,2,13,251
msd_radix_sort_with_quicksort,random,100,3,9,251
msd_radix_sort_with_quicksort,random,100,4,8,251
msd_radix_sort_with_quicksort,random,100,5,7,251
msd_radix_sort_with_quicksort,random,100,6,7,251
msd_radix_sort_with_quicksort,random,100,7,7,251
msd_radix_sort_with_quicksort,random,100,8,8,251
msd_radix_sort_with_quicksort,random,100,9,8,251
msd_radix_sort_with_quicksort,random,100,10,8,251
msd_radix_sort_with_quicksort,random,200,1,26,689
msd_radix_sort_with_quicksort,random,200,2,22,689
msd_radix_sort_with_quicksort,random,200,3,15,689
msd_radix_sort_with_quicksort,random,200,4,15,689
msd_radix_sort_with_quicksort,random,200,5,14,689
msd_radix_sort_with_quicksort,random,200,6,15,689
msd_radix_sort_with_quicksort,random,200,7,14,689
msd_radix_sort_with_quicksort,random,200,8,14,689
msd_radix_sort_with_quicksort,random,200,9,13,689
msd_radix_sort_with_quicksort,random,200,10,22,689
msd_radix_sort_with_quicksort,random,300,1,40,1310
msd_radix_sort_with_quicksort,random,300,2,37,1310
msd_radix_sort_with_quicksort,random,300,3,24,1310
msd_radix_sort_with_quicksort,random,300,4,23,1310
msd_radix_sort_with_quicksort,random,300,5,23,1310
msd_radix_sort_with_quicksort,random,300,6,22,1310
msd_radix_sort_with_quicksort,random,300,7,22,1310
msd_radix_sort_with_quicksort,random,300,8,23,1310
msd_radix_sort_with_quicksort,random,300,9,29,1310
msd_radix_sort_with_quicksort,random,300,10,28,1310
msd_radix_sort_with_quicksort,random,400,1,62,1954
msd_radix_sort_with_quicksort,random,400,2,45,1954
msd_radix_sort_with_quicksort,random,400,3,40,1954
msd_radix_sort_with_quicksort,random,400,4,34,1954
msd_radix_sort_with_quicksort,random,400,5,37,1954
msd_radix_sort_with_quicksort,random,400,6,32,1954
msd_radix_sort_with_quicksort,random,400,7,29,1954
msd_radix_sort_with_quicksort,random,400,8,29,1954
msd_radix_sort_with_quicksort,random,400,9,37,1954
msd_radix_sort_with_quicksort,random,400,10,33,1954
msd_radix_sort_with_quicksort,random,500,1,78,2696
msd_radix_sort_with_quicksort,random,500,2,65,2696
msd_radix_sort_with_quicksort,random,500,3,46,2696
msd_radix_sort_with_quicksort,random,500,4,55,2696
msd_radix_sort_with_quicksort,random,500,5,46,2696
msd_radix_sort_with_quicksort,random,500,6,41,2696
msd_radix_sort_with_quicksort,random,500,7,46,2696
msd_radix_sort_with_quicksort,random,500,8,43,2696
msd_radix_sort_with_quicksort,random,500,9,43,2696
msd_radix_sort_with_quicksort,random,500,10,43,2696
msd_radix_sort_with_quicksort,random,600,1,84,3366
msd_radix_sort_with_quicksort,random,600,2,66,3366
msd_radix_sort_with_quicksort,random,600,3,62,3366
msd_radix_sort_with_quicksort,random,600,4,54,3366
msd_radix_sort_with_quicksort,random,600,5,56,3366
msd_radix_sort_with_quicksort,random,600,6,48,3366
msd_radix_sort_with_quicksort,random,600,7,53,3366
msd_radix_sort_with_quicksort,random,600,8,64,3366
msd_radix_sort_with_quicksort,random,600,9,60,3366
msd_radix_sort_with_quicksort,random,600,10,54,3366
msd_radix_sort_with_quicksort,random,700,1,92,4174
msd_radix_sort_with_quicksort,random,700,2,74,4174
msd_radix_sort_with_quicksort,random,700,3,72,4174
msd_radix_sort_with_quicksort,random,700,4,68,4174
msd_radix_sort_with_quicksort,random,700,5,62,4174
msd_radix_sort_with_quicksort,random,700,6,66,4174
msd_radix_sort_with_quicksort,random,700,7,66,4174
msd_radix_sort_with_quicksort,random,700,8,60,4174
msd_radix_sort_with_quicksort,random,700,9,62,4174
msd_radix_sort_with_quicksort,random,700,10,73,4174
msd_radix_sort_with_quicksort,random,800,1,100,5163
msd_radix_sort_with_quicksort,random,800,2,87,5163
msd_radix_sort_with_quicksort,random,800,3,79,5163
msd_radix_sort_with_quicksort,random,800,4,79,5163
msd_radix_sort_with_quicksort,random,800,5,87,5163
msd_radix_sort_with_quicksort,random,800,6,85,5163
msd_radix_sort_with_quicksort,random,800,7,97,5163
msd_radix_sort_with_quicksort,random,800,8,73,5163
msd_radix_sort_with_quicksort,random,800,9,85,5163
msd_radix_sort_with_quicksort,random,800,10,84,5163
msd_radix_sort_with_quicksort,random,900,1,102,5981
msd_radix_sort_with_quicksort,random,900,2,93,5981
msd_radix_sort_with_quicksort,random,900,3,99,5981
msd_radix_sort_with_quicksort,random,900,4,103,5981
msd_radix_sort_with_quicksort,random,900,5,98,5981
msd_radix_sort_with_quicksort,random,900,6,96,5981
msd_radix_sort_with_quicksort,random,900,7,85,5981
msd_radix_sort_with_quicksort,random,900,8,93,5981
msd_radix_sort_with_quicksort,random,900,9,94,5981
msd_radix_sort_with_quicksort,random,900,10,117,5981
msd_radix_sort_with_quicksort,random,1000,1,143,6697
msd_radix_sort_with_quicksort,random,1000,2,118,6697
msd_radix_sort_with_quicksort,random,1000,3,117,6697
msd_radix_sort_with_quicksort,random,1000,4,108,6697
msd_radix_sort_with_quicksort,random,1000,5,100,6697
msd_radix_sort_with_quicksort,random,1000,6,115,6697
msd_radix_sort_with_quicksort,random,1000,7,319,6697
msd_radix_sort_with_quicksort,random,1000,8,315,6697
msd_radix_sort_with_quicksort,random,1000,9,294,6697
msd_radix_sort_with_quicksort,random,1000,10,116,6697
msd_radix_sort_with_quicksort,random,1100,1,181,7594
msd_radix_sort_with_quicksort,random,1100,2,125,7594
msd_radix_sort_with_quicksort,random,1100,3,132,7594
msd_radix_sort_with_quicksort,random,1100,4,124,7594
msd_radix_sort_with_quicksort,random,1100,5,113,7594
msd_radix_sort_with_quicksort,random,1100,6,127,7594
msd_radix_sort_with_quicksort,random,1100,7,108,7594
msd_radix_sort_with_quicksort,random,1100,8,117,7594
msd_radix_sort_with_quicksort,random,1100,9,112,7594
msd_radix_sort_with_quicksort,random,1100,10,111,7594
msd_radix_sort_with_quicksort,random,1200,1,161,8615
msd_radix_sort_with_quicksort,random,1200,2,128,8615
msd_radix_sort_with_quicksort,random,1200,3,127,8615
msd_radix_sort_with_quicksort,random,1200,4,127,8615
msd_radix_sort_with_quicksort,random,1200,5,124,8615
msd_radix_sort_with_quicksort,random,1200,6,122,8615
msd_radix_sort_with_quicksort,random,1200,7,121,8615
msd_radix_sort_with_quicksort,random,1200,8,116,8615
msd_radix_sort_with_quicksort,random,1200,9,121,8615
msd_radix_sort_with_quicksort,random,1200,10,119,8615
msd_radix_sort_with_quicksort,random,1300,1,163,9634
msd_radix_sort_with_quicksort,random,1300,2,142,9634
msd_radix_sort_with_quicksort,random,1300,3,136,9634
msd_radix_sort_with_quicksort,random,1300,4,191,9634
msd_radix_sort_with_quicksort,random,1300,5,155,9634
msd_radix_sort_with_quicksort,random,1300,6,135,9634
msd_radix_sort_with_quicksort,random,1300,7,140,9634
msd_radix_sort_with_quicksort,random,1300,8,140,9634
msd_radix_sort_with_quicksort,random,1300,9,128,9634
msd_radix_sort_with_quicksort,random,1300,10,127,9634
msd_radix_sort_with_quicksort,random,1400,1,178,10830
msd_radix_sort_with_quicksort,random,1400,2,165,10830
msd_radix_sort_with_quicksort,random,1400,3,149,10830
msd_radix_sort_with_quicksort,random,1400,4,147,10830
msd_radix_sort_with_quicksort,random,1400,5,159,10830
msd_radix_sort_with_quicksort,random,1400,6,165,10830
msd_radix_sort_with_quicksort,random,1400,7,150,10830
msd_radix_sort_with_quicksort,random,1400,8,135,10830
msd_radix_sort_with_quicksort,random,1400,9,144,10830
msd_radix_sort_with_quicksort,random,1400,10,169,10830
msd_radix_sort_with_quicksort,random,1500,1,218,11784
msd_radix_sort_with_quicksort,random,1500,2,178,11784
msd_radix_sort_with_quicksort,random,1500,3,182,11784
msd_radix_sort_with_quicksort,random,1500,4,154,11784
msd_radix_sort_with_quicksort,random,1500,5,153,11784
msd_radix_sort_with_quicksort,random,1500,6,169,11784
msd_radix_sort_with_quicksort,random,1500,7,167,11784
msd_radix_sort_with_quicksort,random,1500,8,146,11784
msd_radix_sort_with_quicksort,random,1500,9,149,11784
msd_radix_sort_with_quicksort,random,1500,10,141,11784
msd_radix_sort_with_quicksort,random,1600,1,187,12688
msd_radix_sort_with_quicksort,random,1600,2,182,12688
msd_radix_sort_with_quicksort,random,1600,3,199,12688
msd_radix_sort_with_quicksort,random,1600,4,201,12688
msd_radix_sort_with_quicksort,random,1600,5,163,12688
msd_radix_sort_with_quicksort,random,1600,6,168,12688
msd_radix_sort_with_quicksort,random,1600,7,165,12688
msd_radix_sort_with_quicksort,random,1600,8,169,12688
msd_radix_sort_with_quicksort,random,1600,9,168,12688
msd_radix_sort_with_quicksort,random,1600,10,155,12688
msd_radix_sort_with_quicksort,random,1700,1,213,13829
msd_radix_sort_with_quicksort,random,1700,2,187,13829
msd_radix_sort_with_quicksort,random,1700,3,184,13829
msd_radix_sort_with_quicksort,random,1700,4,181,13829
msd_radix_sort_with_quicksort,random,1700,5,178,13829
msd_radix_sort_with_quicksort,random,1700,6,172,13829
msd_radix_sort_with_quicksort,random,1700,7,175,13829
msd_radix_sort_with_quicksort,random,1700,8,189,13829
msd_radix_sort_with_quicksort,random,1700,9,205,13829
msd_radix_sort_with_quicksort,random,1700,10,203,13829
msd_radix_sort_with_quicksort,random,1800,1,265,15056
msd_radix_sort_with_quicksort,random,1800,2,205,15056
msd_radix_sort_with_quicksort,random,1800,3,189,15056
msd_radix_sort_with_quicksort,random,1800,4,186,15056
msd_radix_sort_with_quicksort,random,1800,5,189,15056
msd_radix_sort_with_quicksort,random,1800,6,189,15056
msd_radix_sort_with_quicksort,random,1800,7,194,15056
msd_radix_sort_with_quicksort,random,1800,8,192,15056
msd_radix_sort_with_quicksort,random,1800,9,191,15056
msd_radix_sort_with_quicksort,random,1800,10,201,15056
msd_radix_sort_with_quicksort,random,1900,1,217,15911
msd_radix_sort_with_quicksort,random,1900,2,222,15911
msd_radix_sort_with_quicksort,random,1900,3,213,15911
msd_radix_sort_with_quicksort,random,1900,4,220,15911
msd_radix_sort_with_quicksort,random,1900,5,206,15911
msd_radix_sort_with_quicksort,random,1900,6,216,15911
msd_radix_sort_with_quicksort,random,1900,7,216,15911
msd_radix_sort_with_quicksort,random,1900,8,237,15911
msd_radix_sort_with_quicksort,random,1900,9,213,15911
msd_radix_sort_with_quicksort,random,1900,10,239,15911
msd_radix_sort_with_quicksort,random,2000,1,250,16812
msd_radix_sort_with_quicksort,random,2000,2,223,16812
msd_radix_sort_with_quicksort,random,2000,3,252,16812
msd_radix_sort_with_quicksort,random,2000,4,236,16812
msd_radix_sort_with_quicksort,random,2000,5,223,16812
msd_radix_sort_with_quicksort,random,2000,6,216,16812
msd_radix_sort_with_quicksort,random,2000,7,225,16812
msd_radix_sort_with_quicksort,random,2000,8,210,16812
msd_radix_sort_with_quicksort,random,2000,9,230,16812
msd_radix_sort_with_quicksort,random,2000,10,276,16812
msd_radix_sort_with_quicksort,random,2100,1,284,17963
msd_radix_sort_with_quicksort,random,2100,2,238,17963
msd_radix_sort_with_quicksort,random,2100,3,257,17963
msd_radix_sort_with_quicksort,random,2100,4,254,17963
msd_radix_sort_with_quicksort,random,2100,5,222,17963
msd_radix_sort_with_quicksort,random,2100,6,225,17963
msd_radix_sort_with_quicksort,random,2100,7,222,17963
msd_radix_sort_with_quicksort,random,2100,8,224,17963
msd_radix_sort_with_quicksort,random,2100,9,224,17963
msd_radix_sort_with_quicksort,random,2100,10,226,17963
msd_radix_sort_with_quicksort,random,2200,1,249,19230
msd_radix_sort_with_quicksort,random,2200,2,252,19230
msd_radix_sort_with_quicksort,random,2200,3,243,19230
msd_radix_sort_with_quicksort,random,2200,4,263,19230
msd_radix_sort_with_quicksort,random,2200,5,293,19230
msd_radix_sort_with_quicksort,random,2200,6,267,19230
msd_radix_sort_with_quicksort,random,2200,7,239,19230
msd_radix_sort_with_quicksort,random,2200,8,243,19230
msd_radix_sort_with_quicksort,random,2200,9,249,19230
msd_radix_sort_with_quicksort,random,2200,10,233,19230
msd_radix_sort_with_quicksort,random,2300,1,260,20373
msd_radix_sort_with_quicksort,random,2300,2,258,20373
msd_radix_sort_with_quicksort,random,2300,3,269,20373
msd_radix_sort_with_quicksort,random,2300,4,286,20373
msd_radix_sort_with_quicksort,random,2300,5,271,20373
msd_radix_sort_with_quicksort,random,2300,6,251,20373
msd_radix_sort_with_quicksort,random,2300,7,250,20373
msd_radix_sort_with_quicksort,random,2300,8,265,20373
msd_radix_sort_with_quicksort,random,2300,9,246,20373
msd_radix_sort_with_quicksort,random,2300,10,260,20373
msd_radix_sort_with_quicksort,random,2400,1,300,21624
msd_radix_sort_with_quicksort,random,2400,2,265,21624
msd_radix_sort_with_quicksort,random,2400,3,282,21624
msd_radix_sort_with_quicksort,random,2400,4,257,21624
msd_radix_sort_with_quicksort,random,2400,5,263,21624
msd_radix_sort_with_quicksort,random,2400,6,255,21624
msd_radix_sort_with_quicksort,random,2400,7,250,21624
msd_radix_sort_with_quicksort,random,2400,8,276,21624
msd_radix_sort_with_quicksort,random,2400,9,281,21624
msd_radix_sort_with_quicksort,random,2400,10,263,21624
msd_radix_sort_with_quicksort,random,2500,1,299,22824
msd_radix_sort_with_quicksort,random,2500,2,300,22824
msd_radix_sort_with_quicksort,random,2500,3,295,22824
msd_radix_sort_with_quicksort,random,2500,4,330,22824
msd_radix_sort_with_quicksort,random,2500,5,283,22824
msd_radix_sort_with_quicksort,random,2500,6,282,22824
msd_radix_sort_with_quicksort,random,2500,7,276,22824
msd_radix_sort_with_quicksort,random,2500,8,273,22824
msd_radix_sort_with_quicksort,random,2500,9,290,22824
msd_radix_sort_with_quicksort,random,2500,10,269,22824
msd_radix_sort_with_quicksort,random,2600,1,318,24150
msd_radix_sort_with_quicksort,random,2600,2,293,24150
msd_radix_sort_with_quicksort,random,2600,3,302,24150
msd_radix_sort_with_quicksort,random,2600,4,295,24150
msd_radix_sort_with_quicksort,random,2600,5,301,24150
msd_radix_sort_with_quicksort,random,2600,6,283,24150
msd_radix_sort_with_quicksort,random,2600,7,313,24150
msd_radix_sort_with_quicksort,random,2600,8,288,24150
msd_radix_sort_with_quicksort,random,2600,9,287,24150
msd_radix_sort_with_quicksort,random,2600,10,306,24150
msd_radix_sort_with_quicksort,random,2700,1,317,24743
msd_radix_sort_with_quicksort,random,2700,2,320,24743
msd_radix_sort_with_quicksort,random,2700,3,318,24743
msd_radix_sort_with_quicksort,random,2700,4,308,24743
msd_radix_sort_with_quicksort,random,2700,5,303,24743
msd_radix_sort_with_quicksort,random,2700,6,340,24743
msd_radix_sort_with_quicksort,random,2700,7,328,24743
msd_radix_sort_with_quicksort,random,2700,8,299,24743
msd_radix_sort_with_quicksort,random,2700,9,307,24743
msd_radix_sort_with_quicksort,random,2700,10,301,24743
msd_radix_sort_with_quicksort,random,2800,1,389,26602
msd_radix_sort_with_quicksort,random,2800,2,313,26602
msd_radix_sort_with_quicksort,random,2800,3,341,26602
msd_radix_sort_with_quicksort,random,2800,4,315,26602
msd_radix_sort_with_quicksort,random,2800,5,339,26602
msd_radix_sort_with_quicksort,random,2800,6,315,26602
msd_radix_sort_with_quicksort,random,2800,7,332,26602
msd_radix_sort_with_quicksort,random,2800,8,319,26602
msd_radix_sort_with_quicksort,random,2800,9,347,26602
msd_radix_sort_with_quicksort,random,2800,10,333,26602
msd_radix_sort_with_quicksort,random,2900,1,426,27872
msd_radix_sort_with_quicksort,random,2900,2,390,27872
msd_radix_sort_with_quicksort,random,2900,3,336,27872
msd_radix_sort_with_quicksort,random,2900,4,346,27872
msd_radix_sort_with_quicksort,random,2900,5,358,27872
msd_radix_sort_with_quicksort,random,2900,6,328,27872
msd_radix_sort_with_quicksort,random,2900,7,345,27872
msd_radix_sort_with_quicksort,random,2900,8,327,27872
msd_radix_sort_with_quicksort,random,2900,9,351,27872
msd_radix_sort_with_quicksort,random,2900,10,336,27872
msd_radix_sort_with_quicksort,random,3000,1,404,29533
msd_radix_sort_with_quicksort,random,3000,2,387,29533
msd_radix_sort_with_quicksort,random,3000,3,352,29533
msd_radix_sort_with_quicksort,random,3000,4,373,29533
msd_radix_sort_with_quicksort,random,3000,5,340,29533
msd_radix_sort_with_quicksort,random,3000,6,371,29533
msd_radix_sort_with_quicksort,random,3000,7,347,29533
msd_radix_sort_with_quicksort,random,3000,8,347,29533
msd_radix_sort_with_quicksort,random,3000,9,340,29533
msd_radix_sort_with_quicksort,random,3000,10,352,29533
msd_radix_sort_with_quicksort,reverse_sorted,100,1,11,742
msd_radix_sort_with_quicksort,reverse_sorted,100,2,9,742
msd_radix_sort_with_quicksort,reverse_sorted,100,3,7,742
msd_radix_sort_with_quicksort,reverse_sorted,100,4,7,742
msd_radix_sort_with_quicksort,reverse_sorted,100,5,7,742
msd_radix_sort_with_quicksort,reverse_sorted,100,6,7,742
msd_radix_sort_with_quicksort,reverse_sorted,100,7,8,742
msd_radix_sort_with_quicksort,reverse_sorted,100,8,8,742
msd_radix_sort_with_quicksort,reverse_sorted,100,9,8,742
msd_radix_sort_with_quicksort,reverse_sorted,100,10,8,742
msd_radix_sort_with_quicksort,reverse_sorted,200,1,18,1567
msd_radix_sort_with_quicksort,reverse_sorted,200,2,16,1567
msd_radix_sort_with_quicksort,reverse_sorted,200,3,14,1567
msd_radix_sort_with_quicksort,reverse_sorted,200,4,13,1567
msd_radix_sort_with_quicksort,reverse_sorted,200,5,13,1567
msd_radix_sort_with_quicksort,reverse_sorted,200,6,13,1567
msd_radix_sort_with_quicksort,reverse_sorted,200,7,13,1567
msd_radix_sort_with_quicksort,reverse_sorted,200,8,13,1567
msd_radix_sort_with_quicksort,reverse_sorted,200,9,13,1567
msd_radix_sort_with_quicksort,reverse_sorted,200,10,13,1567
msd_radix_sort_with_quicksort,reverse_sorted,300,1,29,2333
msd_radix_sort_with_quicksort,reverse_sorted,300,2,24,2333
msd_radix_sort_with_quicksort,reverse_sorted,300,3,22,2333
msd_radix_sort_with_quicksort,reverse_sorted,300,4,21,2333
msd_radix_sort_with_quicksort,reverse_sorted,300,5,21,2333
msd_radix_sort_with_quicksort,reverse_sorted,300,6,21,2333
msd_radix_sort_with_quicksort,reverse_sorted,300,7,20,2333
msd_radix_sort_with_quicksort,reverse_sorted,300,8,20,2333
msd_radix_sort_with_quicksort,reverse_sorted,300,9,20,2333
msd_radix_sort_with_quicksort,reverse_sorted,300,10,20,2333
msd_radix_sort_with_quicksort,reverse_sorted,400,1,43,3137
msd_radix_sort_with_quicksort,reverse_sorted,400,2,37,3137
msd_radix_sort_with_quicksort,reverse_sorted,400,3,37,3137
msd_radix_sort_with_quicksort,reverse_sorted,400,4,28,3137
msd_radix_sort_with_quicksort,reverse_sorted,400,5,26,3137
msd_radix_sort_with_quicksort,reverse_sorted,400,6,27,3137
msd_radix_sort_with_quicksort,reverse_sorted,400,7,27,3137
msd_radix_sort_with_quicksort,reverse_sorted,400,8,26,3137
msd_radix_sort_with_quicksort,reverse_sorted,400,9,41,3137
msd_radix_sort_with_quicksort,reverse_sorted,400,10,29,3137
msd_radix_sort_with_quicksort,reverse_sorted,500,1,47,4001
msd_radix_sort_with_quicksort,reverse_sorted,500,2,47,4001
msd_radix_sort_with_quicksort,reverse_sorted,500,3,45,4001
msd_radix_sort_with_quicksort,reverse_sorted,500,4,40,4001
msd_radix_sort_with_quicksort,reverse_sorted,500,5,41,4001
msd_radix_sort_with_quicksort,reverse_sorted,500,6,34,4001
msd_radix_sort_with_quicksort,reverse_sorted,500,7,37,4001
msd_radix_sort_with_quicksort,reverse_sorted,500,8,39,4001
msd_radix_sort_with_quicksort,reverse_sorted,500,9,37,4001
msd_radix_sort_with_quicksort,reverse_sorted,500,10,39,4001
msd_radix_sort_with_quicksort,reverse_sorted,600,1,61,4783
msd_radix_sort_with_quicksort,reverse_sorted,600,2,70,4783
msd_radix_sort_with_quicksort,reverse_sorted,600,3,56,4783
msd_radix_sort_with_quicksort,reverse_sorted,600,4,47,4783
msd_radix_sort_with_quicksort,reverse_sorted,600,5,51,4783
msd_radix_sort_with_quicksort,reverse_sorted,600,6,45,4783
msd_radix_sort_with_quicksort,reverse_sorted,600,7,47,4783
msd_radix_sort_with_quicksort,reverse_sorted,600,8,43,4783
msd_radix_sort_with_quicksort,reverse_sorted,600,9,43,4783
msd_radix_sort_with_quicksort,reverse_sorted,600,10,42,4783
msd_radix_sort_with_quicksort,reverse_sorted,700,1,68,5556
msd_radix_sort_with_quicksort,reverse_sorted,700,2,66,5556
msd_radix_sort_with_quicksort,reverse_sorted,700,3,68,5556
msd_radix_sort_with_quicksort,reverse_sorted,700,4,66,5556
msd_radix_sort_with_quicksort,reverse_sorted,700,5,61,5556
msd_radix_sort_with_quicksort,reverse_sorted,700,6,59,5556
msd_radix_sort_with_quicksort,reverse_sorted,700,7,58,5556
msd_radix_sort_with_quicksort,reverse_sorted,700,8,59,5556
msd_radix_sort_with_quicksort,reverse_sorted,700,9,53,5556
msd_radix_sort_with_quicksort,reverse_sorted,700,10,55,5556
msd_radix_sort_with_quicksort,reverse_sorted,800,1,84,6313
msd_radix_sort_with_quicksort,reverse_sorted,800,2,77,6313
msd_radix_sort_with_quicksort,reverse_sorted,800,3,66,6313
msd_radix_sort_with_quicksort,reverse_sorted,800,4,68,6313
msd_radix_sort_with_quicksort,reverse_sorted,800,5,67,6313
msd_radix_sort_with_quicksort,reverse_sorted,800,6,67,6313
msd_radix_sort_with_quicksort,reverse_sorted,800,7,67,6313
msd_radix_sort_with_quicksort,reverse_sorted,800,8,74,6313
msd_radix_sort_with_quicksort,reverse_sorted,800,9,72,6313
msd_radix_sort_with_quicksort,reverse_sorted,800,10,77,6313
msd_radix_sort_with_quicksort,reverse_sorted,900,1,87,7126
msd_radix_sort_with_quicksort,reverse_sorted,900,2,79,7126
msd_radix_sort_with_quicksort,reverse_sorted,900,3,86,7126
msd_radix_sort_with_quicksort,reverse_sorted,900,4,84,7126
msd_radix_sort_with_quicksort,reverse_sorted,900,5,83,7126
msd_radix_sort_with_quicksort,reverse_sorted,900,6,94,7126
msd_radix_sort_with_quicksort,reverse_sorted,900,7,90,7126
msd_radix_sort_with_quicksort,reverse_sorted,900,8,72,7126
msd_radix_sort_with_quicksort,reverse_sorted,900,9,72,7126
msd_radix_sort_with_quicksort,reverse_sorted,900,10,74,7126
msd_radix_sort_with_quicksort,reverse_sorted,1000,1,97,7894
msd_radix_sort_with_quicksort,reverse_sorted,1000,2,93,7894
msd_radix_sort_with_quicksort,reverse_sorted,1000,3,92,7894
msd_radix_sort_with_quicksort,reverse_sorted,1000,4,81,7894
msd_radix_sort_with_quicksort,reverse_sorted,1000,5,81,7894
msd_radix_sort_with_quicksort,reverse_sorted,1000,6,102,7894
msd_radix_sort_with_quicksort,reverse_sorted,1000,7,93,7894
msd_radix_sort_with_quicksort,reverse_sorted,1000,8,91,7894
msd_radix_sort_with_quicksort,reverse_sorted,1000,9,96,7894
msd_radix_sort_with_quicksort,reverse_sorted,1000,10,93,7894
msd_radix_sort_with_quicksort,reverse_sorted,1100,1,97,8669
msd_radix_sort_with_quicksort,reverse_sorted,1100,2,111,8669
msd_radix_sort_with_quicksort,reverse_sorted,1100,3,113,8669
msd_radix_sort_with_quicksort,reverse_sorted,1100,4,105,8669
msd_radix_sort_with_quicksort,reverse_sorted,1100,5,108,8669
msd_radix_sort_with_quicksort,reverse_sorted,1100,6,96,8669
msd_radix_sort_with_quicksort,reverse_sorted,1100,7,97,8669
msd_radix_sort_with_quicksort,reverse_sorted,1100,8,98,8669
msd_radix_sort_with_quicksort,reverse_sorted,1100,9,97,8669
msd_radix_sort_with_quicksort,reverse_sorted,1100,10,96,8669
msd_radix_sort_with_quicksort,reverse_sorted,1200,1,128,9445
msd_radix_sort_with_quicksort,reverse_sorted,1200,2,119,9445
msd_radix_sort_with_quicksort,reverse_sorted,1200,3,115,9445
msd_radix_sort_with_quicksort,reverse_sorted,1200,4,103,9445
msd_radix_sort_with_quicksort,reverse_sorted,1200,5,99,9445
msd_radix_sort_with_quicksort,reverse_sorted,1200,6,111,9445
msd_radix_sort_with_quicksort,reverse_sorted,1200,7,98,9445
msd_radix_sort_with_quicksort,reverse_sorted,1200,8,99,9445
msd_radix_sort_with_quicksort,reverse_sorted,1200,9,119,9445
msd_radix_sort_with_quicksort,reverse_sorted,1200,10,112,9445
msd_radix_sort_with_quicksort,reverse_sorted,1300,1,150,10186
msd_radix_sort_with_quicksort,reverse_sorted,1300,2,122,10186
msd_radix_sort_with_quicksort,reverse_sorted,1300,3,118,10186
msd_radix_sort_with_quicksort,reverse_sorted,1300,4,109,10186
msd_radix_sort_with_quicksort,reverse_sorted,1300,5,112,10186
msd_radix_sort_with_quicksort,reverse_sorted,1300,6,127,10186
msd_radix_sort_with_quicksort,reverse_sorted,1300,7,116,10186
msd_radix_sort_with_quicksort,reverse_sorted,1300,8,112,10186
msd_radix_sort_with_quicksort,reverse_sorted,1300,9,104,10186
msd_radix_sort_with_quicksort,reverse_sorted,1300,10,110,10186
msd_radix_sort_with_quicksort,reverse_sorted,1400,1,148,10946
msd_radix_sort_with_quicksort,reverse_sorted,1400,2,160,10946
msd_radix_sort_with_quicksort,reverse_sorted,1400,3,142,10946
msd_radix_sort_with_quicksort,reverse_sorted,1400,4,134,10946
msd_radix_sort_with_quicksort,reverse_sorted,1400,5,150,10946
msd_radix_sort_with_quicksort,reverse_sorted,1400,6,129,10946
msd_radix_sort_with_quicksort,reverse_sorted,1400,7,117,10946
msd_radix_sort_with_quicksort,reverse_sorted,1400,8,119,10946
msd_radix_sort_with_quicksort,reverse_sorted,1400,9,136,10946
msd_radix_sort_with_quicksort,reverse_sorted,1400,10,124,10946
msd_radix_sort_with_quicksort,reverse_sorted,1500,1,141,11682
msd_radix_sort_with_quicksort,reverse_sorted,1500,2,129,11682
msd_radix_sort_with_quicksort,reverse_sorted,1500,3,151,11682
msd_radix_sort_with_quicksort,reverse_sorted,1500,4,128,11682
msd_radix_sort_with_quicksort,reverse_sorted,1500,5,129,11682
msd_radix_sort_with_quicksort,reverse_sorted,1500,6,131,11682
msd_radix_sort_with_quicksort,reverse_sorted,1500,7,141,11682
msd_radix_sort_with_quicksort,reverse_sorted,1500,8,131,11682
msd_radix_sort_with_quicksort,reverse_sorted,1500,9,124,11682
msd_radix_sort_with_quicksort,reverse_sorted,1500,10,124,11682
msd_radix_sort_with_quicksort,reverse_sorted,1600,1,156,12448
msd_radix_sort_with_quicksort,reverse_sorted,1600,2,143,12448
msd_radix_sort_with_quicksort,reverse_sorted,1600,3,134,12448
msd_radix_sort_with_quicksort,reverse_sorted,1600,4,131,12448
msd_radix_sort_with_quicksort,reverse_sorted,1600,5,151,12448
msd_radix_sort_with_quicksort,reverse_sorted,1600,6,138,12448
msd_radix_sort_with_quicksort,reverse_sorted,1600,7,135,12448
msd_radix_sort_with_quicksort,reverse_sorted,1600,8,140,12448
msd_radix_sort_with_quicksort,reverse_sorted,1600,9,159,12448
msd_radix_sort_with_quicksort,reverse_sorted,1600,10,140,12448
msd_radix_sort_with_quicksort,reverse_sorted,1700,1,165,13229
msd_radix_sort_with_quicksort,reverse_sorted,1700,2,148,13229
msd_radix_sort_with_quicksort,reverse_sorted,1700,3,159,13229
msd_radix_sort_with_quicksort,reverse_sorted,1700,4,154,13229
msd_radix_sort_with_quicksort,reverse_sorted,1700,5,170,13229
msd_radix_sort_with_quicksort,reverse_sorted,1700,6,165,13229
msd_radix_sort_with_quicksort,reverse_sorted,1700,7,148,13229
msd_radix_sort_with_quicksort,reverse_sorted,1700,8,143,13229
msd_radix_sort_with_quicksort,reverse_sorted,1700,9,147,13229
msd_radix_sort_with_quicksort,reverse_sorted,1700,10,159,13229
msd_radix_sort_with_quicksort,reverse_sorted,1800,1,168,13978
msd_radix_sort_with_quicksort,reverse_sorted,1800,2,161,13978
msd_radix_sort_with_quicksort,reverse_sorted,1800,3,169,13978
msd_radix_sort_with_quicksort,reverse_sorted,1800,4,160,13978
msd_radix_sort_with_quicksort,reverse_sorted,1800,5,156,13978
msd_radix_sort_with_quicksort,reverse_sorted,1800,6,150,13978
msd_radix_sort_with_quicksort,reverse_sorted,1800,7,155,13978
msd_radix_sort_with_quicksort,reverse_sorted,1800,8,153,13978
msd_radix_sort_with_quicksort,reverse_sorted,1800,9,148,13978
msd_radix_sort_with_quicksort,reverse_sorted,1800,10,153,13978
msd_radix_sort_with_quicksort,reverse_sorted,1900,1,162,14783
msd_radix_sort_with_quicksort,reverse_sorted,1900,2,159,14783
msd_radix_sort_with_quicksort,reverse_sorted,1900,3,180,14783
msd_radix_sort_with_quicksort,reverse_sorted,1900,4,205,14783
msd_radix_sort_with_quicksort,reverse_sorted,1900,5,173,14783
msd_radix_sort_with_quicksort,reverse_sorted,1900,6,163,14783
msd_radix_sort_with_quicksort,reverse_sorted,1900,7,162,14783
msd_radix_sort_with_quicksort,reverse_sorted,1900,8,165,14783
msd_radix_sort_with_quicksort,reverse_sorted,1900,9,166,14783
msd_radix_sort_with_quicksort,reverse_sorted,1900,10,178,14783
msd_radix_sort_with_quicksort,reverse_sorted,2000,1,184,15566
msd_radix_sort_with_quicksort,reverse_sorted,2000,2,197,15566
msd_radix_sort_with_quicksort,reverse_sorted,2000,3,188,15566
msd_radix_sort_with_quicksort,reverse_sorted,2000,4,192,15566
msd_radix_sort_with_quicksort,reverse_sorted,2000,5,182,15566
msd_radix_sort_with_quicksort,reverse_sorted,2000,6,170,15566
msd_radix_sort_with_quicksort,reverse_sorted,2000,7,188,15566
msd_radix_sort_with_quicksort,reverse_sorted,2000,8,178,15566
msd_radix_sort_with_quicksort,reverse_sorted,2000,9,188,15566
msd_radix_sort_with_quicksort,reverse_sorted,2000,10,179,15566
msd_radix_sort_with_quicksort,reverse_sorted,2100,1,180,16364
msd_radix_sort_with_quicksort,reverse_sorted,2100,2,176,16364
msd_radix_sort_with_quicksort,reverse_sorted,2100,3,180,16364
msd_radix_sort_with_quicksort,reverse_sorted,2100,4,181,16364
msd_radix_sort_with_quicksort,reverse_sorted,2100,5,188,16364
msd_radix_sort_with_quicksort,reverse_sorted,2100,6,179,16364
msd_radix_sort_with_quicksort,reverse_sorted,2100,7,179,16364
msd_radix_sort_with_quicksort,reverse_sorted,2100,8,187,16364
msd_radix_sort_with_quicksort,reverse_sorted,2100,9,176,16364
msd_radix_sort_with_quicksort,reverse_sorted,2100,10,172,16364
msd_radix_sort_with_quicksort,reverse_sorted,2200,1,208,17196
msd_radix_sort_with_quicksort,reverse_sorted,2200,2,184,17196
msd_radix_sort_with_quicksort,reverse_sorted,2200,3,187,17196
msd_radix_sort_with_quicksort,reverse_sorted,2200,4,181,17196
msd_radix_sort_with_quicksort,reverse_sorted,2200,5,182,17196
msd_radix_sort_with_quicksort,reverse_sorted,2200,6,218,17196
msd_radix_sort_with_quicksort,reverse_sorted,2200,7,182,17196
msd_radix_sort_with_quicksort,reverse_sorted,2200,8,213,17196
msd_radix_sort_with_quicksort,reverse_sorted,2200,9,178,17196
msd_radix_sort_with_quicksort,reverse_sorted,2200,10,184,17196
msd_radix_sort_with_quicksort,reverse_sorted,2300,1,226,17945
msd_radix_sort_with_quicksort,reverse_sorted,2300,2,214,17945
msd_radix_sort_with_quicksort,reverse_sorted,2300,3,200,17945
msd_radix_sort_with_quicksort,reverse_sorted,2300,4,197,17945
msd_radix_sort_with_quicksort,reverse_sorted,2300,5,194,17945
msd_radix_sort_with_quicksort,reverse_sorted,2300,6,189,17945
msd_radix_sort_with_quicksort,reverse_sorted,2300,7,187,17945
msd_radix_sort_with_quicksort,reverse_sorted,2300,8,194,17945
msd_radix_sort_with_quicksort,reverse_sorted,2300,9,187,17945
msd_radix_sort_with_quicksort,reverse_sorted,2300,10,194,17945
msd_radix_sort_with_quicksort,reverse_sorted,2400,1,207,18729
msd_radix_sort_with_quicksort,reverse_sorted,2400,2,207,18729
msd_radix_sort_with_quicksort,reverse_sorted,2400,3,231,18729
msd_radix_sort_with_quicksort,reverse_sorted,2400,4,198,18729
msd_radix_sort_with_quicksort,reverse_sorted,2400,5,208,18729
msd_radix_sort_with_quicksort,reverse_sorted,2400,6,231,18729
msd_radix_sort_with_quicksort,reverse_sorted,2400,7,210,18729
msd_radix_sort_with_quicksort,reverse_sorted,2400,8,217,18729
msd_radix_sort_with_quicksort,reverse_sorted,2400,9,203,18729
msd_radix_sort_with_quicksort,reverse_sorted,2400,10,206,18729
msd_radix_sort_with_quicksort,reverse_sorted,2500,1,225,19486
msd_radix_sort_with_quicksort,reverse_sorted,2500,2,207,19486
msd_radix_sort_with_quicksort,reverse_sorted,2500,3,265,19486
msd_radix_sort_with_quicksort,reverse_sorted,2500,4,207,19486
msd_radix_sort_with_quicksort,reverse_sorted,2500,5,227,19486
msd_radix_sort_with_quicksort,reverse_sorted,2500,6,214,19486
msd_radix_sort_with_quicksort,reverse_sorted,2500,7,213,19486
msd_radix_sort_with_quicksort,reverse_sorted,2500,8,229,19486
msd_radix_sort_with_quicksort,reverse_sorted,2500,9,226,19486
msd_radix_sort_with_quicksort,reverse_sorted,2500,10,216,19486
msd_radix_sort_with_quicksort,reverse_sorted,2600,1,220,20280
msd_radix_sort_with_quicksort,reverse_sorted,2600,2,220,20280
msd_radix_sort_with_quicksort,reverse_sorted,2600,3,239,20280
msd_radix_sort_with_quicksort,reverse_sorted,2600,4,217,20280
msd_radix_sort_with_quicksort,reverse_sorted,2600,5,217,20280
msd_radix_sort_with_quicksort,reverse_sorted,2600,6,239,20280
msd_radix_sort_with_quicksort,reverse_sorted,2600,7,222,20280
msd_radix_sort_with_quicksort,reverse_sorted,2600,8,233,20280
msd_radix_sort_with_quicksort,reverse_sorted,2600,9,219,20280
msd_radix_sort_with_quicksort,reverse_sorted,2600,10,235,20280
msd_radix_sort_with_quicksort,reverse_sorted,2700,1,271,21082
msd_radix_sort_with_quicksort,reverse_sorted,2700,2,260,21082
msd_radix_sort_with_quicksort,reverse_sorted,2700,3,263,21082
msd_radix_sort_with_quicksort,reverse_sorted,2700,4,239,21082
msd_radix_sort_with_quicksort,reverse_sorted,2700,5,232,21082
msd_radix_sort_with_quicksort,reverse_sorted,2700,6,237,21082
msd_radix_sort_with_quicksort,reverse_sorted,2700,7,245,21082
msd_radix_sort_with_quicksort,reverse_sorted,2700,8,235,21082
msd_radix_sort_with_quicksort,reverse_sorted,2700,9,235,21082
msd_radix_sort_with_quicksort,reverse_sorted,2700,10,235,21082
msd_radix_sort_with_quicksort,reverse_sorted,2800,1,254,21853
msd_radix_sort_with_quicksort,reverse_sorted,2800,2,255,21853
msd_radix_sort_with_quicksort,reverse_sorted,2800,3,254,21853
msd_radix_sort_with_quicksort,reverse_sorted,2800,4,248,21853
msd_radix_sort_with_quicksort,reverse_sorted,2800,5,274,21853
msd_radix_sort_with_quicksort,reverse_sorted,2800,6,261,21853
msd_radix_sort_with_quicksort,reverse_sorted,2800,7,254,21853
msd_radix_sort_with_quicksort,reverse_sorted,2800,8,252,21853
msd_radix_sort_with_quicksort,reverse_sorted,2800,9,236,21853
msd_radix_sort_with_quicksort,reverse_sorted,2800,10,273,21853
msd_radix_sort_with_quicksort,reverse_sorted,2900,1,320,22638
msd_radix_sort_with_quicksort,reverse_sorted,2900,2,262,22638
msd_radix_sort_with_quicksort,reverse_sorted,2900,3,279,22638
msd_radix_sort_with_quicksort,reverse_sorted,2900,4,257,22638
msd_radix_sort_with_quicksort,reverse_sorted,2900,5,258,22638
msd_radix_sort_with_quicksort,reverse_sorted,2900,6,249,22638
msd_radix_sort_with_quicksort,reverse_sorted,2900,7,244,22638
msd_radix_sort_with_quicksort,reverse_sorted,2900,8,246,22638
msd_radix_sort_with_quicksort,reverse_sorted,2900,9,251,22638
msd_radix_sort_with_quicksort,reverse_sorted,2900,10,255,22638
msd_radix_sort_with_quicksort,reverse_sorted,3000,1,261,23426
msd_radix_sort_with_quicksort,reverse_sorted,3000,2,271,23426
msd_radix_sort_with_quicksort,reverse_sorted,3000,3,269,23426
msd_radix_sort_with_quicksort,reverse_sorted,3000,4,267,23426
msd_radix_sort_with_quicksort,reverse_sorted,3000,5,262,23426
msd_radix_sort_with_quicksort,reverse_sorted,3000,6,251,23426
msd_radix_sort_with_quicksort,reverse_sorted,3000,7,286,23426
msd_radix_sort_with_quicksort,reverse_sorted,3000,8,263,23426
msd_radix_sort_with_quicksort,reverse_sorted,3000,9,260,23426
msd_radix_sort_with_quicksort,reverse_sorted,3000,10,248,23426
msd_radix_sort_with_quicksort,nearly_sorted,100,1,10,758
msd_radix_sort_with_quicksort,nearly_sorted,100,2,8,758
msd_radix_sort_with_quicksort,nearly_sorted,100,3,5,758
msd_radix_sort_with_quicksort,nearly_sorted,100,4,7,758
msd_radix_sort_with_quicksort,nearly_sorted,100,5,5,758
msd_radix_sort_with_quicksort,nearly_sorted,100,6,5,758
msd_radix_sort_with_quicksort,nearly_sorted,100,7,7,758
msd_radix_sort_with_quicksort,nearly_sorted,100,8,7,758
msd_radix_sort_with_quicksort,nearly_sorted,100,9,5,758
msd_radix_sort_with_quicksort,nearly_sorted,100,10,7,758
msd_radix_sort_with_quicksort,nearly_sorted,200,1,17,1570
msd_radix_sort_with_quicksort,nearly_sorted,200,2,15,1570
msd_radix_sort_with_quicksort,nearly_sorted,200,3,11,1570
msd_radix_sort_with_quicksort,nearly_sorted,200,4,11,1570
msd_radix_sort_with_quicksort,nearly_sorted,200,5,11,1570
msd_radix_sort_with_quicksort,nearly_sorted,200,6,10,1570
msd_radix_sort_with_quicksort,nearly_sorted,200,7,11,1570
msd_radix_sort_with_quicksort,nearly_sorted,200,8,11,1570
msd_radix_sort_with_quicksort,nearly_sorted,200,9,11,1570
msd_radix_sort_with_quicksort,nearly_sorted,200,10,10,1570
msd_radix_sort_with_quicksort,nearly_sorted,300,1,24,2388
msd_radix_sort_with_quicksort,nearly_sorted,300,2,22,2388
msd_radix_sort_with_quicksort,nearly_sorted,300,3,20,2388
msd_radix_sort_with_quicksort,nearly_sorted,300,4,18,2388
msd_radix_sort_with_quicksort,nearly_sorted,300,5,17,2388
msd_radix_sort_with_quicksort,nearly_sorted,300,6,17,2388
msd_radix_sort_with_quicksort,nearly_sorted,300,7,17,2388
msd_radix_sort_with_quicksort,nearly_sorted,300,8,17,2388
msd_radix_sort_with_quicksort,nearly_sorted,300,9,17,2388
msd_radix_sort_with_quicksort,nearly_sorted,300,10,17,2388
msd_radix_sort_with_quicksort,nearly_sorted,400,1,37,3195
msd_radix_sort_with_quicksort,nearly_sorted,400,2,36,3195
msd_radix_sort_with_quicksort,nearly_sorted,400,3,27,3195
msd_radix_sort_with_quicksort,nearly_sorted,400,4,29,3195
msd_radix_sort_with_quicksort,nearly_sorted,400,5,24,3195
msd_radix_sort_with_quicksort,nearly_sorted,400,6,23,3195
msd_radix_sort_with_quicksort,nearly_sorted,400,7,24,3195
msd_radix_sort_with_quicksort,nearly_sorted,400,8,24,3195
msd_radix_sort_with_quicksort,nearly_sorted,400,9,24,3195
msd_radix_sort_with_quicksort,nearly_sorted,400,10,24,3195
msd_radix_sort_with_quicksort,nearly_sorted,500,1,45,4006
msd_radix_sort_with_quicksort,nearly_sorted,500,2,43,4006
msd_radix_sort_with_quicksort,nearly_sorted,500,3,35,4006
msd_radix_sort_with_quicksort,nearly_sorted,500,4,39,4006
msd_radix_sort_with_quicksort,nearly_sorted,500,5,42,4006
msd_radix_sort_with_quicksort,nearly_sorted,500,6,40,4006
msd_radix_sort_with_quicksort,nearly_sorted,500,7,37,4006
msd_radix_sort_with_quicksort,nearly_sorted,500,8,37,4006
msd_radix_sort_with_quicksort,nearly_sorted,500,9,36,4006
msd_radix_sort_with_quicksort,nearly_sorted,500,10,37,4006
msd_radix_sort_with_quicksort,nearly_sorted,600,1,55,4805
msd_radix_sort_with_quicksort,nearly_sorted,600,2,49,4805
msd_radix_sort_with_quicksort,nearly_sorted,600,3,48,4805
msd_radix_sort_with_quicksort,nearly_sorted,600,4,46,4805
msd_radix_sort_with_quicksort,nearly_sorted,600,5,46,4805
msd_radix_sort_with_quicksort,nearly_sorted,600,6,45,4805
msd_radix_sort_with_quicksort,nearly_sorted,600,7,47,4805
msd_radix_sort_with_quicksort,nearly_sorted,600,8,45,4805
msd_radix_sort_with_quicksort,nearly_sorted,600,9,40,4805
msd_radix_sort_with_quicksort,nearly_sorted,600,10,39,4805
msd_radix_sort_with_quicksort,nearly_sorted,700,1,60,5570
msd_radix_sort_with_quicksort,nearly_sorted,700,2,54,5570
msd_radix_sort_with_quicksort,nearly_sorted,700,3,55,5570
msd_radix_sort_with_quicksort,nearly_sorted,700,4,51,5570
msd_radix_sort_with_quicksort,nearly_sorted,700,5,59,5570
msd_radix_sort_with_quicksort,nearly_sorted,700,6,56,5570
msd_radix_sort_with_quicksort,nearly_sorted,700,7,48,5570
msd_radix_sort_with_quicksort,nearly_sorted,700,8,49,5570
msd_radix_sort_with_quicksort,nearly_sorted,700,9,46,5570
msd_radix_sort_with_quicksort,nearly_sorted,700,10,48,5570
msd_radix_sort_with_quicksort,nearly_sorted,800,1,70,6387
msd_radix_sort_with_quicksort,nearly_sorted,800,2,74,6387
msd_radix_sort_with_quicksort,nearly_sorted,800,3,68,6387
msd_radix_sort_with_quicksort,nearly_sorted,800,4,65,6387
msd_radix_sort_with_quicksort,nearly_sorted,800,5,61,6387
msd_radix_sort_with_quicksort,nearly_sorted,800,6,61,6387
msd_radix_sort_with_quicksort,nearly_sorted,800,7,62,6387
msd_radix_sort_with_quicksort,nearly_sorted,800,8,58,6387
msd_radix_sort_with_quicksort,nearly_sorted,800,9,60,6387
msd_radix_sort_with_quicksort,nearly_sorted,800,10,62,6387
msd_radix_sort_with_quicksort,nearly_sorted,900,1,83,7189
msd_radix_sort_with_quicksort,nearly_sorted,900,2,80,7189
msd_radix_sort_with_quicksort,nearly_sorted,900,3,68,7189
msd_radix_sort_with_quicksort,nearly_sorted,900,4,68,7189
msd_radix_sort_with_quicksort,nearly_sorted,900,5,68,7189
msd_radix_sort_with_quicksort,nearly_sorted,900,6,79,7189
msd_radix_sort_with_quicksort,nearly_sorted,900,7,71,7189
msd_radix_sort_with_quicksort,nearly_sorted,900,8,71,7189
msd_radix_sort_with_quicksort,nearly_sorted,900,9,75,7189
msd_radix_sort_with_quicksort,nearly_sorted,900,10,68,7189
msd_radix_sort_with_quicksort,nearly_sorted,1000,1,78,8023
msd_radix_sort_with_quicksort,nearly_sorted,1000,2,84,8023
msd_radix_sort_with_quicksort,nearly_sorted,1000,3,84,8023
msd_radix_sort_with_quicksort,nearly_sorted,1000,4,83,8023
msd_radix_sort_with_quicksort,nearly_sorted,1000,5,84,8023
msd_radix_sort_with_quicksort,nearly_sorted,1000,6,85,8023
msd_radix_sort_with_quicksort,nearly_sorted,1000,7,78,8023
msd_radix_sort_with_quicksort,nearly_sorted,1000,8,71,8023
msd_radix_sort_with_quicksort,nearly_sorted,1000,9,84,8023
msd_radix_sort_with_quicksort,nearly_sorted,1000,10,73,8023
msd_radix_sort_with_quicksort,nearly_sorted,1100,1,93,8801
msd_radix_sort_with_quicksort,nearly_sorted,1100,2,92,8801
msd_radix_sort_with_quicksort,nearly_sorted,1100,3,91,8801
msd_radix_sort_with_quicksort,nearly_sorted,1100,4,91,8801
msd_radix_sort_with_quicksort,nearly_sorted,1100,5,90,8801
msd_radix_sort_with_quicksort,nearly_sorted,1100,6,89,8801
msd_radix_sort_with_quicksort,nearly_sorted,1100,7,94,8801
msd_radix_sort_with_quicksort,nearly_sorted,1100,8,92,8801
msd_radix_sort_with_quicksort,nearly_sorted,1100,9,102,8801
msd_radix_sort_with_quicksort,nearly_sorted,1100,10,85,8801
msd_radix_sort_with_quicksort,nearly_sorted,1200,1,103,9637
msd_radix_sort_with_quicksort,nearly_sorted,1200,2,103,9637
msd_radix_sort_with_quicksort,nearly_sorted,1200,3,98,9637
msd_radix_sort_with_quicksort,nearly_sorted,1200,4,99,9637
msd_radix_sort_with_quicksort,nearly_sorted,1200,5,98,9637
msd_radix_sort_with_quicksort,nearly_sorted,1200,6,97,9637
msd_radix_sort_with_quicksort,nearly_sorted,1200,7,93,9637
msd_radix_sort_with_quicksort,nearly_sorted,1200,8,94,9637
msd_radix_sort_with_quicksort,nearly_sorted,1200,9,94,9637
msd_radix_sort_with_quicksort,nearly_sorted,1200,10,104,9637
msd_radix_sort_with_quicksort,nearly_sorted,1300,1,106,10430
msd_radix_sort_with_quicksort,nearly_sorted,1300,2,106,10430
msd_radix_sort_with_quicksort,nearly_sorted,1300,3,140,10430
msd_radix_sort_with_quicksort,nearly_sorted,1300,4,108,10430
msd_radix_sort_with_quicksort,nearly_sorted,1300,5,110,10430
msd_radix_sort_with_quicksort,nearly_sorted,1300,6,105,10430
msd_radix_sort_with_quicksort,nearly_sorted,1300,7,100,10430
msd_radix_sort_with_quicksort,nearly_sorted,1300,8,97,10430
msd_radix_sort_with_quicksort,nearly_sorted,1300,9,94,10430
msd_radix_sort_with_quicksort,nearly_sorted,1300,10,102,10430
msd_radix_sort_with_quicksort,nearly_sorted,1400,1,105,11206
msd_radix_sort_with_quicksort,nearly_sorted,1400,2,113,11206
msd_radix_sort_with_quicksort,nearly_sorted,1400,3,103,11206
msd_radix_sort_with_quicksort,nearly_sorted,1400,4,131,11206
msd_radix_sort_with_quicksort,nearly_sorted,1400,5,129,11206
msd_radix_sort_with_quicksort,nearly_sorted,1400,6,118,11206
msd_radix_sort_with_quicksort,nearly_sorted,1400,7,116,11206
msd_radix_sort_with_quicksort,nearly_sorted,1400,8,109,11206
msd_radix_sort_with_quicksort,nearly_sorted,1400,9,108,11206
msd_radix_sort_with_quicksort,nearly_sorted,1400,10,118,11206
msd_radix_sort_with_quicksort,nearly_sorted,1500,1,129,11985
msd_radix_sort_with_quicksort,nearly_sorted,1500,2,124,11985
msd_radix_sort_with_quicksort,nearly_sorted,1500,3,123,11985
msd_radix_sort_with_quicksort,nearly_sorted,1500,4,134,11985
msd_radix_sort_with_quicksort,nearly_sorted,1500,5,122,11985
msd_radix_sort_with_quicksort,nearly_sorted,1500,6,119,11985
msd_radix_sort_with_quicksort,nearly_sorted,1500,7,110,11985
msd_radix_sort_with_quicksort,nearly_sorted,1500,8,121,11985
msd_radix_sort_with_quicksort,nearly_sorted,1500,9,118,11985
msd_radix_sort_with_quicksort,nearly_sorted,1500,10,111,11985
msd_radix_sort_with_quicksort,nearly_sorted,1600,1,130,12766
msd_radix_sort_with_quicksort,nearly_sorted,1600,2,119,12766
msd_radix_sort_with_quicksort,nearly_sorted,1600,3,140,12766
msd_radix_sort_with_quicksort,nearly_sorted,1600,4,125,12766
msd_radix_sort_with_quicksort,nearly_sorted,1600,5,121,12766
msd_radix_sort_with_quicksort,nearly_sorted,1600,6,123,12766
msd_radix_sort_with_quicksort,nearly_sorted,1600,7,132,12766
msd_radix_sort_with_quicksort,nearly_sorted,1600,8,121,12766
msd_radix_sort_with_quicksort,nearly_sorted,1600,9,115,12766
msd_radix_sort_with_quicksort,nearly_sorted,1600,10,128,12766
msd_radix_sort_with_quicksort,nearly_sorted,1700,1,151,13541
msd_radix_sort_with_quicksort,nearly_sorted,1700,2,143,13541
msd_radix_sort_with_quicksort,nearly_sorted,1700,3,129,13541
msd_radix_sort_with_quicksort,nearly_sorted,1700,4,141,13541
msd_radix_sort_with_quicksort,nearly_sorted,1700,5,166,13541
msd_radix_sort_with_quicksort,nearly_sorted,1700,6,136,13541
msd_radix_sort_with_quicksort,nearly_sorted,1700,7,129,13541
msd_radix_sort_with_quicksort,nearly_sorted,1700,8,128,13541
msd_radix_sort_with_quicksort,nearly_sorted,1700,9,131,13541
msd_radix_sort_with_quicksort,nearly_sorted,1700,10,131,13541
msd_radix_sort_with_quicksort,nearly_sorted,1800,1,141,14292
msd_radix_sort_with_quicksort,nearly_sorted,1800,2,143,14292
msd_radix_sort_with_quicksort,nearly_sorted,1800,3,154,14292
msd_radix_sort_with_quicksort,nearly_sorted,1800,4,131,14292
msd_radix_sort_with_quicksort,nearly_sorted,1800,5,138,14292
msd_radix_sort_with_quicksort,nearly_sorted,1800,6,137,14292
msd_radix_sort_with_quicksort,nearly_sorted,1800,7,151,14292
msd_radix_sort_with_quicksort,nearly_sorted,1800,8,144,14292
msd_radix_sort_with_quicksort,nearly_sorted,1800,9,142,14292
msd_radix_sort_with_quicksort,nearly_sorted,1800,10,129,14292
msd_radix_sort_with_quicksort,nearly_sorted,1900,1,166,15146
msd_radix_sort_with_quicksort,nearly_sorted,1900,2,150,15146
msd_radix_sort_with_quicksort,nearly_sorted,1900,3,148,15146
msd_radix_sort_with_quicksort,nearly_sorted,1900,4,157,15146
msd_radix_sort_with_quicksort,nearly_sorted,1900,5,148,15146
msd_radix_sort_with_quicksort,nearly_sorted,1900,6,141,15146
msd_radix_sort_with_quicksort,nearly_sorted,1900,7,146,15146
msd_radix_sort_with_quicksort,nearly_sorted,1900,8,149,15146
msd_radix_sort_with_quicksort,nearly_sorted,1900,9,136,15146
msd_radix_sort_with_quicksort,nearly_sorted,1900,10,146,15146
msd_radix_sort_with_quicksort,nearly_sorted,2000,1,166,15902
msd_radix_sort_with_quicksort,nearly_sorted,2000,2,155,15902
msd_radix_sort_with_quicksort,nearly_sorted,2000,3,153,15902
msd_radix_sort_with_quicksort,nearly_sorted,2000,4,148,15902
msd_radix_sort_with_quicksort,nearly_sorted,2000,5,148,15902
msd_radix_sort_with_quicksort,nearly_sorted,2000,6,151,15902
msd_radix_sort_with_quicksort,nearly_sorted,2000,7,147,15902
msd_radix_sort_with_quicksort,nearly_sorted,2000,8,181,15902
msd_radix_sort_with_quicksort,nearly_sorted,2000,9,153,15902
msd_radix_sort_with_quicksort,nearly_sorted,2000,10,147,15902
msd_radix_sort_with_quicksort,nearly_sorted,2100,1,165,16699
msd_radix_sort_with_quicksort,nearly_sorted,2100,2,165,16699
msd_radix_sort_with_quicksort,nearly_sorted,2100,3,157,16699
msd_radix_sort_with_quicksort,nearly_sorted,2100,4,159,16699
msd_radix_sort_with_quicksort,nearly_sorted,2100,5,191,16699
msd_radix_sort_with_quicksort,nearly_sorted,2100,6,150,16699
msd_radix_sort_with_quicksort,nearly_sorted,2100,7,191,16699
msd_radix_sort_with_quicksort,nearly_sorted,2100,8,198,16699
msd_radix_sort_with_quicksort,nearly_sorted,2100,9,162,16699
msd_radix_sort_with_quicksort,nearly_sorted,2100,10,149,16699
msd_radix_sort_with_quicksort,nearly_sorted,2200,1,193,17519
msd_radix_sort_with_quicksort,nearly_sorted,2200,2,166,17519
msd_radix_sort_with_quicksort,nearly_sorted,2200,3,160,17519
msd_radix_sort_with_quicksort,nearly_sorted,2200,4,168,17519
msd_radix_sort_with_quicksort,nearly_sorted,2200,5,167,17519
msd_radix_sort_with_quicksort,nearly_sorted,2200,6,166,17519
msd_radix_sort_with_quicksort,nearly_sorted,2200,7,161,17519
msd_radix_sort_with_quicksort,nearly_sorted,2200,8,169,17519
msd_radix_sort_with_quicksort,nearly_sorted,2200,9,165,17519
msd_radix_sort_with_quicksort,nearly_sorted,2200,10,181,17519
msd_radix_sort_with_quicksort,nearly_sorted,2300,1,197,18272
msd_radix_sort_with_quicksort,nearly_sorted,2300,2,195,18272
msd_radix_sort_with_quicksort,nearly_sorted,2300,3,195,18272
msd_radix_sort_with_quicksort,nearly_sorted,2300,4,201,18272
msd_radix_sort_with_quicksort,nearly_sorted,2300,5,211,18272
msd_radix_sort_with_quicksort,nearly_sorted,2300,6,248,18272
msd_radix_sort_with_quicksort,nearly_sorted,2300,7,181,18272
msd_radix_sort_with_quicksort,nearly_sorted,2300,8,198,18272
msd_radix_sort_with_quicksort,nearly_sorted,2300,9,187,18272
msd_radix_sort_with_quicksort,nearly_sorted,2300,10,165,18272
msd_radix_sort_with_quicksort,nearly_sorted,2400,1,210,19108
msd_radix_sort_with_quicksort,nearly_sorted,2400,2,186,19108
msd_radix_sort_with_quicksort,nearly_sorted,2400,3,182,19108
msd_radix_sort_with_quicksort,nearly_sorted,2400,4,207,19108
msd_radix_sort_with_quicksort,nearly_sorted,2400,5,185,19108
msd_radix_sort_with_quicksort,nearly_sorted,2400,6,211,19108
msd_radix_sort_with_quicksort,nearly_sorted,2400,7,212,19108
msd_radix_sort_with_quicksort,nearly_sorted,2400,8,185,19108
msd_radix_sort_with_quicksort,nearly_sorted,2400,9,182,19108
msd_radix_sort_with_quicksort,nearly_sorted,2400,10,208,19108
msd_radix_sort_with_quicksort,nearly_sorted,2500,1,199,19896
msd_radix_sort_with_quicksort,nearly_sorted,2500,2,194,19896
msd_radix_sort_with_quicksort,nearly_sorted,2500,3,205,19896
msd_radix_sort_with_quicksort,nearly_sorted,2500,4,205,19896
msd_radix_sort_with_quicksort,nearly_sorted,2500,5,193,19896
msd_radix_sort_with_quicksort,nearly_sorted,2500,6,195,19896
msd_radix_sort_with_quicksort,nearly_sorted,2500,7,201,19896
msd_radix_sort_with_quicksort,nearly_sorted,2500,8,206,19896
msd_radix_sort_with_quicksort,nearly_sorted,2500,9,218,19896
msd_radix_sort_with_quicksort,nearly_sorted,2500,10,213,19896
msd_radix_sort_with_quicksort,nearly_sorted,2600,1,251,20750
msd_radix_sort_with_quicksort,nearly_sorted,2600,2,205,20750
msd_radix_sort_with_quicksort,nearly_sorted,2600,3,218,20750
msd_radix_sort_with_quicksort,nearly_sorted,2600,4,216,20750
msd_radix_sort_with_quicksort,nearly_sorted,2600,5,214,20750
msd_radix_sort_with_quicksort,nearly_sorted,2600,6,205,20750
msd_radix_sort_with_quicksort,nearly_sorted,2600,7,208,20750
msd_radix_sort_with_quicksort,nearly_sorted,2600,8,231,20750
msd_radix_sort_with_quicksort,nearly_sorted,2600,9,200,20750
msd_radix_sort_with_quicksort,nearly_sorted,2600,10,219,20750
msd_radix_sort_with_quicksort,nearly_sorted,2700,1,255,21593
msd_radix_sort_with_quicksort,nearly_sorted,2700,2,210,21593
msd_radix_sort_with_quicksort,nearly_sorted,2700,3,213,21593
msd_radix_sort_with_quicksort,nearly_sorted,2700,4,235,21593
msd_radix_sort_with_quicksort,nearly_sorted,2700,5,224,21593
msd_radix_sort_with_quicksort,nearly_sorted,2700,6,236,21593
msd_radix_sort_with_quicksort,nearly_sorted,2700,7,216,21593
msd_radix_sort_with_quicksort,nearly_sorted,2700,8,227,21593
msd_radix_sort_with_quicksort,nearly_sorted,2700,9,216,21593
msd_radix_sort_with_quicksort,nearly_sorted,2700,10,227,21593
msd_radix_sort_with_quicksort,nearly_sorted,2800,1,262,22399
msd_radix_sort_with_quicksort,nearly_sorted,2800,2,238,22399
msd_radix_sort_with_quicksort,nearly_sorted,2800,3,233,22399
msd_radix_sort_with_quicksort,nearly_sorted,2800,4,252,22399
msd_radix_sort_with_quicksort,nearly_sorted,2800,5,231,22399
msd_radix_sort_with_quicksort,nearly_sorted,2800,6,224,22399
msd_radix_sort_with_quicksort,nearly_sorted,2800,7,226,22399
msd_radix_sort_with_quicksort,nearly_sorted,2800,8,226,22399
msd_radix_sort_with_quicksort,nearly_sorted,2800,9,258,22399
msd_radix_sort_with_quicksort,nearly_sorted,2800,10,224,22399
msd_radix_sort_with_quicksort,nearly_sorted,2900,1,269,23184
msd_radix_sort_with_quicksort,nearly_sorted,2900,2,226,23184
msd_radix_sort_with_quicksort,nearly_sorted,2900,3,246,23184
msd_radix_sort_with_quicksort,nearly_sorted,2900,4,230,23184
msd_radix_sort_with_quicksort,nearly_sorted,2900,5,232,23184
msd_radix_sort_with_quicksort,nearly_sorted,2900,6,238,23184
msd_radix_sort_with_quicksort,nearly_sorted,2900,7,245,23184
msd_radix_sort_with_quicksort,nearly_sorted,2900,8,256,23184
msd_radix_sort_with_quicksort,nearly_sorted,2900,9,224,23184
msd_radix_sort_with_quicksort,nearly_sorted,2900,10,229,23184
msd_radix_sort_with_quicksort,nearly_sorted,3000,1,256,24030
msd_radix_sort_with_quicksort,nearly_sorted,3000,2,321,24030
msd_radix_sort_with_quicksort,nearly_sorted,3000,3,233,24030
msd_radix_sort_with_quicksort,nearly_sorted,3000,4,238,24030
msd_radix_sort_with_quicksort,nearly_sorted,3000,5,231,24030
msd_radix_sort_with_quicksort,nearly_sorted,3000,6,237,24030
msd_radix_sort_with_quicksort,nearly_sorted,3000,7,244,24030
msd_radix_sort_with_quicksort,nearly_sorted,3000,8,238,24030
msd_radix_sort_with_quicksort,nearly_sorted,3000,9,250,24030
msd_radix_sort_with_quicksort,nearly_sorted,3000,10,268,24030
msd_radix_sort_with_quicksort,common_prefix,100,1,376,6261
msd_radix_sort_with_quicksort,common_prefix,100,2,376,6261
msd_radix_sort_with_quicksort,common_prefix,100,3,338,6261
msd_radix_sort_with_quicksort,common_prefix,100,4,351,6261
msd_radix_sort_with_quicksort,common_prefix,100,5,355,6261
msd_radix_sort_with_quicksort,common_prefix,100,6,434,6261
msd_radix_sort_with_quicksort,common_prefix,100,7,410,6261
msd_radix_sort_with_quicksort,common_prefix,100,8,360,6261
msd_radix_sort_with_quicksort,common_prefix,100,9,322,6261
msd_radix_sort_with_quicksort,common_prefix,100,10,341,6261
msd_radix_sort_with_quicksort,common_prefix,200,1,613,12725
msd_radix_sort_with_quicksort,common_prefix,200,2,598,12725
msd_radix_sort_with_quicksort,common_prefix,200,3,544,12725
msd_radix_sort_with_quicksort,common_prefix,200,4,544,12725
msd_radix_sort_with_quicksort,common_prefix,200,5,586,12725
msd_radix_sort_with_quicksort,common_prefix,200,6,537,12725
msd_radix_sort_with_quicksort,common_prefix,200,7,596,12725
msd_radix_sort_with_quicksort,common_prefix,200,8,561,12725
msd_radix_sort_with_quicksort,common_prefix,200,9,586,12725
msd_radix_sort_with_quicksort,common_prefix,200,10,618,12725
msd_radix_sort_with_quicksort,common_prefix,300,1,1025,19235
msd_radix_sort_with_quicksort,common_prefix,300,2,926,19235
msd_radix_sort_with_quicksort,common_prefix,300,3,973,19235
msd_radix_sort_with_quicksort,common_prefix,300,4,1004,19235
msd_radix_sort_with_quicksort,common_prefix,300,5,905,19235
msd_radix_sort_with_quicksort,common_prefix,300,6,876,19235
msd_radix_sort_with_quicksort,common_prefix,300,7,898,19235
msd_radix_sort_with_quicksort,common_prefix,300,8,795,19235
msd_radix_sort_with_quicksort,common_prefix,300,9,780,19235
msd_radix_sort_with_quicksort,common_prefix,300,10,774,19235
msd_radix_sort_with_quicksort,common_prefix,400,1,1044,25921
msd_radix_sort_with_quicksort,common_prefix,400,2,992,25921
msd_radix_sort_with_quicksort,common_prefix,400,3,975,25921
msd_radix_sort_with_quicksort,common_prefix,400,4,1022,25921
msd_radix_sort_with_quicksort,common_prefix,400,5,983,25921
msd_radix_sort_with_quicksort,common_prefix,400,6,987,25921
msd_radix_sort_with_quicksort,common_prefix,400,7,980,25921
msd_radix_sort_with_quicksort,common_prefix,400,8,1068,25921
msd_radix_sort_with_quicksort,common_prefix,400,9,970,25921
msd_radix_sort_with_quicksort,common_prefix,400,10,993,25921
msd_radix_sort_with_quicksort,common_prefix,500,1,1461,32602
msd_radix_sort_with_quicksort,common_prefix,500,2,1475,32602
msd_radix_sort_with_quicksort,common_prefix,500,3,1389,32602
msd_radix_sort_with_quicksort,common_prefix,500,4,1383,32602
msd_radix_sort_with_quicksort,common_prefix,500,5,1313,32602
msd_radix_sort_with_quicksort,common_prefix,500,6,1201,32602
msd_radix_sort_with_quicksort,common_prefix,500,7,1481,32602
msd_radix_sort_with_quicksort,common_prefix,500,8,1411,32602
msd_radix_sort_with_quicksort,common_prefix,500,9,1798,32602
msd_radix_sort_with_quicksort,common_prefix,500,10,1380,32602
msd_radix_sort_with_quicksort,common_prefix,600,1,2150,39473
msd_radix_sort_with_quicksort,common_prefix,600,2,1892,39473
msd_radix_sort_with_quicksort,common_prefix,600,3,1900,39473
msd_radix_sort_with_quicksort,common_prefix,600,4,1845,39473
msd_radix_sort_with_quicksort,common_prefix,600,5,1764,39473
msd_radix_sort_with_quicksort,common_prefix,600,6,1592,39473
msd_radix_sort_with_quicksort,common_prefix,600,7,1595,39473
msd_radix_sort_with_quicksort,common_prefix,600,8,1715,39473
msd_radix_sort_with_quicksort,common_prefix,600,9,1621,39473
msd_radix_sort_with_quicksort,common_prefix,600,10,1613,39473
msd_radix_sort_with_quicksort,common_prefix,700,1,2178,46262
msd_radix_sort_with_quicksort,common_prefix,700,2,2234,46262
msd_radix_sort_with_quicksort,common_prefix,700,3,2122,46262
msd_radix_sort_with_quicksort,common_prefix,700,4,1943,46262
msd_radix_sort_with_quicksort,common_prefix,700,5,2139,46262
msd_radix_sort_with_quicksort,common_prefix,700,6,2495,46262
msd_radix_sort_with_quicksort,common_prefix,700,7,2146,46262
msd_radix_sort_with_quicksort,common_prefix,700,8,1982,46262
msd_radix_sort_with_quicksort,common_prefix,700,9,1873,46262
msd_radix_sort_with_quicksort,common_prefix,700,10,2023,46262
msd_radix_sort_with_quicksort,common_prefix,800,1,2158,52988
msd_radix_sort_with_quicksort,common_prefix,800,2,2175,52988
msd_radix_sort_with_quicksort,common_prefix,800,3,2095,52988
msd_radix_sort_with_quicksort,common_prefix,800,4,2334,52988
msd_radix_sort_with_quicksort,common_prefix,800,5,2273,52988
msd_radix_sort_with_quicksort,common_prefix,800,6,2607,52988
msd_radix_sort_with_quicksort,common_prefix,800,7,2422,52988
msd_radix_sort_with_quicksort,common_prefix,800,8,2449,52988
msd_radix_sort_with_quicksort,common_prefix,800,9,3478,52988
msd_radix_sort_with_quicksort,common_prefix,800,10,4449,52988
msd_radix_sort_with_quicksort,common_prefix,900,1,3800,59955
msd_radix_sort_with_quicksort,common_prefix,900,2,3587,59955
msd_radix_sort_with_quicksort,common_prefix,900,3,3077,59955
msd_radix_sort_with_quicksort,common_prefix,900,4,2435,59955
msd_radix_sort_with_quicksort,common_prefix,900,5,2525,59955
msd_radix_sort_with_quicksort,common_prefix,900,6,2379,59955
msd_radix_sort_with_quicksort,common_prefix,900,7,2786,59955
msd_radix_sort_with_quicksort,common_prefix,900,8,2376,59955
msd_radix_sort_with_quicksort,common_prefix,900,9,2432,59955
msd_radix_sort_with_quicksort,common_prefix,900,10,3105,59955
msd_radix_sort_with_quicksort,common_prefix,1000,1,6150,66698
msd_radix_sort_with_quicksort,common_prefix,1000,2,3661,66698
msd_radix_sort_with_quicksort,common_prefix,1000,3,2740,66698
msd_radix_sort_with_quicksort,common_prefix,1000,4,2708,66698
msd_radix_sort_with_quicksort,common_prefix,1000,5,2887,66698
msd_radix_sort_with_quicksort,common_prefix,1000,6,2704,66698
msd_radix_sort_with_quicksort,common_prefix,1000,7,3323,66698
msd_radix_sort_with_quicksort,common_prefix,1000,8,3320,66698
msd_radix_sort_with_quicksort,common_prefix,1000,9,6043,66698
msd_radix_sort_with_quicksort,common_prefix,1000,10,3047,66698
msd_radix_sort_with_quicksort,common_prefix,1100,1,3521,73736
msd_radix_sort_with_quicksort,common_prefix,1100,2,3281,73736
msd_radix_sort_with_quicksort,common_prefix,1100,3,3121,73736
msd_radix_sort_with_quicksort,common_prefix,1100,4,3171,73736
msd_radix_sort_with_quicksort,common_prefix,1100,5,3168,73736
msd_radix_sort_with_quicksort,common_prefix,1100,6,3698,73736
msd_radix_sort_with_quicksort,common_prefix,1100,7,3100,73736
msd_radix_sort_with_quicksort,common_prefix,1100,8,3341,73736
msd_radix_sort_with_quicksort,common_prefix,1100,9,4693,73736
msd_radix_sort_with_quicksort,common_prefix,1100,10,3206,73736
msd_radix_sort_with_quicksort,common_prefix,1200,1,3468,80510
msd_radix_sort_with_quicksort,common_prefix,1200,2,3570,80510
msd_radix_sort_with_quicksort,common_prefix,1200,3,3766,80510
msd_radix_sort_with_quicksort,common_prefix,1200,4,3455,80510
msd_radix_sort_with_quicksort,common_prefix,1200,5,4246,80510
msd_radix_sort_with_quicksort,common_prefix,1200,6,8161,80510
msd_radix_sort_with_quicksort,common_prefix,1200,7,3846,80510
msd_radix_sort_with_quicksort,common_prefix,1200,8,6341,80510
msd_radix_sort_with_quicksort,common_prefix,1200,9,3533,80510
msd_radix_sort_with_quicksort,common_prefix,1200,10,3647,80510
msd_radix_sort_with_quicksort,common_prefix,1300,1,4464,87532
msd_radix_sort_with_quicksort,common_prefix,1300,2,4480,87532
msd_radix_sort_with_quicksort,common_prefix,1300,3,4885,87532
msd_radix_sort_with_quicksort,common_prefix,1300,4,4441,87532
msd_radix_sort_with_quicksort,common_prefix,1300,5,3791,87532
msd_radix_sort_with_quicksort,common_prefix,1300,6,3706,87532
msd_radix_sort_with_quicksort,common_prefix,1300,7,3741,87532
msd_radix_sort_with_quicksort,common_prefix,1300,8,3913,87532
msd_radix_sort_with_quicksort,common_prefix,1300,9,4283,87532
msd_radix_sort_with_quicksort,common_prefix,1300,10,10235,87532
msd_radix_sort_with_quicksort,common_prefix,1400,1,4458,94763
msd_radix_sort_with_quicksort,common_prefix,1400,2,4083,94763
msd_radix_sort_with_quicksort,common_prefix,1400,3,4301,94763
msd_radix_sort_with_quicksort,common_prefix,1400,4,4318,94763
msd_radix_sort_with_quicksort,common_prefix,1400,5,4517,94763
msd_radix_sort_with_quicksort,common_prefix,1400,6,4172,94763
msd_radix_sort_with_quicksort,common_prefix,1400,7,4641,94763
msd_radix_sort_with_quicksort,common_prefix,1400,8,5118,94763
msd_radix_sort_with_quicksort,common_prefix,1400,9,4407,94763
msd_radix_sort_with_quicksort,common_prefix,1400,10,4552,94763
msd_radix_sort_with_quicksort,common_prefix,1500,1,4891,101598
msd_radix_sort_with_quicksort,common_prefix,1500,2,4956,101598
msd_radix_sort_with_quicksort,common_prefix,1500,3,5088,101598
msd_radix_sort_with_quicksort,common_prefix,1500,4,4679,101598
msd_radix_sort_with_quicksort,common_prefix,1500,5,9814,101598
msd_radix_sort_with_quicksort,common_prefix,1500,6,4872,101598
msd_radix_sort_with_quicksort,common_prefix,1500,7,5009,101598
msd_radix_sort_with_quicksort,common_prefix,1500,8,4781,101598
msd_radix_sort_with_quicksort,common_prefix,1500,9,4936,101598
msd_radix_sort_with_quicksort,common_prefix,1500,10,5955,101598
msd_radix_sort_with_quicksort,common_prefix,1600,1,5032,108679
msd_radix_sort_with_quicksort,common_prefix,1600,2,5140,108679
msd_radix_sort_with_quicksort,common_prefix,1600,3,5135,108679
msd_radix_sort_with_quicksort,common_prefix,1600,4,5342,108679
msd_radix_sort_with_quicksort,common_prefix,1600,5,7229,108679
msd_radix_sort_with_quicksort,common_prefix,1600,6,5062,108679
msd_radix_sort_with_quicksort,common_prefix,1600,7,4911,108679
msd_radix_sort_with_quicksort,common_prefix,1600,8,4937,108679
msd_radix_sort_with_quicksort,common_prefix,1600,9,5107,108679
msd_radix_sort_with_quicksort,common_prefix,1600,10,5136,108679
msd_radix_sort_with_quicksort,common_prefix,1700,1,5685,115707
msd_radix_sort_with_quicksort,common_prefix,1700,2,6077,115707
msd_radix_sort_with_quicksort,common_prefix,1700,3,5395,115707
msd_radix_sort_with_quicksort,common_prefix,1700,4,5101,115707
msd_radix_sort_with_quicksort,common_prefix,1700,5,5320,115707
msd_radix_sort_with_quicksort,common_prefix,1700,6,15077,115707
msd_radix_sort_with_quicksort,common_prefix,1700,7,11022,115707
msd_radix_sort_with_quicksort,common_prefix,1700,8,5497,115707
msd_radix_sort_with_quicksort,common_prefix,1700,9,5786,115707
msd_radix_sort_with_quicksort,common_prefix,1700,10,5456,115707
msd_radix_sort_with_quicksort,common_prefix,1800,1,5680,122680
msd_radix_sort_with_quicksort,common_prefix,1800,2,5726,122680
msd_radix_sort_with_quicksort,common_prefix,1800,3,6135,122680
msd_radix_sort_with_quicksort,common_prefix,1800,4,6110,122680
msd_radix_sort_with_quicksort,common_prefix,1800,5,11412,122680
msd_radix_sort_with_quicksort,common_prefix,1800,6,5683,122680
msd_radix_sort_with_quicksort,common_prefix,1800,7,5808,122680
msd_radix_sort_with_quicksort,common_prefix,1800,8,5566,122680
msd_radix_sort_with_quicksort,common_prefix,1800,9,6203,122680
msd_radix_sort_with_quicksort,common_prefix,1800,10,5898,122680
msd_radix_sort_with_quicksort,common_prefix,1900,1,6059,129733
msd_radix_sort_with_quicksort,common_prefix,1900,2,6822,129733
msd_radix_sort_with_quicksort,common_prefix,1900,3,8898,129733
msd_radix_sort_with_quicksort,common_prefix,1900,4,6397,129733
msd_radix_sort_with_quicksort,common_prefix,1900,5,7279,129733
msd_radix_sort_with_quicksort,common_prefix,1900,6,5922,129733
msd_radix_sort_with_quicksort,common_prefix,1900,7,5878,129733
msd_radix_sort_with_quicksort,common_prefix,1900,8,5820,129733
msd_radix_sort_with_quicksort,common_prefix,1900,9,12290,129733
msd_radix_sort_with_quicksort,common_prefix,1900,10,5881,129733
msd_radix_sort_with_quicksort,common_prefix,2000,1,6673,136945
msd_radix_sort_with_quicksort,common_prefix,2000,2,6240,136945
msd_radix_sort_with_quicksort,common_prefix,2000,3,6292,136945
msd_radix_sort_with_quicksort,common_prefix,2000,4,6018,136945
msd_radix_sort_with_quicksort,common_prefix,2000,5,5979,136945
msd_radix_sort_with_quicksort,common_prefix,2000,6,6063,136945
msd_radix_sort_with_quicksort,common_prefix,2000,7,6125,136945
msd_radix_sort_with_quicksort,common_prefix,2000,8,6588,136945
msd_radix_sort_with_quicksort,common_prefix,2000,9,6505,136945
msd_radix_sort_with_quicksort,common_prefix,2000,10,6065,136945
msd_radix_sort_with_quicksort,common_prefix,2100,1,6708,144540
msd_radix_sort_with_quicksort,common_prefix,2100,2,7047,144540
msd_radix_sort_with_quicksort,common_prefix,2100,3,12964,144540
msd_radix_sort_with_quicksort,common_prefix,2100,4,6980,144540
msd_radix_sort_with_quicksort,common_prefix,2100,5,6676,144540
msd_radix_sort_with_quicksort,common_prefix,2100,6,6503,144540
msd_radix_sort_with_quicksort,common_prefix,2100,7,13669,144540
msd_radix_sort_with_quicksort,common_prefix,2100,8,6976,144540
msd_radix_sort_with_quicksort,common_prefix,2100,9,6792,144540
msd_radix_sort_with_quicksort,common_prefix,2100,10,6820,144540
msd_radix_sort_with_quicksort,common_prefix,2200,1,11880,151416
msd_radix_sort_with_quicksort,common_prefix,2200,2,6800,151416
msd_radix_sort_with_quicksort,common_prefix,2200,3,6806,151416
msd_radix_sort_with_quicksort,common_prefix,2200,4,7299,151416
msd_radix_sort_with_quicksort,common_prefix,2200,5,16125,151416
msd_radix_sort_with_quicksort,common_prefix,2200,6,7031,151416
msd_radix_sort_with_quicksort,common_prefix,2200,7,6803,151416
msd_radix_sort_with_quicksort,common_prefix,2200,8,8415,151416
msd_radix_sort_with_quicksort,common_prefix,2200,9,6937,151416
msd_radix_sort_with_quicksort,common_prefix,2200,10,6895,151416
msd_radix_sort_with_quicksort,common_prefix,2300,1,7086,158464
msd_radix_sort_with_quicksort,common_prefix,2300,2,7401,158464
msd_radix_sort_with_quicksort,common_prefix,2300,3,16911,158464
msd_radix_sort_with_quicksort,common_prefix,2300,4,7051,158464
msd_radix_sort_with_quicksort,common_prefix,2300,5,7199,158464
msd_radix_sort_with_quicksort,common_prefix,2300,6,10203,158464
msd_radix_sort_with_quicksort,common_prefix,2300,7,9202,158464
msd_radix_sort_with_quicksort,common_prefix,2300,8,7164,158464
msd_radix_sort_with_quicksort,common_prefix,2300,9,7276,158464
msd_radix_sort_with_quicksort,common_prefix,2300,10,7744,158464
msd_radix_sort_with_quicksort,common_prefix,2400,1,7481,165298
msd_radix_sort_with_quicksort,common_prefix,2400,2,7440,165298
msd_radix_sort_with_quicksort,common_prefix,2400,3,7628,165298
msd_radix_sort_with_quicksort,common_prefix,2400,4,9136,165298
msd_radix_sort_with_quicksort,common_prefix,2400,5,7361,165298
msd_radix_sort_with_quicksort,common_prefix,2400,6,8997,165298
msd_radix_sort_with_quicksort,common_prefix,2400,7,9478,165298
msd_radix_sort_with_quicksort,common_prefix,2400,8,8839,165298
msd_radix_sort_with_quicksort,common_prefix,2400,9,7374,165298
msd_radix_sort_with_quicksort,common_prefix,2400,10,10049,165298
msd_radix_sort_with_quicksort,common_prefix,2500,1,7769,172613
msd_radix_sort_with_quicksort,common_prefix,2500,2,7888,172613
msd_radix_sort_with_quicksort,common_prefix,2500,3,7743,172613
msd_radix_sort_with_quicksort,common_prefix,2500,4,7749,172613
msd_radix_sort_with_quicksort,common_prefix,2500,5,7896,172613
msd_radix_sort_with_quicksort,common_prefix,2500,6,9690,172613
msd_radix_sort_with_quicksort,common_prefix,2500,7,7587,172613
msd_radix_sort_with_quicksort,common_prefix,2500,8,7825,172613
msd_radix_sort_with_quicksort,common_prefix,2500,9,8292,172613
msd_radix_sort_with_quicksort,common_prefix,2500,10,7616,172613
msd_radix_sort_with_quicksort,common_prefix,2600,1,7870,179988
msd_radix_sort_with_quicksort,common_prefix,2600,2,7913,179988
msd_radix_sort_with_quicksort,common_prefix,2600,3,8790,179988
msd_radix_sort_with_quicksort,common_prefix,2600,4,7922,179988
msd_radix_sort_with_quicksort,common_prefix,2600,5,8033,179988
msd_radix_sort_with_quicksort,common_prefix,2600,6,8094,179988
msd_radix_sort_with_quicksort,common_prefix,2600,7,8165,179988
msd_radix_sort_with_quicksort,common_prefix,2600,8,7819,179988
msd_radix_sort_with_quicksort,common_prefix,2600,9,7780,179988
msd_radix_sort_with_quicksort,common_prefix,2600,10,9070,179988
msd_radix_sort_with_quicksort,common_prefix,2700,1,10342,187153
msd_radix_sort_with_quicksort,common_prefix,2700,2,9072,187153
msd_radix_sort_with_quicksort,common_prefix,2700,3,8053,187153
msd_radix_sort_with_quicksort,common_prefix,2700,4,8045,187153
msd_radix_sort_with_quicksort,common_prefix,2700,5,8217,187153
msd_radix_sort_with_quicksort,common_prefix,2700,6,8046,187153
msd_radix_sort_with_quicksort,common_prefix,2700,7,9473,187153
msd_radix_sort_with_quicksort,common_prefix,2700,8,8447,187153
msd_radix_sort_with_quicksort,common_prefix,2700,9,8252,187153
msd_radix_sort_with_quicksort,common_prefix,2700,10,8157,187153
msd_radix_sort_with_quicksort,common_prefix,2800,1,8472,194261
msd_radix_sort_with_quicksort,common_prefix,2800,2,8616,194261
msd_radix_sort_with_quicksort,common_prefix,2800,3,8379,194261
msd_radix_sort_with_quicksort,common_prefix,2800,4,8333,194261
msd_radix_sort_with_quicksort,common_prefix,2800,5,8865,194261
msd_radix_sort_with_quicksort,common_prefix,2800,6,9937,194261
msd_radix_sort_with_quicksort,common_prefix,2800,7,8442,194261
msd_radix_sort_with_quicksort,common_prefix,2800,8,8395,194261
msd_radix_sort_with_quicksort,common_prefix,2800,9,8622,194261
msd_radix_sort_with_quicksort,common_prefix,2800,10,8743,194261
msd_radix_sort_with_quicksort,common_prefix,2900,1,9057,201308
msd_radix_sort_with_quicksort,common_prefix,2900,2,8598,201308
msd_radix_sort_with_quicksort,common_prefix,2900,3,8961,201308
msd_radix_sort_with_quicksort,common_prefix,2900,4,8890,201308
msd_radix_sort_with_quicksort,common_prefix,2900,5,10889,201308
msd_radix_sort_with_quicksort,common_prefix,2900,6,9655,201308
msd_radix_sort_with_quicksort,common_prefix,2900,7,8783,201308
msd_radix_sort_with_quicksort,common_prefix,2900,8,8769,201308
msd_radix_sort_with_quicksort,common_prefix,2900,9,8696,201308
msd_radix_sort_with_quicksort,common_prefix,2900,10,9060,201308
msd_radix_sort_with_quicksort,common_prefix,3000,1,8921,208371
msd_radix_sort_with_quicksort,common_prefix,3000,2,9893,208371
msd_radix_sort_with_quicksort,common_prefix,3000,3,9438,208371
msd_radix_sort_with_quicksort,common_prefix,3000,4,9314,208371
msd_radix_sort_with_quicksort,common_prefix,3000,5,9044,208371
msd_radix_sort_with_quicksort,common_prefix,3000,6,8967,208371
msd_radix_sort_with_quicksort,common_prefix,3000,7,9577,208371
msd_radix_sort_with_quicksort,common_prefix,3000,8,9360,208371
msd_radix_sort_with_quicksort,common_prefix,3000,9,9504,208371
msd_radix_sort_with_quicksort,common_prefix,3000,10,9422,208371
